"",そうか。やはりな。{7f02}しかた。で今しばらく{7f02}この火山に　いるとしよう。{7f0b}{0000},0x0114
"",ほほう！　それはなかなか{7f02}面白そうな町だな我が名{7f12}。{7f02}ふたたび　どこかで会うことを{7f02}楽しみにしているぞ！さらばだ！　しょくん！{7f02}わーっはっはっは！{7f0b}{0000},0x0130
"",か？{0000},0x016E
"",誰かと　口をきくのは{7f02}ずいぶん　ひさしぶりだか？{0000},0x017B
"",オレ許しが出るまで{7f02}ここで　もうしばらく　くさい飯を{7f02}食ってることにします　ひっく！{7f0b}{0000},0x019A
"",おお　その町なら{7f02}知り合いがいから　うまく{7f02}人生をリセットできそうですもうヘマをしよう　気をつけでさらばっ！　ひっく。{7f0b}{0000},0x01BD
"",うぃ～　ひっく……ん！{7f02}夢か幻かあ　トビラがあいてるぞぉ！{7f04}ベホイミン「これあなた方が！{7f02}おでも　オレは罪人……スネに傷もつ　このオレに{7f02}安住の地があるとは。{7f02}ったら　！{0000},0x01F6
