"",おお　そちかそう{7f11}の{7f02}召使いたいくつせぬもうひとつう{7f12}目にかなう{7f02}品物売おらぬのそこだけ不{7f0b}{0000},0x0348
"",うーむわ{7f12}王{7f11}より　か人は多く　さみしくのだれひとり　わし王さまあつかい　んのさみしく不なの{0000},0x038E
"",てやーっとうーっ！地獄の帝王めっ　ゆるさーん{7f02}{0000},0x03CD
"",はっはっはどう？{7f02}不安そうな顔をいるなっもう　だいじょうぶ地獄の帝王し{7f12}すで倒しまぞひと足　遅か{7f11}ざわざ　援に来れすまなあー。はっはっは{0000},0x03EA
"",うーん。商人イマイチだしバーテンてのもなぁー他人の酒　作るだけなあー{7f12}様ふさわしい{7f02}ラクで身入りのいい仕事のなかなか　見つなくてで{7f02}兵士をやるよりゃ　何だ{7f02}ずいぶんマシうん{0000},0x0446
"",よっひっーだよだいぶ　板についてきただろのやつみー{7f02}が本物の兵士だ{7f02}思いこるまさかの{7f02}ガキだだーれ気付いてぜへへっ{0000},0x04AB
"",よーし　異常なーしんおおつぞやの旅人ではか{7f11}こま逃げてきかだもう安心の{7f12}いるかぎり{7f02}町守みせる{0000},0x04FB
"",{7f04}{7f12}「ケッコーケッコークエッ　ケッ　ケッコー！{0000},0x053D
"",{7f04}{7f12}「ぶっ　ぶひぃー{0000},0x055B
"",ウシ何かをかいる{0000},0x0568
"",{7f04}{7f12}「くっちゃ　くっちゃ{0000},0x0573
"",{7f04}{7f12}「ンンブモ～ォオ{0000},0x0582
"",{7f04}{7f12}「ヒンッ　ヒヒーン{0000},0x0591
"",{7f04}{7f12}「バルルッ　ヒッヒーン{0000},0x05A1
"",{7f04}{7f12}「みゃみゃあっ{0000},0x05B1
"",{7f04}{7f12}「にー　ふにー{0000},0x05BD
"",{7f04}{7f12}「くぅ～ん　くぅ～ん{0000},0x05C7
"",んん{7f11}よりいくらか　マシだっけどの土{7f12}さまにまだまだ　つりあわねえべイマイチだなやー{0000},0x05D6
"",おかしいべ。どっこに地獄の帝王いっぺ{7f11}ざわざ　や来たのこまなあーさて{7f12}さまおじけづい帝王のやつ{7f02}逃げ出べか？　わははっ{0000},0x0606
"",うーんあ　どうこるのかしらと{7f02}思けどかしいなあー{7f12}ば　どうおっちょこちょいなのよ{7f0b}{0000},0x064E
"",まあみなっくし　シスター{7f12}いらっしゃ結局　みなの言う通りこへ{7f02}や来てしまいやはり　牢獄のな修道院くしに耐えがたくて自分に正直になるに{7f0b}{0000},0x0681
"",めざめまちが美しい　ヒゲだこそ{7f02}そうそう　人に見せてならのそわけ神父{7f12}の{7f02}ビュリホなヒゲ見たいなら{7f02}１回１０００Ｇえ？ら？{7f0b}{0000},0x06DE
"",どく{7f02}どくのちりょうを{7f02}どくいいなあー　{0000},0x0739
"",うっふっふっふっふ今日もう　１８回どくのちりょうす頃月に一度　できるかできか{7f02}だのにっああ神よ　感謝し神父エッコこれどくのちりょうはげみ{0000},0x0751
"",おや　めずらしい顔を覚？ほらそう　旅の商人{7f12}いやーみなそかなあさっきますっごくレア物の{7f02}うまのふん売ちょうど　売り切れちゃい{0000},0x07AB
"",あれっ　みな！？{7f02}どうすい私はぁ。{7f2d}のお友達それでか。いやーなつかしい{7f11}以来か毎日{7f02}新鮮楽しい{7f02}町人くるくる変わる{0000},0x07F9
"",ふっふっふ　どう{7f11}とくらべすっかり　みちがえたでしょうしだれか　分かり？{7f02}え？だろう？{7f02}わかす！おかしいなー。自分でだいぶ　やせたと思うけどなー{0000},0x084C
"",{7f04}{7f12}「コッ　コッケーーー！コケッ　コケコケコケッ{0000},0x08A0
"",{7f04}{7f12}「ブヒヒヒ　ブッ　ブヒッ{0000},0x08BE
"",{7f04}{7f12}「ブルルッモ　モォーーーー！{0000},0x08CF
"",{7f04}{7f12}「ンモォ～　ブモッ　ウモッ{7f02}ウンモォ～！{0000},0x08E5
"",馬の鼻息あびてしまくさい{0000},0x0900
"",{7f04}{7f12}「ヒヒーンッブハッ{0000},0x0912
"",{7f04}{7f12}「ヒンッヒヒーン！ブッヒヒーン！{0000},0x0924
"",{7f04}{7f12}「ふみぃ～。ふにゃ～ん{0000},0x093C
"",{7f04}{7f12}「{7f04}{7f12}「ニャーン。ゴロゴロゴロ{0000},0x094C
"",{7f04}{7f12}「バウバウバウアオ～ンッ！{0000},0x0966
"",おどりがヘタなところカワイイ　みーほめれるのか　シロウトっぽくいい{7f11}こに来よか～{7f0b}{0000},0x097D
"",どいつこいつカボチャ並みひどい顔まく　頭に来るよああんたよくの{7f12}だねこ町　ちっといい顔いやしよ！まく。ぶつぶつ{0000},0x09B8
"",うーんあっんにちは何ねどう私の住むべき町ではな{7f02}そ気するうーむ。考えちゃうなあ{0000},0x0A03
"",あこわい世界の終わり　どういう？{7f02}み　死んうのかだれか　とか{7f02}伝説の勇者さまとかさぼくより　強い{0000},0x0A3F
"",やれやれ　今日とか{7f02}生きのびたあっ　覚？君と{7f02}あるだろとりあえず今日まで生きよ　ぼく明日はどうか　わけど{0000},0x0A7F
"",各地で流れる　世界の破滅のうわさうわさあやつる者は。おや？{7f11}より　来真実の探求者{7f02}ごきげん　うるわしゅうしの調べでやはり{7f02}世界の破滅７割は確実だと{7f02}思い。ふむ{0000},0x0AC8
"",どう？　旅おかげかわいい{7f12}もっと{7f02}かわいくなと思わ{7f02}より　ぐーんと　かわいくなでしょ？{7f0b}{0000},0x0B2D
"",おっおまえらかだよ{7f02}しかし　参なあー{7f11}来シメと思ら{7f02}と{7f2d}やつま負けちまとほほほま別に行くかなあ{0000},0x0B61
"",おいらよーっとっ{7f02}でたがやしお　だなやーべ。ほれめさだろいんやぁたがやしがいあるなぁオラ　しあわせだべ{0000},0x0BA8
"",つまりませんわみな　神を信じる人々ばかりこれで祈りがいではありませんの！ムカつきわサイアクわ。むむむ{0000},0x0BEB
"",まごきげんシスター{7f12}お忘れ？での事も本当にすてき{7f02}いえ　病い祈りがいありわうふふっ　毎日　と充実いの{0000},0x0C28
"",おそうじそうじ　ランララーン{7f12}た頃とこでの暮らぜんぜん違うのまる夢みたいしあわせおそうじにせいが出ちゃうきれいしょっララランラーン{7f0b}{0000},0x0C6F
"",あみな私の{7f02}商人がんば　だいぶ{7f02}計算うまくなり５×９＝５９！あれれ？　えーと{7f02}ちょっちがかな？{7f0b}{0000},0x0CC8
"",おや　来れたねほらほよっなかなか新鮮いい所だねえー人の出入りが多くあきまとりあえず{7f02}ひっこしくなるまで住むとする{7f0b}{0000},0x0D0D
"",ぼそぼそほしぞらー　ほしぞらー{7f02}ほしガキー　ラララはっま　またヘタクソだ{7f02}言う気でしょうわーん！{0000},0x0D59
"",どうも。もう　歌うのやめた{7f02}つー{0000},0x0D94
"",おや　みなでどうありがとうござい今商売イロハ{7f02}勉強しなおるところ毎日　ソロバンの練習{7f0b}{0000},0x0DB0
"",お世話になり。旅その後かがかダメダメ仲間まる見つなくてはぁ。困なあ{0000},0x0DEE
"",また{7f02}ちゃんるかい？での事も　気に入こなずっと住もいいたま冒険なつかしくなるあるけどやっぱり安全な暮らし一番さ{0000},0x0E24
"",うわっみなっ！？ざわざを訪ねれたすかいいのに。来なくていえでも！いやー　うれしいなあっ{7f12}れまでの人生今日一番しあわせよ！はっはっは{0000},0x0E70
"",じつはね　エンドールの武術大会アタシが出デスピサロ様近く見たかなのでも今ラゴスちゃんの頭いっぱ～いいや～ん　はずかしー！{0000},0x0EC8
"",ハァ～イ聞いて聞いて{7f12}　モテモテなのよっかねぇ　ラゴス言う{7f02}たくーい　ダーリンがねっ{7f02}結婚うふふっんどみに紹介しちゃうわ{7f02}いや～ん　はずかしー！{0000},0x0F14
"",ダメっ見でぇもう化粧　落としちゃのっダメダメよー！{0000},0x0F6C
"",あら～ん　ご・ぶ・さ・た{7f11}以来よねっ{7f12}ちゃんよ～んアタシのスィートダーリンまだ　見つかのグスンで{7f12}きらめのどこかきっと{7f02}アタシの王子さまいるはず{7f02}がんばるわっ{0000},0x0F91
"",ビビアンちゃ～ん愛るよ{0000},0x0FEE
"",やあみなっ私　とうとう運命の人めぐり会えたそれ私といっしょ武術大会に出場人{7f02}だす！まさ運命あ人生すばらしいっ{0000},0x1002
"",みな　ひどい{7f02}　ウソつきモニカ姫より　美しい人いか！？のラゴスちこはぁいとしモニカ姫どうリックかと。とほほ{0000},0x104C
"",イヨーッ　ハッハッむ？　君たちかっしミスター{7f02}にくらべかなーり強くなぞだアリーナ姫の{7f02}アホのな強さにまだまだ{7f02}かなわん。修行あるのみだハッ{0000},0x10A0
"",おかげさまにせ姫のメイ{7f02}にせ神官ワリフト会えいや助かりぞさす本物ひと味ちがうわっはっはっはっは{0000},0x10FD
"",おおおなつかしやございちゃんでブライ様の名かた{7f02}善行はげおりわっはっはっはっは{0000},0x1139
"",やく　にせ姫とにせ神官{7f02}にせじいや３人がそろいこれまた旅に出ガッポリもうけるが{7f02}いえ　でもありません{0000},0x1170
"",あっ　みなし。お会いにせ姫にせじいや探るすなかなかなにせ　われわれいつこう　変装るもす顔を見てわなくま気長に探し{7f0b}{0000},0x11AD
"",あっ　聞いてやっと仲間に会え{7f02}二人とものこれあなたたちのおかげりがとう{0000},0x11FF
"",あっ　またわよでしょうふふっ　にせ者のアリーナ姫{7f02}言ほうわかりやすいかなええ　そうまだ　仲間は見つかのどこるのかしら。心配だわ{0000},0x122D
"",ぐー。すぴーまだまだ{7f02}負けんぞうぐう{0000},0x127B
"",ほっほっほ　ワシ{7f12}若い衆にまじり{7f02}木を切り　家を建てたり{7f02}うーむ　楽しいのう{0000},0x1294
"",おお　旅の者わし。{7f11}の王なにやわしと同じ城を抜け出者たち集お今度たがい城とりかえっこしかと{7f02}話し合ところ{0000},0x12C5
"",{7f12}王う{7f02}屋根の所で眠るの生まれはじめてうーむっ　生きててよかわっはっは{0000},0x1310
"",おお　旅の者わし{7f12}王というのヒミツにないやはや　城の外の暮らし気ままで楽しいのうやみつきなりそう{0000},0x133E
"",すやすや勇者さま{7f02}愛るう{0000},0x1374
"",あ旅人。し勇者さまの未来の妻じつし　勇者さまの顔{7f02}ぜんぜん知らのよだか　どの人それっぽく見えちゃうーんっ　誰なのかしら？{7f0b}{0000},0x1386
"",あら…ん　ご・ぶ・さ・た{7f12}ちゃんよっ。うふ…ん見て見てずいぶんりっぱな{7f02}バニーなきたでしょ？{7f02}うふふっ　ねっ　ねっでまだまだこれ　がんばるきゃ…ん{0000},0x13D2
"",こんばんはー　バニーのちゃーすっ{7f11}出身よ夢世界一のバニーちゃんなるなのっ。見ててねうっふ～んっ。チュッ{0000},0x1427
"",や～んひ・さ・し・ぶ・り{7f12}ちゃんよっ。うふ～ん昼間こう　毎日{7f02}バニー修行るのそれっうっふ～んっいや～んきゃ～んっ{0000},0x1463
"",あ今日も負けちゃみなぼく。まじめに働くつもりつい{7f02}カジノはまっちゃエヘヘでオヤジの言葉通り{7f02}いつか手スリーセブンつかみせ{0000},0x14A8
"",工事はカンペキ{7f02}次の家どこに{0000},0x1500
"",やみなぼくお会い今家を建{7f02}手伝いるいわば　ぼくの夢どんどん大きくみせよ{0000},0x151A
"",あら。めずらしいわよぼ？での今のところ　魔法の実験順調進るわまだ　何も壊しのびのび暮らせるのあなかげりがとう{0000},0x1557
"",バニーやどりこのは見だけはずかしいっやはりの{7f12}ぴちぴちギャルに向いのでしょうかあ神よくしお導き下さい{0000},0x15A3
"",まこんばんはくし。{7f12}{7f11}のシスターの今　神さま祈りささげたところわ神よ　どうか　くしぴちぴちギャルの道へと導きくださいませ{0000},0x15EE
"",まこんにちはくし。{7f12}{7f11}のシスターのに来いいすみなくしシスター　シスターと頼りにぴちぴちギャルになりたい{7f02}だ言い出せなくな{7f02}しまい。ふぅーっ{0000},0x1638
"",君ぼくだよ{7f02}迷子にな{7f12}じつはね　まどこか家出し思る家出さ　一度やら{7f02}やみつきになるよね今度どこに行こうかなっ{0000},0x1691
"",君ぼくだよ{7f02}迷子にな{7f12}家に帰おかあすっごくこられちゃで家出　楽しか君ずっと旅るよ{7f02}楽しそうだなあ。うらやい{7f0b}{0000},0x16D9
"",やみなし{7f11}ほらに来商人仲間の{7f02}ともだち増えて{7f02}楽しくやるこわい妻の家戻らずっとに住もうかな{7f02}ところわっはっは{0000},0x1728
"",やみなし{7f11}ほらおかげさまゴムひも飛ぶに売れてこれやく自分の家１年ぶり帰れっはっは{0000},0x1777
"",ねえねえ{7f12}にさ{7f02}シスターの　にあうと{7f02}思わ！あのカワイイのよねーいちど　着てみたーい{0000},0x17B9
"",人見かけで判断するのよくと思うわでみ皿洗いや　そうじくるのよもうっ！あーあ。こな{7f12}れば{7f02}よかかなー{0000},0x17EA
"",むむっ　君たちかわしこう　夜の間こっそり{7f02}地面をほりかえ　遺跡さがいるんほかの者にヒミツにな{0000},0x1832
"",むむっ　君たちかわしすでおそく{7f02}遺跡調査もうムリあわしの夢がっ！{0000},0x1872
"",美しき{7f12}{7f02}方　わよね見てまわりの女たちのを見る　嫉妬の目ふっふっふ　燃きわ誰と言おうと{7f02}いちばん美しいのし美しき{7f12}よ{0000},0x18A3
"",月の光星のかがやきしの美にかなわてこれまでなら{7f02}誰かかならず言に失礼しちゃうわまくっ美しき{7f12}いるのでみ　気付かのよ{0000},0x18F2
"",美しき{7f12}{7f02}方　わよねの人々　美しさより{7f02}町づくり夢中でしの美気付かのよ美しさサビついちゃら{7f02}どうしょ。はぁー{0000},0x1943
"",月の影ー　水面ゆらしー{7f02}猫の影ー　しっぽがゆれるーラララ{7f11}{7f02}来楽師アバドどう？　しの新曲はまだまだ　若い者には負けませんよ{0000},0x198E
"",楽師{7f12}{7f11}の道のり{7f02}なかなか　苦労しそのかいあし肌に合う新しい歌どんどん思いつくこれみなのおかげありがとう　旅の方{0000},0x19DA
"",　まだうちにかえりませーん{0000},0x1A26
"",うるさいねー　かえるもんもうちょっあそらねえ？？{7f02}ダメわすれ？のひとだもんしらひたくいおもしろいわきょうまちたんけん{0000},0x1A38
"",もっと祈りを！あっ　迷える旅の子羊さあさどうぞぜひ　祈下さい同業者ばっか子羊足り悩み相談でお祈りでで祈下さい{7f0b}{0000},0x1A82
"",たたり！あっ　みなは神父いえね　決めのセリフ考るとこでほお祈りの最後のやつ天罰とか　どうかなあ？{7f0b}{0000},0x1AD6
"",しよよありがとう今のところ父さまに見つかみたいあ自由　すてきね{0000},0x1B19
"",海も近いし{7f02}魚料理がいいなぁ料理人{7f12}　気りよみな{7f02}会わなか　うまさ知るなかでしょういやーりがとうりがとうああっ　しゃべら{7f02}まおなかがすいてしま{0000},0x1B44
"",さあ夜ダンスタイムおどりこの{7f02}美しいダンス見てダンスダンスダダダン　ダンスッ{0000},0x1BA1
"",おどりこ忘れたと言わせわにたくの人集まくるのそ　みおどりを見るわ　気に入っちゃ{0000},0x1BD3
"",あれっ　きみたちか{7f02}会わなかっけぼくは{7f12}覚そうそう　やっと砂漠のバザーの{7f02}仲間たち会えたこれもきみたちおかげだ{7f0b}{0000},0x1C0C
"",こういう　星のきれいな夜バザーみの思い出すねみ　どうるか{7f02}とほほほほ{0000},0x1C51
"",やまたねはぁーっ砂漠のバザーみ探来たけど{7f02}まだ　会えとほほ{0000},0x1C7C
"",はっはっはまたなしだ　剣士だろに来て　体調バッチリピカピカ健康体さうーん　人生すばらしい{0000},0x1CAC
"",あらし{7f12}はぁーしあわせがある{7f02}占い師は言けどキタナイ{7f02}いかがわしい町　もうイヤはぁもと戻ろうかなー{0000},0x1CEC
"",ああなたたちし{7f12}あれに来今　ともハッピーなのこれ占いのおかげうふふっなたたちのかげであるけど{7f0b}{0000},0x1D2E
"",カイル　どこに行しまの！？{7f02}せっかく　記憶もどのにま…まさか　まマカールなにか　されたんたいへわ早く　カイル探さなくちゃ{0000},0x1D71
"",ううっよかカイルの記憶がもど{7f02}本当よかうううっあっなたあのの旅人し泣いところ　見られる恥かしい。でし{7f02}うれしくうっうっう{0000},0x1DB8
"",。くしでお会いわ夫のあの小さなお城より{7f02}はるか暮らしやすいわくし　ずっ住もうかしら？の小さなお城にもう　ウンザリもの{0000},0x1E09
"",。くしでお会いわに来たくし少し　アタマが冷えわ今な夫のメダル道楽許せるかも？　ただし　向こうあやまる気あればの話けど{7f0b}{0000},0x1E55
"",おおぬしかわ{7f02}某国の王{7f12}まく　何と堅苦しい玉座逃れてき兵士見つかしまうとはもしかぬしあの兵士つげ口のか？れほど{7f02}口外するな言おのに{7f0b}{0000},0x1EA6
"",おおぬしかわ{7f02}某国の王{7f12}おぬしのおかげ人生の最期楽しく　むかえられそうぞほっぽきた国の気になるまわしがおら影武者がおるし　何とかなるろ{0000},0x1F06
"",おお　のうわ{7f02}腰痛持ちの{7f12}腰を痛め兵士長をやめわし今にな　再び{7f02}城づとめもどれるとはのうまく　人生というのどう転ぶか　わんもの{7f0b}{0000},0x1F5B
"",おお　のうわ{7f02}腰痛持ちの{7f12}おまえのススメ来てというも腰の調子良くなのうおかげ町の見回りの仕事苦にならんわい{0000},0x1FAF
"",{7f02}まやっかいなになぞやく見つけだ{7f02}王いや　ポルトーさままた姿を消しまわれた一度　見つけたついつい　油断{7f11}　一生の不覚{0000},0x1FF7
"",{7f02}その節助かぞそなおかげ探人物無事　見つけるができた後お城帰くだされば{7f02}すべて解決だがまく　強情なお方{7f0b}{0000},0x2049
"",だ元ブランカ兵士の{7f12}略　元ブラピせっかくの{7f42}来たのだれ私の{7f13}ピ呼仕方　私の今の通り名元ブラピにしといれ私キミの約束だ{0000},0x2096
"",　だなエンドールつい占いをマスターけど{7f02}そ以前に女にモテモテな女　占い好きだなあまく　占いさまさま{7f0b}{0000},0x20F4
"",　だなエンドール占いのチカラ思い知{7f02}今度自分で占える勉強るあれ？{7f02}で自分で自分占うの{7f02}当たらっけか？{7f0b}{0000},0x2141
"",　だなエンドールに来てみた金は拾うし{7f02}女にゃもし　本当ハッピー　ラッキー　ゴーゴーたぜ占い　大モンだ{7f02}　はまっちゃいそうだよ{0000},0x218D
"",んあ？んたかわものぐさ者の{7f12}夜になけど　寝るの面倒だ　起きまどう眠くなら{7f02}そこら辺転がおくさ{0000},0x21DF
"",んあ？んたかわものぐさ者の{7f12}わしでけっこう{7f02}住みやすいけどそれでメシを食わなきゃ{7f02}ねえの面倒くさいよか　近ごろ息をするの面倒くさく思きた{7f0b}{0000},0x2221
"",おぬあのの出{7f02}引退戦士のうぬぬ。入くる魔物こらしめるはず逆こ所追いつめられるとはやはり　引退戦士でこものかと情け{7f0b}{0000},0x2279
"",おぬあのの出{7f02}引退戦士の々らしめてや魔物おぬしの名クチにするのどういうなのだろうかもしや　魔物ども導いるのおぬしなのか？{7f02}いや　まさか{7f0b}{0000},0x22D4
"",おぬあのの出{7f02}引退戦士の思通りに々{7f02}魔物入りこくるだな～安心しろそヤツら戦士{7f12}片っ端らしめてやる{7f0b}{0000},0x232E
"",まんずだべさオラよおとうとう　苦労が実土さ　オラの理想の土育だあこれやっ野菜作りを{7f02}と思周り畑だらけ土育て間先こされただ{0000},0x2383
"",まんずだべさオラの土今までン中あ{7f02}一番いいものだどオラが求める{7f02}最高の土にほど遠い仕方ねえ　オラ土育にとりあえず{7f02}今コヤシをまきまく{0000},0x23DF
"",あこんばんはあ朝ねぼうの{7f12}朝早いのわかるけど{7f02}ついつい毎日　夜ふかししちゃうのよねえもしか朝弱いののせい？{7f0b}{0000},0x2440
"",あこんにちはあ朝ねぼうの{7f12}だかで朝ねぼう{7f02}しずらくなっちゃわみ　間にきびしいものあふうねむう～{0000},0x2483
"",あこんばんはあ朝ねぼうの{7f12}どうせ　朝はゆっくりだ{7f02}夜ふかしするにわうふふっ　今夜は何かな？{7f0b}{0000},0x24C1
"",あこんにちはあ朝ねぼうの{7f12}あな言た通りなら{7f02}朝寝しほうだい{7f02}他人の目気にしなけりゃだけど{0000},0x24FA
"",{7f12}{7f02}勇者どののためなら{0000},0x2532
"",これお会い神父あのもしか　{7f02}教会を建ためアタマ数とこ呼ばれでしょうかいや　そバカ{7f02}勇者どののなさる　きっと{7f02}深い理由あるのよね？{7f0b}{0000},0x2545
"",{7f12}{7f02}勇者どののためなら{0000},0x25A0
"",これお会い神父来たの意味に計り知れませんきっと{7f02}深い理由あるのでしょう勇者どの役に立ると思うとこでの暮らしに自然と{7f02}ハリというものが出てき{7f0b}{0000},0x25B2
"",　苦しいの？たいの？{7f02}ウフフ。かわいそうに{0000},0x2611
"",あしシスター{7f12}すっかり　人の出入りへっちゃ　最近　呪いや　毒やられ人少のし　だか　欲求不だわ{0000},0x262C
"",　苦しいの？たいの？{7f02}ウフフ。かわいそうに{0000},0x2671
"",あしシスター{7f12}　人の出入りが多い{7f02}来るけっこう　呪いや　毒やられ人多いのみ　苦しそうなカオし助けを求めるのああっ　快感だわっ{0000},0x268D
"",お会い神父せっかくびえる仔羊たち救うべくまで来にどうの人々あまり{7f02}地獄の帝王おそれてません{7f02}だか　悲しくなしまい{0000},0x26E4
"",やキミかボクいろいろ　苦労もしつい店をおこす資金たまり{7f02}いやたいへ店を持つ軽く考昔の自分今で恥かしいさ開店に向けがんばるぞ～{0000},0x2733
"",ううん？　だ　キミかボク{7f02}大商人の息子昼間　なれ　力仕事か{7f02}　もう　クタクタどうか　眠らせださい{0000},0x2792
"",やキミかボク{7f02}大商人の息子ボクの店を開こうのそのための資金ぜんぜん{7f02}足りとりあえず　はたらいお金ためるしかすが{7f02}はめんどうくさいなあ{0000},0x27D0
"",リバーサイド{7f12}という者ううう私ういう　暗くせまい所　苦手だか　息がつまりそうではあ～　目が回る～{0000},0x2827
"",ううっ…暗いのいやだせまいのいやだだ　だれか　助けてうううっ{0000},0x2866
"",{7f12}といいか　リバーサイドという村はずがどこか　暗い所だれかへ来る言われた気するそれ気づいつの間にか着いててわれなが不可解な現象{0000},0x2888
"",その節お世話になりお会い私あれ以来　がんば{7f02}つい店を持なりこれあのなたに出会い{7f02}努力の大切さ学おかげ本当ありがとうござい{0000},0x28E7
"",トルネコあの姿勢見習え言かす　がんばみ{0000},0x293F
"",その節お世話になりお会いあの　どう　トルネコ私に来させか{7f02}やく　わかり町を大きくし努力る{7f02}{7f2d}を見てた私やらなくちゃ　思え{0000},0x2961
"",やあなた命の恩人お会い{7f02}ダンゴ屋の地獄の帝王ダンゴ売れ引き続き　伝説の勇者ダンゴ売り出のがこれさっぱり　売れませんまくれ伝説の勇者ふがいのいけ～{0000},0x29B9
"",やあなた命の恩人お会い{7f02}ダンゴ屋の地獄の帝王ダンゴ売れ次の商品企画中う～ん。天空のお城ダンゴと{7f02}伝説の勇者ダンゴどっち売れかねえ？{7f0b}{0000},0x2A20
"",やあなた命の恩人お会い{7f02}ダンゴ屋の思とおりに来たら{7f02}地獄の帝王ダンゴみごと{7f02}ブレイクしよ世界の危機だ　ダンゴに{7f02}食しまう。人間　それくらいの{7f02}余裕ほしいもす{7f0b}{0000},0x2A7D
"",あっす暗くなっ田舎に残き父っちゃと母っちゃの{7f02}思い出しちまう今ごろ　元気でいっかなあ？{7f02}カゼか　ひいてねえと{7f02}ええけどなあ{0000},0x2AE3
"",あっすすみたいな　田舎モンこ　はなやかな{7f02}住る夢みたいうこれみめえさまのおかげ{0000},0x2B31
"",あっす暗くなっ田舎に残き父っちゃと母っちゃの{7f02}思い出しちまう今ごろ　元気でいっかなあ？{7f02}カゼか　ひいてねえと{7f02}ええけどなあ{0000},0x2B6F
"",あっすおめえさまのおかげ無事{7f02}仕事ありつけた感謝　感謝{0000},0x2BBD
"",や神父私がんばきたおかげ見ての通りの{7f02}立派な大教会なりこれ私真の神父だと{7f02}証明されたなもの{7f02}フワッハッハッハ{0000},0x2BE9
"",ややっ　やく来か神父さどう　私の神父ぶりは？{7f02}どこ見て非の打ち所{7f02}見事な神父でしょうおまけ名前が{7f12}まさパーフェクト神父よ{0000},0x2C3B
"",よおんたか{7f11}{7f02}ひき昼間忘れて夜になると{7f02}地獄の帝王復活のウワサ思い出　不安になる　どうう　怖がりだろうれなが情け{7f0b}{0000},0x2C8C
"",よおんたか{7f11}{7f02}ひき活気があるおかげ地獄の帝王復活のウワサ忘れられるに逃げてきよか{7f0b}{0000},0x2CE1
"",あ　ガーデンブルグ踊り子の{7f12}まく　なによはあいい男をゲットし国を出てきたのにこれ　ガーデンブルグるのと{7f02}変わいチクショウだまされた～{0000},0x2D23
"",あら？たくし何か　ご用の？{7f02}…んあのの人んだ　ナンパかと思わあガーデンブルグケイ声作　損しちゃでなかなかヒット{7f02}町の代表{7f2d}人かの好みだわ～{0000},0x2D7C
"",だよ？　人が寝のにあれ？　キミかあボクアネイルで骨休め{7f02}詩人のボク夜しっかり{7f02}寝るにるどうか　ほっといれよ～{0000},0x2DE1
"",おやなまた{7f02}ボクアネイルで骨休め{7f02}詩人のあそこで覚えリバストの歌だけど{7f02}どうであまり{7f02}評判よくみたいボクいい歌だと思うけど…{7f02}特戦死リバスト～　のトコ秀逸がなあ{0000},0x2E29
"",コナンべリー来船大工の{7f12}さとーぜん　忘れちゃいねえよな大きくな{7f02}大工の仕事へっちまそろそろ　もとの船大工もどろうかと思るいや　金もたまし　自分の船造るのいいかも{7f0b}{0000},0x2E9A
"",コナンベリー来船大工の{7f12}さとーぜん　忘れちゃいねえよな昼間いそがしく忘れけど{7f02}夜になる船大工代の無性なつかしくなるぜあ～やっぱり{7f02}根っの港育ちだ{7f0b}{0000},0x2F01
"",コナンべリー来船大工の{7f12}さとーぜん　忘れちゃいねえよなの読み通り{7f02}大工不足るみたいだ{7f02}いそがしくしょうがねえぜまっかげのふところホクホクだけど{7f0b}{0000},0x2F62
"",旅の方{7f02}シスター布教活動のかいあ　ついな大教会できわ神の教えを広める　わが使命果たされ。神の導きのまま地に来本当によか{0000},0x2FC1
"",旅の方{7f02}シスター神の教えを広めるの夜も昼関係ありませんわあし　今　充実い{0000},0x3016
"",旅の方{7f02}シスターし　今布教活動つとめの聖職者との{7f02}充実間すごいわ{0000},0x304E
"",よおこカタい町{7f02}超カゲキなエッチ本売れやしねえと思うだろうこれけっこう　売れるよ{7f02}どこ　男やつはな{0000},0x308E
"",よおにの商売への{7f02}締めつけが　バッチリ{7f02}もうけさせてもらるぜなあんたも買うかい？{7f02}があつかうの超カゲキな{7f02}エッチ本を{7f0b}{0000},0x30DA
"",グゴゴゴ師匠～{7f02}いつになに剣教んスか～…グゴゴゴ{0000},0x3128
"",{7f12}こう見ウーハン師匠の{7f02}一番弟子さ師匠ば　すげえマッチョボディの{7f02}持ち主だぜありゃ毎日のハードな{7f02}トレーニングのたまものだ{7f02}こがれちまうぜ{0000},0x314C
"",グゴゴゴ師匠～{7f02}いつになに剣教んスか～…グゴゴゴ{0000},0x31A5
"",{7f12}こう見ウーハン師匠の{7f02}一番弟子さうちの師匠すごいぜ～せばれうしどり一撃のもと倒す話だいや～　ぜひ{7f02}師匠の勇姿見てみたいも{7f0b}{0000},0x31C8
"",おおんだ{7f02}に来たおかげ生まれ変われた弟子の手前　毎日トレーニングつづけてた今　すっかり{7f02}たくくなぜもう　貧弱なボウヤだ誰に呼ばせぜ{0000},0x3220
"",おおんだ{7f02}に来たおかげ生まれ変われたみ　のすごウデの{7f02}戦士かんちがいる今　弟子まいるぜ{0000},0x327F
"",ししあわせの青い花探いるねえ　ついしあわせの青い花見つかのよこれ後５０年若さをたもわウフフ。あなしのトシ１００才以上だ言信じる？{7f02}ウフフ。や～ね　冗談{7f0b}{0000},0x32C5
"",ししあわせの青い花探いるえっ？　どう　その花探いるのかウフフ。それ言えわでそのワケを知ら{7f02}きっあなおどろくでしょう{7f0b}{0000},0x3331
"",ししあわせの青い花探いるにしあわせの青い花見つなかわでもう少し　探みるね言い伝えだしあわせの青い花こういう　活気にあふれた所咲くはずもの{0000},0x337F
"",人間の旅人よ　{7f02}ホビット族の賢者{7f12}どのに変化とげゆくのか　気になおな姿となるとはなさすがわし結果予想できんか。人間と可能性にち存在のう{0000},0x33D7
"",人間の旅人よ　{7f02}ホビット族の賢者{7f12}わ世界中人間見てきたその中でとりわけ　変わ町多様な人々の手町作られくさまわしはじめて見るもの{7f0b}{0000},0x343D
"",おっんたか{7f02}{7f2d}のダチの{7f12}さ　つい{7f2d}てきたアイツ　の{7f02}笑　許ただか　　やく{7f02}前に進める気がするこれあんおかげありがとな{0000},0x34A0
"",おっんたか{7f02}{7f2d}のダチの{7f12}さ{7f2d}のやつ　しばらく見うちえらくなっちまなあか　昔のアイツとは別人みたいそれ会いに行きにくい{7f02}理由のひとつんけけど{7f0b}{0000},0x34F2
"",おっんたか{7f02}{7f2d}のダチの{7f12}さあんたたちの言通り{7f02}{7f2d}でイザとなる会いに行く{7f02}勇気がわか。アイツ{7f02}恨るんかな？{7f0b}{0000},0x354D
"",わ天才ツボ職人そういえば　例の封魔のツボわが一族の秘宝と{7f02}大切守いくにわしにツボいつかが子孫救る思ならんの{0000},0x3596
"",あなたあのの不幸な人くシスターあなた導いれそのおかげくし高位のシスターになれあなた幸福になれでしょうか？{7f02}それだけ気になり{0000},0x35EA
"",あなたあのの不幸な人くシスターく人々神の教えを説いそれなり充実いがあなたあれ　少しで幸福になれでしょうか？{7f02}とて気になり{0000},0x3644
"",おおぬしかどうやら{7f02}また見つかしもうたのわ仙人の{7f12}それに他の者だれ気づかんのおぬしにわしの姿見えるのかのう？{7f0b}{0000},0x369A
"",デへへのへ。私でお会いよ～いや～こいい町な～私みたいな　クチ下手で商売できるす～ええっ　飲みすぎぇ？{7f02}アハハのハ。何言るすか～ちょい引っかけただけよ～{0000},0x36E0
"",私でお会い。クチ下手相変わらずだけど{7f02}商売のほうとかなこれあなおかげ感謝{0000},0x3744
"",おおっ{7f02}新米神父のな場所で酒を飲{7f02}誰も話を聞いれ　ウサ晴らすわけにもいかしまく　ストレスばかりたましまいはつらいなあ{0000},0x377C
"",おおっ{7f02}新米神父のこ　立派な所説教できるのうれしいすまわりの人立派な神父や　シスターばかりで結局　だれ私の説教聞いれ～{0000},0x37D0
"",ヒック{7f02}新米神父のう～　だれひとり　私の説教聞か罰当たりな所でしょうみ～　私の話聞けえ～っ！うぷっ　気持ち悪い{0000},0x3824
"",おおっ{7f02}新米神父のせっかく　説教ができる場あたえられの人ロクに人の話聞いれませんやはり　私みたいな新米に人をひきつける話術というもの不足るしょうか？{7f0b}{0000},0x3874
"",わじい大きくなもん{7f02}エンドールといい　どうやら都会に縁があるま隠隠しきれぬしのハイセンスさ都会引き寄せられるのろう{7f0b}{0000},0x38D2
"",わじい活気があいのういずれ　エンドールにも劣らぬ{7f02}大きな町となるろう店を売金まだあるしし隠居などせずひとつ{7f02}商売にで乗りだそうかの{0000},0x3926
"",よおオイラ来{7f12}それにオイラみたいなのこ立派なお城に住いいのかねえま　誰出てけとは言わねえ{7f02}エンリョなくのまま{7f02}住まわせてもらうけど{7f0b}{0000},0x397B
"",よおオイラ来{7f12}星空屋根に　くらすの悪いなあそれに気がつだけでオイラに来よか{7f0b}{0000},0x39CF
"",よおオイラ来{7f12}さっそく　部屋借りとけど　そういえば{7f02}オイラ　金持なかよま仕方　野宿{7f02}くらすにオイラ{7f02}何しに来たろなあ？{7f0b}{0000},0x3A0C
"",ま…まさか　カイルにかけ記憶封じの魔法解けるて{7f12}の魔法けっ{7f02}ちょっと　ショックか解けるものこれ愛のチカラなのか？{7f02}うう　私に理解でき愛など　ただの幻想ではかっ{0000},0x3A65
"",ボクたいへになりクレア姿を消すもしやのマカール連れ去とかたいへ一刻も早く　クレア助け出さなくちゃ{0000},0x3ACD
"",ボク。ついボク記憶とりもどしよマカール男クレア連れ去られかけ助けたら{7f02}ヤツ魔法をかけてきてそのショックボクが何者なのか{7f02}なぜ　記憶を失のか{7f02}すべ思い出すマカールのやつ　クレアに恋{7f02}ジャマ者であるボクの記憶魔法消そうとすでヤツの企み破れたこれクレアけっ{7f02}はなれにし記憶を消され別れ別れな間の分まで{0000},0x3B18
"",オラ{7f02}ホビットのナンパ師だべさオラ　今日どうやら{7f02}調子悪いみたいだぁオラ必殺イモほりナンパ通じまる悪い夢で見だべ{0000},0x3BE6
"",くしお会い　シスターわずっ悩まいりくしよいよ　決意しわあの方{7f2d}さま想い告白するをどうか　うまくいく祈いださい{7f0b}{0000},0x3C35
"",くしお会い　シスターわ殿方の求婚さけ地へ　来たというのにくし　どうすればいいすの今度くしの方あの殿方{7f2d}さま好きになしまうて{0000},0x3C86
"",おおんたか。だ{7f02}{7f12}さまく　ウドンゲの野郎　ざん{7f02}負かやがさすがプロのギャンブラーだいいつの親父いくら{7f02}カード惨敗{7f02}息子泣きつくなよ{7f0b}{0000},0x3CD8
"",おおんたか。だ{7f02}{7f12}さはいい{7f02}まさ追っ手　かるにうつけの場所{7f0b}{0000},0x3D3B
"",クゥ～ン{0000},0x3D66
"",ワオ～ンバウワウ　ワワン　ワン{0000},0x3D6E
"",{7f04}{7f12}「ニィ～ニィ～{0000},0x3D82
"",{7f04}{7f12}「ナゴーウ　ナゴーウ{0000},0x3D8F
"",ズゴゴゴは{7f02}どえらいやらかすぜぇズゴゴゴ{0000},0x3D9F
"",よお　{7f12}さまに来れば　がやるべき{7f02}どえらい見つかると{7f02}思がどうや約束の地{7f02}なからしい{7f02}と　間のムダだぜ{0000},0x3DBE
"",あっ　キミメダルの王さま人か{7f02}冒険者せっかく　メダル王の城の場所聞のどういうワケかついちゃああっ　自分の方向オンチがにくい{0000},0x3E06
"",ンゴゴゴはい　まいどあり～…{0000},0x3E59
"",あゃあんおかげ仕事にありつけた{7f02}今充実毎日送る{7f0b}{0000},0x3E6D
"",ホローブ王国へ　よくぞ　まいわれ{7f02}ホローブ王族の末えい見まさ地わが王国の首都ふさわしい姿生まれ変わぞなに？　それで{7f42}だと言うのか？{7f02}ええい　ガンコなやつめっ{0000},0x3E95
"",ホローブ王国へ　よくぞ　まいわれ{7f02}ホローブ王族の末えいなに？こ{7f42}と？{7f02}ま今はまだ　そうしかしずれわが王国の首都なるべき運命なの今{7f02}ホローブと呼かまわぬろ？{7f0b}{0000},0x3EF8
"",やで～す。ウ～ヒックいやは楽しい{7f02}楽しすぎついつい酒進んうもヒック{0000},0x3F5F
"",や結局　しに自分の店とて持てそうにきらめ今ためたお金酒代つかいつぶす毎日これはこれ気楽なモン{0000},0x3F96
"",やで～す。ウ～ヒックいやは楽しい{7f02}楽しすぎついつい酒進んうもヒック{0000},0x3FE2
"",やまだ　自分の店持てませんとか　や今　資金と金をコツコツ{7f02}ためつい　飲み代使っちゃうすけど{7f0b}{0000},0x401A
"",おひさ～あ{7f12}一度引退を決意けどの活気見てたまバニー魂もえあがっちゃうう。で夜になると{7f02}さすが寒いわ{7f02}冷え性の身につらいわ{0000},0x4061
"",おひさ～あ{7f12}一度引退を決意けどの活気見てたまバニー魂もえあがっちゃどう？まだまだ{7f02}捨てたもんでしょ？{7f0b}{0000},0x40B5
"",たく会い　シスター神の御心のままの発展チカラを貸きそれそろそろ　終わりの今次なる　神託を待{7f02}日々を送る　毎日わ{0000},0x4100
"",たく会い　シスター神のみちびきによりの地へ{7f02}来神の御心のまま町作り手助けいのあくし　けいけ神の信徒なのかしら{0000},0x4154
"",あ船乗りを目指る船乗りになるなお酒くらい{7f02}飲めなきゃ思{7f02}飲みたすけどだか　目の前ぐるぐる{7f02}ぱよぱよ～{0000},0x41A3
"",あ船乗りを目指る船乗りが集まる町っぽく{7f02}なりよあ～これ後港があれば　文句けどな～やっぱり　それはムリかねぇ？{7f0b}{0000},0x41E7
"",あ船乗りを目指る船乗りになるなお酒くらい{7f02}飲めなきゃ思{7f02}飲みたすけどだか　目の前ぐるぐる{7f02}ぱよぱよ～{0000},0x4236
"",あ船乗りを目指る{7f4b}のおかげだれはばかるなく{7f02}船乗りの修行専念できただこ　近くに海ねあ　船乗りになれるのかなあ？{7f0b}{0000},0x427A
"",　コニーばっかり　かズルいよぉ{0000},0x42C9
"",お姉ちゃんボクまコニーどこか行っちゃ今度コニーが鬼なの自分ばっかり　かズルいよぉ{0000},0x42E1
"",お兄ちゃんボクまコニーどこか行っちゃ今度コニーが鬼なの自分ばっかり　かズルいよぉ{0000},0x431C
"",　わ～い　見つけたぞ今度ボクがかる{0000},0x4358
"",お姉ちゃんボクコニーを見つけたお姉ちゃんのおかげりがとね{0000},0x4373
"",お兄ちゃんボクコニーを見つけたお兄ちゃんのおかげりがとね{0000},0x439D
"",　見つかっちゃよ～。{0000},0x43C8
"",あっ　しよ見つかりっこと思とうとう　見つかっちゃもしか　しの{7f02}サムに教えた？{7f02}そズルいよお{0000},0x43D8
"",　見つかいも～ん。{0000},0x4416
"",あっ　しよまだ　かんぼるけどこかてれば　ぜい{7f02}見つかりっこよね{0000},0x4426
"",おお　わし　わしどう夜になると{7f02}昔の村長代のばかり思い出されいかんのうあのころよか村の金使い放題だし{7f02}いばりちらせ…なつかしいのう{0000},0x4453
"",おお　わし　わし活気があいいのうこういう所るわしま昔の野望再燃くるわいいずれあの{7f2d}とかいう{7f02}小僧けおと　町の代表に{7f02}ぬふふふ{0000},0x44A3
"",すやすやカイルきっ思い出させあげるわ{0000},0x44F9
"",あっなたあのの旅人しカイルを見つけたすどういうわけか　彼しの{7f02}覚言うやっ見つけにこのんまりだわ{0000},0x4512
"",わ{7f12}ばあほれお会いしろで暮らしは楽しいのう今　すっかり　夜ふかしするのクセになしまいわい{0000},0x455C
"",わ{7f12}ばあほれお会いしろ宿屋をたた　後おむかえ来るの待つだけと思こに来がそれまちがいでなあ今こでの暮らしすっかり{7f02}エンジョイおりの{0000},0x4597
"",う…う～ん　クレ…アボクはボクはハッ今　なつかしい夢見たなでおかしい{7f02}記憶がのどう{7f02}なつかしいて思ろう？{7f0b}{0000},0x45F3
"",やあなたはボク{7f02}記憶そう失の間　ボクの恋人だ人現われたでボクどう思い出せなくて彼女　キズついてなきゃ{7f02}いいけどな{0000},0x4639
"",う…う～ん　クレ…アボクはボクはハッ今　なつかしい夢見たなでおかしい{7f02}記憶がのどう{7f02}なつかしいて思ろう？{7f0b}{0000},0x4685
"",やあなたはボク{7f02}記憶そう失の相変わらず　記憶はもどりませんの暮らしに足住人み　よそ者だ{7f02}変なせんさくされの気楽でいいよ{7f0b}{0000},0x46CB
"",やこれこれは店も持つができ大商人と呼ばれるの遠くと思いが世の中にこにライバルいっぱいるす負けにしなくちゃ{0000},0x471C
"",やこれこれはじつは今　商売のアイデアね夜も休まず　開い店便利いいと思いませんか？れアイデア勝負よ{0000},0x476F
"",やこれこれはおかげさま店も持て大商人と呼ばれるのそう遠い話と思い{7f0b}{0000},0x47B9
"",やあんたか。は{7f12}親のカタキを探す　ギャンブラーさカタキのフボークの野郎{7f02}どうや逃げ出しちまみたいだせっかくいいカモいなくなっちま{7f0b}{0000},0x47EB
"",やあんたか。は{7f12}親のカタキを探す　ギャンブラーさを教もらおかげついカタキのフボークを見つけカードで負かやこれ親父も足ろう{7f02}えっ　親父かい？今でピンピンる{7f0b}{0000},0x483B
"",くしわだか最近{7f02}シゲキ感じられなくなりのだ　まわりの人み上品ものあた・い・く・つわ{0000},0x48A3
"",くしわ夜になるいよいよ{7f02}スリルにちあふれのああっ　ス・テ・キ{0000},0x48E0
"",くしわ思とおり{7f02}シゲキにちあふれてわどんどん　人が入れかわ{7f02}町の様子変わいくあステキなのかしら{0000},0x4909
"",これはどうも。おいでかフフフ。見ださい今や私の望み通り{7f02}大農園なりただ　残念なの私の農園の{7f02}オーナー{7f02}はガックシ{0000},0x494B
"",これはどうも。おいでか世界の食料手ににぎるため{7f02}大農場作りたいのが{7f02}なかなか　遠い道のり{7f0b}{0000},0x499F
"",うーんごめさいなた{7f12}何もません向こう　さそき{7f02}だうーんうーん{0000},0x49DA
"",{7f11}出身のといいこれだけ　女性が多いとと同じ　浮気がバレ家追い出された方中にはいそういう方たち体験談語り合うの楽しく{7f02}たまりませんわ{0000},0x4A06
"",うーんごめさいなた{7f12}何もません向こう　さそき{7f02}だうーんうーん{0000},0x4A58
"",{7f11}出身のといいへ来て　３回プロポーズされてしまの私　ほんとはバツイチなのに{0000},0x4A84
"",うーん　うーん　{7f12}本当は王妃か{7f02}のようーん　はっ今　命をちぢめるな{7f02}とも寝言言な{7f02}気がするわ。気をつけと{0000},0x4AB5
"",{7f11}{7f02}やきとある王国の{7f02}王妃であるあっ　別に私身分の高い{7f02}女性だ　そかしこまらよく{7f0b}{0000},0x4AFA
"",ぐー　ぐー　ぐー{0000},0x4B32
"",わしの名{7f12}ほんと歴史の長い　とある国の{7f02}りっぱな国王城みたい我が城とき思い出すわいもちろん　我が城かと{7f02}くらべ物にならんくらい　立派ぞ{0000},0x4B3A
"",わしの名{7f12}ほんと歴史の長い　とある国の{7f02}りっぱな国王その王たる　わしこところ寝るになると無常わい{0000},0x4B90
"",そな{7f02}いちど　わしとておる{7f02}ほれでわしある国の{7f02}王だというしょに{7f02}暮らおるのそなたわしが王だというみなしょに{7f0b}{0000},0x4BCC
"",けいび担当いるいつ　どき　魔物入くるか　わん{7f02}夜気を抜け{0000},0x4C17
"",兵{7f11}　来た今町けいびを担当いる{0000},0x4C46
"",ぐがー　ぐが－　ぐが－{7f12}{0000},0x4C64
"",{7f11}出身の。まさか城みたいなっちまうとはこれだけ　がんじょう町なら{7f02}地獄の帝王攻めてきてさけて通るだろう{7f0b}{0000},0x4C78
"",ぐがー　ぐが－　ぐが－{7f12}{0000},0x4CB9
"",{7f11}出身のいい町だぜあんた引っ越きな{7f0b}{0000},0x4CCE
"",ぐうぐう人間といっしょ暮らか　ぐうぐう{0000},0x4CEA
"",あっこを教旅の人だ{7f02}ぼくだよ　ホビットの人間と暮らすの夢だけど{7f02}人間以外の種族暮らすのなかなかいも{7f0b}{0000},0x4D02
"",わ{7f02}旅の人だーるの人間しんせつだ{7f02}ホビットぼくにいろいろと{7f02}世話をやいれる{0000},0x4D47
"",以前地でいちばんの{7f02}野菜作りの名人だのオラでは苦戦中だべライバル出しぬくために夜だ　眠れねえべ{7f0b}{0000},0x4D7C
"",以前地でいちばんの{7f02}野菜作りの名人だのオラでは苦戦中だべライバルの農夫いる{7f02}いちばんになるのなかなか{7f02}むずかしいっぺ{7f0b}{0000},0x4DBB
"",町いちばん野菜づくりの名人とオラのだべちなみ{7f11}出身{7f0b}{0000},0x4E02
"",朝晩まはたらあと身体を休める気持ちええべ{0000},0x4E25
"",オラ土地たがやすのしゅみ{7f11}{7f02}引っ越き農夫べに農夫仲間たくいオラにとまさに天国だベ{0000},0x4E42
"",ぐがー　ぐがー　ぐがー{0000},0x4E80
"",オラ土地たがやすのしゅみ{7f11}{7f02}引っ越き農夫べ毎日　クワをも　土地たがやせる　しあわせだー{7f0b}{0000},0x4E8B
"",{7f12}といい{7f11}出身の{7f02}シスターわに私以外にたよりになる{7f02}聖職者たくいる{7f02}安心　休むができ{0000},0x4EC6
"",{7f12}といい{7f11}出身の{7f02}シスターわ世界一　信仰心の強いに住めしあわせ{0000},0x4EFF
"",{7f12}といい{7f11}出身の{7f02}シスターわ布教活動のかいあ　人々の{7f02}信仰心私が来る前くらべれば{7f02}だいぶ強くなり{0000},0x4F2A
"",旅の神父あなたと会いし見てのとおりこは聖職者ひじょうに多い町地獄の帝王怖れパニックにな人々どれだけ{7f02}来と助けてあげられ{0000},0x4F64
"",旅の神父あなたと会いしあな教日々　地獄の帝王恐れるあまり{7f02}やけになる人々さとい{0000},0x4FB7
"",おお教くださ方よ　神父の最初　顔見知りさえなければ{7f02}地獄の帝王怖が恥ずかしくと思しかしれほど　聖職者が多いと{7f02}さすがミエをはしま{7f02}すなおに帝王怖がれません{7f0b}{0000},0x4FF2
"",おお教くださ方よ　神父のに顔見知りがいの私ぞんぶんに地獄の帝王怖がるができうおっえー地獄の帝王えーよ{0000},0x505C
"",おうおう　だよ{7f02}在庫をかか　困た商人けどこで知り合商人うまい　在庫の処分のしかた教もら　大助かりさ{0000},0x50A8
"",おうおう　だよ{7f02}在庫をかか　困た商人あんたに教もら在庫飛ぶに売れとりあえず　ひと安心さ{0000},0x50EB
"",うーん　うーんうわーんっちに来る{7f02}地獄の帝王めうーん{0000},0x512B
"",おお　か教た方ぼ？地獄の帝王おそれるあまり{7f02}自分の店たたみちっと後悔ませんだに来て{7f02}帝王の恐怖忘れるできたすっ{0000},0x5149
"",{7f11}{7f02}やき商人の最近　商人ふえた{7f02}ウワサが広がり　遠くの方客がや来るになりま商売がたき多い{7f02}単純に売り上げ倍になる{7f02}なーんてすが{7f0b}{0000},0x51A3
"",{7f11}{7f02}やき商人のに来て　商品が売れまくり今ちょうど売るものどうしか　考ところ{0000},0x51FE
"",{7f11}{7f02}やき商人のたとえ　地獄の帝王が来た{7f02}決商売やめたりしません{7f02}それ商人も{7f0b}{0000},0x5234
"",オラ。っか？{7f02}ほ{7f02}でねえか最初人間と暮らく引っ越きたけど　人間以外におもしろい種族いる{7f0b}{0000},0x5268
"",オラホビットの{7f12}人間での生活シゲキ的毎日　しんせっぺ{7f0b}{0000},0x52A6
"",オラ。っか？{7f02}ほ{7f02}でねえかお前教わオラ楽しくやるっぺみ前のおかげだべ{0000},0x52CD
"",うううイヤ　父上あもしろい顔を　女性と{7f02}結婚くうーん{0000},0x5303
"",いるとも{7f02}旅の人たちだろ妻見つけるつもりへ{7f02}来たいまだふさわしい女性見つは{7f12}おめがねかなう女性あらわれるのか{0000},0x5328
"",よお　ライアンかるか？なくな{7f02}子供を探戦士のところお前　今城はなれそうだけど{7f02}いい　何をやいなに！？の地獄の帝王たおしくの任務だどっひゃー　そりゃ　すごい{0000},0x5371
"",バトランド出身の戦士。あなたとかあっ　そうそう　ライアン{7f12}元気でやると{7f02}よろしく　言っといださい{0000},0x53D5
"",{7f04}{7f12}「クェッ　クェッ　クェッコケー　コッコッコッコ{0000},0x5413
"",{7f04}{7f12}「フゴー　フゴー　フゴー{0000},0x5432
"",{7f04}{7f12}「ブヒブヒ　ブヒヒーンブヒッ　ブヒッ　ブヒヒヒ{0000},0x5444
"",{7f11}{7f02}やき神父のにつど　聖職者すぐれた方たちばかり私そ彼らおとらぬ　がんばおり{0000},0x5463
"",{7f11}{7f02}やき神父の地獄の帝王恐怖する{7f02}人々の心いやさしあげて{0000},0x549D
"",{7f02}旅の人か。だきょう朝晩ま闘いっぱなしさすがのさまくたくただぜ{0000},0x54C7
"",お前とかの{7f12}見覚えはかなくてもいい強いヤツを見つけて闘いいどむという　毎日を送るぜ{0000},0x54F2
"",お前とかの{7f12}見覚えはかに来れば　強いヤツと闘えると{7f02}思ふつうのヤツの方多くケンカを売れねえや{0000},0x552E
"",おおぬしか剣士のむろんぼいるだろうな今　決闘相手探いる夜昼より決闘相手探しやすい{7f0b}{0000},0x556E
"",剣士のいるぞ。かぬしと　ごろつきやら者ひじょうに多くつでも好きなとき決闘ができサイコー{7f0b}{0000},0x55AC
"",剣士のるぞ。かぬしと　れば　待るだけ強い剣士やくるの決闘相手かかん{7f0b}{0000},0x55EE
"",わし{7f02}ころただばあだ今っぱしの占い師占いおばば{7f12}といえば　{7f2d}にならぶ{7f02}有名人よ　ほっほっほ{0000},0x5628
"",おや　旅の人ねえかだよ　脱獄囚の大自然たわむれると{7f02}牢屋の中忘れられ心洗われるだぜ{0000},0x5668
"",うおっ　びっくりぜ誰かと思えばこを教旅の人ねえかところ{7f12}脱獄囚だ町のみしょにしといれよ{7f0b}{0000},0x56A9
"",おや　旅の人ねえかだよ　脱獄囚の　見とがめるヤツいねえし　その上　地獄の帝王の{7f02}恐怖も忘れられるにきよかぜを教あんたにゃ{7f02}感謝んぜ{0000},0x56E9
"",{7f11}{7f02}やき{7f12}もは上品金持ちそうなのたくいる　ちょっくら{7f02}肩身せまくてよぉま気分だけなっち金持ちにな気がするぜ{0000},0x5742
"",まいな今日のかせぎみ　飲み食い使っちまな{7f12}あわれと{7f02}思うな金をめぐ言いところだ今のじょうだ。金はなくて心ま落ちぶれたまるか{0000},0x578C
"",{7f11}{7f02}やき{7f12}もこカッコしちゃいる昔より{7f02}生活ゆたかになぜけど　食うのに金がかか{7f02}身なりに気を使う　ゆとりが困もぜ　がっはっは{0000},0x57E2
"",{7f12}いう名の{7f02}船乗り夢見た男さ　船乗りにはなれんけっこう気に入ひっく{0000},0x582F
"",の名{7f12}{7f11}出身船乗りになりたく来たがにどこに船かりゃしねえねえかっ{0000},0x5862
"",世界一あらモン目指す出身のらモンさ夜たち目覚めの間さ今夜どらモンと{7f02}コブシで語り合えるのか{7f0b}{0000},0x5891
"",世界一あらモン目指す出身のらモンさあらモン歯ごたえがあ　サイコーだぜきのうコブシで語り合{7f02}歯３本っちま{7f0b}{0000},0x58D9
"",世界一あらモン目指す出身のらモンさけどにふつうのヤツ多くなかなか　歯ごたえのあるらモン出会えねーのさ{0000},0x5928
"",の{7f12}　商売がいちど{7f02}人の顔忘れませんへ商売をするため引っ越きたけど　商売がたき多くたいへけど　同業者が多いぶんろいろ{7f02}勉強になりしが{7f0b}{0000},0x5971
"",の{7f12}　商売がいちど{7f02}人の顔忘れませんに来て　商品飛ぶに売れうはうはおかげ行商を再開する　めどたち。でしばらくこあきを続けるのいいか{7f0b}{0000},0x59CB
"",{7f02}旅人？{7f02}暑がりよぉ　昼間すずしくすごしやすいかわり夜少々　肌寒いの欠点{7f0b}{0000},0x5A25
"",いとも{7f02}旅のお方私へ来て{7f02}暑さたおれるなくな{7f02}毎日　かいてきに暮ら{0000},0x5A60
"",{7f02}旅の人の？ぼる？{7f02}ほ天涯孤独の美女よ私に家族がいけどこる大きな家族の中の{7f02}ひとりにな　気がするの農村　そこる　み家族感じがする{0000},0x5A91
"",{7f02}旅の人の？ぼる？{7f02}ほ天涯孤独の美女よけどつまでひとりわ私で結婚つか{7f02}家族をつくるうふふふ{0000},0x5AEB
"",{7f02}旅の人の？ぼる？{7f02}ほ天涯孤独の美女よといいところ{7f02}だ　もう旅をする必要なくなわけ{7f0b}{0000},0x5B31
"",ああなたどうをおい先逝しまのすやすや{0000},0x5B6F
"",{7f11}出身のと申し女性ばかりと同じ　夫に先立たれた女性いるすの心に同じキズ持いるぶん{7f02}なやみ打ち明けやすいの{7f0b}{0000},0x5B8A
"",ああなたどうをおい先逝しまのすやすや{0000},0x5BD1
"",{7f11}出身のと申し以前亡き夫のばかり{7f02}考　くしであまり　くよくよしなくなり亡き夫のいい思い出なのを教旅のお方のおかげわ{7f0b}{0000},0x5BED
"",わしの名{7f12}{7f11}出身カッコしとる王では町城のにないるだけ自分王になな{7f02}気分だけ味わえるがのう{0000},0x5C3E
"",わしの名{7f12}{7f11}出身カッコしとる王ではいつか　本当に王になかつきにふかふかの{7f02}ベッドぐっすり眠りたいわい{0000},0x5C7C
"",わしの名{7f12}{7f11}出身カッコしとる王ではだいつか城にし　その玉座に座ろうという{7f02}野望をいだく　４０才{0000},0x5CB9
"",自分の娘を探るいう者だけどね{7f02}アイネコ知らかい自分の姫さまだと思る日　家を出ちままく　人さわがせなコさ{7f0b}{0000},0x5CF8
"",{7f12}いう{7f02}家出娘を探しやきさ娘目立つカッコをる{7f02}すぐに見つかる思けど{7f02}なかなか　見つかくてねええっ？　娘のカッコかい姫さまのカッコをる{0000},0x5D3F
"",最近くしのかぎ回る者いるそうの夜気をつけなくては{7f02}ゆうかいするないちばん{7f02}つごうのいい　間帯だものとある国の姫君である　くしにつねに危険つきまとうの{7f0b}{0000},0x5D94
"",最近くしのかぎ回る者いるそうのまさか　くしゆうかい{7f02}実家　多額みのしろ金だこうたくらるのでは？{7f0b}{0000},0x5DF0
"",くとある国の姫君こで{7f12}と名乗るわくしのな　高貴な者に少々なかくさいけれどこけっこう　すてきな町{7f0b}{0000},0x5E34
"",そな顔おるぞ　もと大臣町こになる昔　城大臣をや思い出まもっとわしは今大臣みたいなものだが{7f0b}{0000},0x5E71
"",夜といえど{7f12}休息のは解決しなければなら{7f02}問題まだ残いるの{7f02}それ明日の朝までに{7f0b}{0000},0x5EBC
"",そな顔ぼおるぞ　もと大臣発展途上にある町ゆえ{7f02}城とき以上いそがしさかげ休むヒマも{0000},0x5EF1
"",職を失の{7f12}新天地教た方だ城のなに住ると{7f02}昔　城で兵士長をやころ思い出　せつなくなる{7f0b}{0000},0x5F34
"",夜の見回りをるの{7f02}夜もめごとが起きやすいまの住人善良だの{7f12}手をわずらわせる{7f02}事件めに起きんが{7f0b}{0000},0x5F71
"",職を失の{7f12}新天地教た方だに来生きがいができたいつかじけい団組織するの夢なの{7f0b}{0000},0x5FAF
"",おんや　旅人でごわすか？いたい見んろ　農夫仲間ふえたおかげこ立派な{7f02}畑できあがとたい{0000},0x5FE9
"",おんや　旅人でごわすか？いたい会かとたいあんのおかげおい野菜ば作　くらせると{7f0b}{0000},0x6024
"",夜もっと人々が恐怖とらわれやすい　間いつかなるときで人々救いの手さしのべられるまだ　眠るわけにはいきません{0000},0x605A
"",{7f12}{7f11}出身の{7f02}シスター地獄の帝王の{7f02}恐怖におののく　人々の心いやさしあげて{0000},0x6099
"",！おお　すまん　すまん考え事をいあな{7f02}話聞き逃考え事が何か？{7f02}いえね　明日ど魔法の{7f02}研究をしかなと{0000},0x60C6
"",私か？{7f12}という　魔法使い大きな町だ　ほうふな{7f02}研究材料ちょうたつできただし金はかかりが{7f0b}{0000},0x6108
"",おおい。おろう町こふうに変わ{7f02}城兵をやころの{7f02}経験役にたつ{7f0b}{0000},0x6146
"",おお　そなたか{7f12}何か用か？{7f02}だが今いそがしいのとい夜いちばん{7f02}もめごと起きやすい{7f02}見回りに気がぬけん{7f0b}{0000},0x617A
"",おおい。おろうけいびの仕事つとめる。そなおかげ毎日　じゅうじつおるぞ{0000},0x61B8
"",きみ{7f02}ぼく{7f12}教た人か聞いれよ　ぼくの{7f02}もうそうの中の恋人{7f02}いなくなしまいとしのドリス{7f02}なぜ　ぼくの前なくな{0000},0x61EE
"",もちろんぼるぼく教た人だよぼく{7f12}名前だけど{7f02}どうせぼだろうね{7f02}まどうでもいいけどぼく毎日　楽しくやる{7f02}大好きなのコものかげ{7f02}いつくしむながめ{0000},0x6239
"",あっあなた{7f12}{7f02}旅人ねえ　聞いてよあしつに追い回　男やきでの生活そろそろ{7f02}潮かしらね{0000},0x629A
"",こカッコ仕事ると{7f02}たまかんちがい　へ客つきまとわれるあるの{7f12}　もう　やになっちゃう{0000},0x62DD
"",あを教た人{7f12}るかなああなおかげへ男{7f02}逃げ切るできたわで油断はできわいつかなり　ねんちゃく質な{7f02}性格だぶるぶる{0000},0x630F
"",{7f11}以来だ{7f02}カンゲキー　わざわざの{7f12}会いにきれたのかいあ　今まで男の前踊る多かけど{7f02}最近　女の客ふ女だけの客の前踊るの初めてだけど　女の客なかなか{7f02}ノリがいい　わかわ{0000},0x635F
"",おそかねさまの{7f02}ステージさっき終わとこさあたいが踊れば　どとこでステージになっちまうのさ機会があれば　見せたげる{7f0b}{0000},0x63C5
"",きゃっ　カンゲキー{7f02}人のさわざわざの{7f12}会いに来れたのかい？{7f02}ふふふ　うれしいのさ{0000},0x6404
"",おやのときの人かっかあんときわけありとかいじつただの脱獄けど　上品なヤツら多い　のカッコちょっういよな{0000},0x6436
"",はっおどかすな旅の人ねえかビビッ損ぜてっきり　追っ手がきたかと{7f02}思ねえか{0000},0x647E
"",おやのときの人かっかあんときわけありとかいじつただの脱獄おかげ安全な落ち付き先きま　ばんばんざいさ{0000},0x64AE
"",だ{7f02}だろ。るよみにしょだに来る前ジミな男だろまだらて　日が浅いどういうわけか　最近本場モンあらたヤツらふきた　ちょっと怖いぜ{0000},0x64EF
"",だ{7f02}だろ。るよ世界一のらモンになるためじゅうじつ日々送るぜ{0000},0x654E
"",だ{7f02}だろ。るよお前のおかげりっぱならモンと{7f02}日々　エンジョイるぜ{0000},0x6582
"",方かどうもどうもわし仲間待ち合わせいっこう現れる気配がキグニーのやつい　どこ道草くかやれやれ{0000},0x65B5
"",方かどうもどうもわしキグニー落ち合えあなおかげ。これで商売せいを出せるも{7f0b}{0000},0x65FD
"",おやおや？　私商人商売仲間コディつみたいこれ　ふたりガンガン　もうけこうと思い{0000},0x6637
"",おやおや？　私商人友待ち合わせたす私のほう先につみたいま　じきに来るでしょうが{7f0b}{0000},0x6673
"",ぅ　職失　メイドの町お城にな　ふたたび{7f02}メイドの職つけた{7f02}毎日　はりき　仕事ぅ{0000},0x66AC
"",うーん　うーん奥さま　ごめさい最初さそきださまよぉどうか　クビには{0000},0x66E6
"",ぅ元メイドでメイドの職にありつけませとか　元気にや{0000},0x6716
"",どこでしゅか　アリ{7f02}もいちどお前の水芸みしぇだしゃい　{0000},0x6741
"",ちでちゅ聞いだしゃいうち使用人のアリあいっぽのところ逃がしまでちゅで聞きこみ終了後たち追跡の旅出るつもりでちゅ{7f0b}{0000},0x6763
"",どこでしゅか　アリ{7f02}もいちどお前の水芸みしぇだしゃい　{0000},0x67B1
"",ちでちゅこ教もら　美少女でちゅ使用人のアリる{7f02}聞でしゅけど　今のところ{7f02}見当たらでしゅけど　かならず見つけ屋敷連れ返しおき{7f02}毎日　水芸をさせるでちゅ{0000},0x67D3
"",まさか　ノエルおじょうさまま追くるとはなく　しゅうねんぶかさそろそろヤサ引き上げなきゃねえ{7f0b}{0000},0x683A
"",おっんたか。だ教もら　逃亡者まさか　ノエルおじょうさまま追くるとはなく　しゅうねんぶかさの水芸よろこるのありがたい毎日　やらされりゃ{7f02}バックレたくなるもぜ{0000},0x6878
"",の名{7f12}特技水芸水芸バカにす{7f02}良家おじょうさま毎日{7f02}見たくなるほど　すごいぞ{0000},0x68E2
"",よお　だ{7f02}かいち度の{7f12}よあんた教{7f02}か住むにもこいなノエルおじょうさま追くるだろう{7f0b}{0000},0x6918
"",こんにち旅人ぼく{7f02}まいごにな旅人のおかげおばあちゃん会えた今しく　くらる{7f0b}{0000},0x695E
"",わっのときの親切な人ぼくる？おばあちゃん今ごろ{7f02}どこどうるろう？{7f02}心配だなあ{0000},0x6995
"",わっのときの親切な人ぼくる？おばあちゃん待るけど{7f02}ちっと会えけど　町のみ親切だ{7f02}くらいくにこまら{0000},0x69C7
"",おおんたはわし孫と{7f02}はぐれちまあんおかげ孫のロビンと{7f02}生き別れになら　すわいそういや　孫のロビンお前の{7f02}世話になそうのう本当ありがとう{7f0b}{0000},0x6A0A
"",おおんたはわし孫と{7f02}はぐれちま孫まだ見当たらんで待いれば　じきやくるだろうま気長に待つわい{0000},0x6A61
"",おお旅のお方か。よくぞたずねてきださしかし　もう夜おそい{7f02}長話な明日にんかのう最近　眠くなるの早いん{0000},0x6AA0
"",お前ひょっとお方かねなつかしいのう　うんうん{7f12}とおり　元気やおるぞい{0000},0x6AE1
"",の名{7f12}{7f02}ころちが　寝るのおしくなるほど　活動的になぜ{0000},0x6B0F
"",いい町だぜの枯れたハート日々{7f02}若返いくな感じがするぜ{7f02}くすぶとひと味ふた味ちがうぜ{0000},0x6B35
"",ああのときの旅人{7f12}に会い来れ？　かんげき～それより　見てよをいつの間にか　女ばっかりの{7f02}なっちゃの{7f0b}{0000},0x6B72
"",ああのときの旅人{7f12}に会い来れ？　かんげき～といいとこ{7f02}毎日しんせ　だか{7f02}生まれ変わみたいなの{0000},0x6BAD
"",や{7f02}嫁さがしをはやく理想の嫁をみつけむふふな{7f02}夜をすごせるなりたい{7f0b}{0000},0x6BE8
"",や{7f02}嫁さがしを移民ないろ女性やくるつかぼくの{7f02}理想的なひと会えそう{7f0b}{0000},0x6C1D
"",ぐうぐう{0000},0x6C55
"",オラあおめサとはー出別れただなやーおお　{7f4b}だかオラ相変わらず　絶好調歌いつづけだー{7f0b}{0000},0x6C5B
"",ま{7f4b}わ。お久かなかなか　近代的わ{7f02}気に入いわ{7f0b}{0000},0x6C97
"",ま{7f4b}ひどいの私だわねっ！。あなた近代的だという　来にそれほど　近代的きぃーっ！{0000},0x6CC1
"",くし大金持ちわまさか　夜に来ればたくし天使のレオタード着るとでお思いにおほほほほじつまだ着てすのは…はずかしくて{0000},0x6D02
"",まあなたはっくし大金持ちわ天使のレオタード着るために来着る前知り合いできてしまこ…こうなしまら{7f02}もう　着れませんわは…はずかしくて{0000},0x6D4D
"",ぐがー　ぐがー{0000},0x6DA3
"",ぬおおおっお前いつかの旅人だなっわ{7f12}王！　天空の城見えるなどよく大ウソ抜かたなっしかし　わ大好きになしもうたぞお前たちに感謝{7f0b}{0000},0x6DAC
"",異常なーしっおっすまいつか旅の者かいるか地獄の帝王のウワサがあるので{7f02}夜で気が抜けん{7f0b}{0000},0x6E02
"",おおつか旅の者かいるか地獄の帝王のウワサに確実広まいるぞいずれ　われら地獄の帝王と決する日来るのだろうか{0000},0x6E3E
"",や{7f4b}。私　まゆ毛そり落とあれ　まゆ毛生えそろい。今もう{7f02}ボーボーわはははっ{0000},0x6E85
"",や{7f4b}。私　まゆ毛そり落とに来る途中きおい反対のまゆ毛そっちゃいで昔の知り合いがいと{7f02}不思議気にならものははははっ{0000},0x6EBC
"",こんにちはっぼく兵士っあ{7f4b}ぼく兵士と{7f02}どうにか　がんばよ仕事にちょっとだけ{7f02}自信がついてきよっしゃあがんばるぞーっ{0000},0x6F0F
"",ぐおーっ　ぐおーっ{0000},0x6F5A
"",や{7f4b}ボク{7f02}モテモテ男今　女の子だれボクの気にとめなくなりいやれいい{7f02}ボクの今の恋人畑の{7f02}野菜たち。ははは{0000},0x6F64
"",ぐおーっ　ぐおーっ{0000},0x6FB4
"",や{7f4b}ボク{7f02}モテモテ男こカッコなせいかに来て　急畑仕事目覚めて毎日　畑で汗をかいて{7f02}今　女の子の視線ひとつ気になりません{7f0b}{0000},0x6FBE
"",おお　だっぺおらグレイト農夫ぁ多くのグレイト農夫の{7f02}チカラが結集しグレイトな農園育おらグレイト農夫に生まれよかだーよ{0000},0x701A
"",おお　だっぺおらグレイト農夫ぁに来て　真の{7f02}グレイト農夫とは何かについひたすら考える　毎日だー{7f0b}{0000},0x706F
"",あ　シスター{7f12}{0000},0x70AD
"",あ{7f12}ううん{7f02}シスター{7f12}よっ！の人みーの　シスター{7f02}呼るの。うれしいよぉーあ　みの期待うらぎらちゃんと{7f02}神さまの教え守るー{0000},0x70BB
"",すやすや{0000},0x710D
"",わが名シスター{7f12}以前会いしあやま道進まぬ　尽力おかげすばらしき発展とげすべて神のお導きあなたがた神の御心のらんを{0000},0x7113
"",すやすや{0000},0x7167
"",わが名シスター{7f12}以前会いし今であやま道に進まぬ{7f02}ひたすら尽力おり神いつであなたがた正しき道示を{0000},0x716D
"",こ間でしょう？{7f02}話ならば　また明日　ゆっくりと{7f02}うかがい。ぐう{0000},0x71B8
"",ごぶさており神私に言い見聞を広め　人々にそれを伝えよとしかし　気に入しまい　どうにはなれたくの{0000},0x71DD
"",おおっんたかっかあんた地獄の帝王と{7f02}やりあう気だろ？{7f02}だもチカラを貸すぜまず　肩をもやろうん？　それより　腰の方がいいか？{7f0b}{0000},0x7220
"",聞くところによる鉄の金庫以前　レイクナバの北の洞くつあとかあ突然　すいませんやっぱりに鉄の金庫はあ　どこにあるろう{0000},0x726D
"",おおなたはっ私　鉄の金庫探やっぱりに鉄の金庫はあ　どこにあるろう{0000},0x72C0
"",やあや{7f4b}相乗効果のえっ？　相乗効果{7f02}のか　忘れちゃい相乗効果のお店たくあれば客たく来る{7f0b}{0000},0x72F7
"",やあや{7f4b}相乗効果の見ださいを私夢に見た相乗効果つい実現すっ今で買い物目当ての人々世界中に来いやあ～　うれしいなあ{0000},0x733E
"",やあや{7f4b}相乗効果のえっ？　相乗効果{7f02}のか　忘れちゃい相乗効果のお店たくあれば客たく来る{7f0b}{0000},0x7396
"",やあや{7f4b}相乗効果のあいにくで相乗効果を期待するほど{7f02}商業発展いませんまのんびり行き{7f02}期待　待いださい{0000},0x73DE
"",わてわ。{7f4b}はん{7f02}もうかまっかー　ほんまに大きく{7f02}なりなあさすが{7f2d}はんやわていつかな町{7f02}作みたいもすわ{0000},0x742A
"",わてわ{7f4b}はんば{7f2d}はん弟子入りしよと{7f02}思に来たす断られてしまいわ今せめ大きくなる姿見届けたろと{7f02}思っとり{0000},0x7467
"",わてわ。{7f4b}はん{7f02}もうかまっかー{7f2d}はん弟子入りしよと{7f02}思に来たす断られてしまいわで自分まだまだ{7f02}修行の最中や　言わはりてさすがやなあ思いわ{0000},0x74B1
"",やみな武器職人になりたい夜新しい武器考える間にる{7f02}うーん鉄の輪のまわりすべ刀身の{7f02}円斬刀てのどうでしょう？{7f02}扱いむずかしそうけど{0000},0x750A
"",やみな武器職人になりたい新しい武器開発し{7f02}名づけ五頭の竜五股のヤリけどいつか　私の作武器武器屋に並ぶになら{7f02}幸せだけどなあ{0000},0x7564
"",やどうもどうも絶対次の商売の{7f02}アイデア出みせ期待ださい{7f0b}{0000},0x75C0
"",やどうもどうも私のアイデア{7f2d}話商の道なめるなと{7f02}しれてしまいいや世の中{7f02}上には上いるもすなあ{0000},0x75EE
"",ぐおーっぐがーっ{0000},0x762F
"",{7f12}ものぐさキング呼ばれた男あくそっしゃべっちまかりぃ　かりぃ{0000},0x7639
"",おお　{7f4b}エンドール城の兵士平和なもの{7f02}今のところ　の心配なさそうエンドールもどらのわが王にご報告ょう{0000},0x7665
"",へーい　ぷりちーべいべー{0000},0x76B5
"",あんれ？　{7f4b}だか？{7f02}オラーこだぷろーち女の子オラ　目がギラギラる{7f02}言われただー目がギラギラ　ど意味だ？{7f02}目ん玉　情熱あふれっちゅー意味だろか？{7f0b}{0000},0x76C6
"",ま{7f4b}んばんは大金持ちのひとり娘昼間の仕事のせい毎日{7f02}夜になるクタクタ親元るとき知りませ。生活するの大変な{7f0b}{0000},0x7724
"",ま{7f4b}大金持ちのひとり娘今どうにか{7f02}父にたよらず　がんば生活苦しいけど{7f02}ちゃんと生きないう{7f02}実感があ　ステキな毎日{7f0b}{0000},0x7775
"",すやすや{0000},0x77C1
"",こんにち{7f4b}錬金術師になりたい錬金術師への道けわしいあきらめずがんばりしつか　絶対大金持ちなみせわ{0000},0x77C8
"",おおっなたは格闘家おっ今はもう{7f02}格闘家でありませすっかり　隠居今の生活足いれもすべみなのかげというもの{7f0b}{0000},0x780F
"",あお久びんぼうしょう{7f12}もい来たけどこ{7f02}本当いい町だと思うわ私　びんぼうしょうよかいい町を教ありがと{7f0b}{0000},0x785F
"",私の名{7f12}日々　めずらしい魔物探生きる男おお　君{7f4b}くん前{7f02}残念ながあたりにめずらしい魔物い{7f02}残念だしかた{7f0b}{0000},0x78A9
"",あっ　{7f4b}ぼく魔物を飼いせっかく　つかまえたスライムどこかに行しま{7f02}今　落ちこるやっぱり　魔物をあやつるムリななのかなあ{0000},0x78F5
"",ぼく魔物を飼い今　魔物の使い手のどう呼らいいか{7f02}考たモンスターマスターかっこつけすぎかね？{7f02}えへへへ{0000},0x7941
"",あっっ{7f4b}っぼく魔物を飼いこっ…あたりの魔物{7f02}結構　手ごわいかや…やられたなもう！それはそうスライムつかまえたすけどりゃ？{7f02}どこ行？　オロオロ{0000},0x7986
"",ねっちょわ　ねっちょわや{7f4b}ださいみん術師どう　私るのか{7f02}不思議だろうむほほほっ知らええ　知らええさいみん術とそういうもん{0000},0x79E4
"",人だれし心の奥底暗闇ひとつやふたつかかいるものま{7f4b}わの人々どうやら{7f02}みな　幸福な私の出番ありませんわ{0000},0x7A34
"",あ{7f4b}ぼく{7f02}女性を探チャーミー見つけ彼女{7f02}まいなくなしまこうな　よくよく考みると{7f02}ぼく本当彼女の{7f02}好きだのかなあ{0000},0x7A7C
"",あ{7f4b}ぼく{7f02}女性を探チャーミー見つけれみなのおかげしかいい町しかげさま毎日{7f02}楽しくやいよ{0000},0x7AD0
"",うふふ。{7f12}のぼるでしょ私の意中の人　やっぱりを追きたわよ例究極のテクニック{7f02}機会がああなた使みてうふ{0000},0x7B17
"",はぁ～い{7f12}のぼるでしょそろそろ　私の意中の相手私のを探来るはずあなたたちどこか私を探る男にらこる　教あげてね{7f0b}{0000},0x7B60
"",マ…マーニャさ～ん{0000},0x7BB1
"",はっあっまっマーニャあああああぼぼぼぼく　言いでございあわわわわっ{0000},0x7BC1
"",マ…マーニャさ～ん{0000},0x7BED
"",こんにちはぼく{7f02}踊り子を探残念ながにあの踊り子いでいい{7f02}彼女ぼくの心の中ずっ踊りつづけて{7f0b}{0000},0x7BFD
"",いよ～う　{7f4b}前にアッテムトおかしくな{7f02}身体に来て{7f02}すっかり　よくなぜこれお前たちのおかげだりがと礼を言うぜ{0000},0x7C45
"",や{7f4b}。元気かじつにカジノできてしまこうなる一度あきらめカジノではたらく夢がどういいしょう{0000},0x7C8F
"",や{7f4b}。元気かカジノの仕事すっぱりときらめ今で町見回りをやいおかげいなかの母仕送りもできこを教ありがとう{0000},0x7CD6
"",おおっ前はわ高名な陶芸家{7f12}お前言とおり{7f02}かにツボ割まわる連中いるそうわ絶対にゆるぞっいつの日か　かならずの手とっつかまみせる{0000},0x7D25
"",すやすや{0000},0x7D7F
"",あたちの来る前に今日いいりそうなっそ予感むねいっぱいはいっむねいっぱいっ{0000},0x7D85
"",私{7f12}久にね　ラスタいう{7f02}星とか季節のいろいろ　調べ人がいるの彼私の話すごく　マジメに聞いれといい人なの{7f0b}{0000},0x7DBB
"",私{7f12}久夜になる星が見えるでしょ？{7f02}どう　星は落ちのかしらそういう　わ気にな仕方{0000},0x7E02
"",私{7f12}久空の上になにがあるの？{7f02}相変わらず　そばっかり{7f02}毎日　考るわ私おばあちゃんになるころにそういう　今わわかるなるのかしら{0000},0x7E3A
"",あを教た人{7f12}。に来る前た人が増きそろそろ　汚れが目立きたこれ以上　人が増えたらとお別れかねえやれやれ{7f0b}{0000},0x7E87
"",あを教た人{7f12}。に来る前たまだ{7f02}汚れが目立たなくいいねえしばらくに住むとする{7f0b}{0000},0x7ED7
"",ママぁぐうぐう{0000},0x7F13
"",あ君といつだか{7f02}ボクは{7f12}。６才仕事を見つけた朝晩まお手伝いを{7f02}た１ゴールドだけどホント親のスネかじたころなつかしい{7f0b}{0000},0x7F1F
"",おや　{7f4b}。私タバコが大好きな思えば　その場のいきおいに来てしまれ{7f02}家族と連絡もといませんでもまいずれ呼び寄せよわっはっは{0000},0x7F74
"",おや　{7f4b}。私タバコが大好きな残念ながでタバコ嫌われ。だけど　中にかて吸る人いてそ彼ら地下社会ヤニーズという組織作り仲間がいる　楽しい{7f0b}{0000},0x7FC7
"",よおっ　{7f4b}温泉掘りの温泉掘りに適ねえそれは別と{7f02}が気に入ぜ人々は気さくだし　酒はうまい温泉掘りの場所探ししばらく　延期にする{7f0b}{0000},0x8030
"",よおっ　{7f4b}温泉掘りお前たちを信じ来場所ぜんぜん　温泉掘り適ねえねえか砂漠地帯の穴掘りにくいぜ。掘そば{7f02}穴砂が入りんじま{7f0b}{0000},0x8088
"",まいつかの旅のお方お会い{7f02}ネコ舌わおかげさまのスープ適温わ。がお味のほうイマイチなのゆゆしき問題わ{0000},0x80E9
"",ぐーっ　ぐーっ{0000},0x812F
"",やいつかの旅の方社会勉強中の王子すばらしい{7f02}人々の生命のひびき耳聞こくるそを教あなたたちに出会えたすばらしい経験ひとつ{7f0b}{0000},0x8138
"",ふんふーん{7f02}っなー　{7f4b}か私{7f02}最近一緒にお芝居をる{7f02}仲間探るのこれだけ人がいる{7f02}メラゴースト役似合う人絶対いるはず私　がんばる{7f0b}{0000},0x8194
"",あっ　{7f4b}ん私{7f12}演劇の話　でしょ私ね　劇の脚本を書のタイトル風の中のメラゴーストステキな　タイトルでしょいつか　上演できる私　もっともっがんばるね{0000},0x81E8
"",あっ　{7f4b}私{7f02}今日はね　劇場を実現するためエライ人話し合いがあるのそういう場でこそ　持ち前の{7f02}演技力私　がんばるわ{0000},0x8244
"",あっ　{7f4b}ん元気ぃ？{7f12}演劇の話　でしょあれね　私演劇の劇場ができるいろいろ　がんばるのいつの日か　{7f4b}にともステキな芝居見せてあげる{7f0b}{0000},0x8285
"",わ{7f12}王！の忘れておらろうなっ念願かな眠ら　なたわい次に目指す夜の帝国！初代の王もちろんし決まおるぞい{0000},0x82DC
"",だ…だめやっぱり　昼間は眠らんとしゃ　死んうぞい{0000},0x832A
"",わ{7f12}王！の忘れておらろうなっやっぱり　夜が最高っ！わいずれ夜の帝国つくみせるぞい{0000},0x8349
"",だ…だめやっぱり　昼間は眠らんとしゃ　死んうぞい{0000},0x8383
"",ぶるぶる。夜になると{7f02}寒さ身しみヨルわははははは寒さも吹き飛ばす　黄金の一発またもや　出なっおっ笑る場合ではお久{7f0b}{0000},0x83A2
"",おや？なまさか{7f02}{7f2d}どのつくられなにか　ホ不でもぷっぷぷぷっ！出たあっ出よっ！またもや　黄金の一発がおっ笑る場合ではお久{7f0b}{0000},0x83F3
"",ぐおー　ぐがーっぴーひゅるるる{0000},0x844B
"",おおっ前{7f4b}{7f02}不眠症なやに来て毎日　ぐっすり眠れるぞ移民を毎日　快眠うはこりゃダジャレだ{7f0b}{0000},0x845D
"",おおなた私教た方{7f12}トリエスパリオス６世に来る途中名前改名き。も名前どちら気に入いよ{0000},0x84A2
"",おお　{7f4b}かトランプの相変わらず　毎日{7f02}新しいゲーム考えるの必死いつか　楽しいゲームができたら{7f02}君に教あげる{7f0b}{0000},0x84E9
"",わしの名{7f12}とうとうにカジノできたわいこれ毎日　スロットマシンあそべるのうほっほっほ{0000},0x852E
"",わしの名{7f12}？　ポーカーでやりたいんかせがれつれられ来たん毎日ポーカーしか{7f02}やるがなくあきちまやっぱり　スロットマシンどかんあそびたいのう{0000},0x8563
"",ぼく恐れた起こしまいよカジノができるてれ父の{7f02}えいきょうなのかな{0000},0x85B7
"",ぼく　前教もらい父ギャンブルやめさせるため来困になりて父　毎日の人と{7f02}ポーカーばっかり　やる{7f02}はあ{0000},0x85E9
"",こんばん私の研究が成功すれば　夜で昼間の明るくなるのふふふ。信じられでしょ？{7f02}ま凡人の発想など{7f02}いえいえ　でありません{0000},0x8639
"",。久あれエレキテルの研究順調進い{7f02}成果楽しみにいださい{0000},0x8684
"",あ{7f12}ウワサを聞いに来ちょっトラブルもあけど{7f02}今での暮らしと楽しるわよ{0000},0x86B6
"",あ{7f12}。ウワサを聞いに来たけど　ちょっと{7f02}うるさい男つきまとわれのパグルいう男だけど{7f02}ダサいくせ　しつこいのよホント　さいてーっ{0000},0x86E9
"",夜になる前に好きだ{7f02}ハバリアジルちゃんの思いだすジルちゃん　今ごろ{7f02}弟どうるだっぺか{0000},0x8732
"",オラのぼるだかオラ好きなコができただ絶対　ヨメっこもらうだどコか？　カー聞くなっぱずかしいマリンコだひゃーっ{0000},0x8768
"",おらおすっとばすぞんどりゃぁっ！すーっ　すーっ{0000},0x87B5
"",おらおらおらぁっ！ボケっつやがんと{7f02}すっとばすぞらぁっ！はっ{7f4b}！？{7f02}す…すみませんっ。あれ　見事不良シスターなれ{0000},0x87D1
"",ルルミー先生もうだめッスぐう{0000},0x881B
"",こんにちはッスあ…あなルルミー先生どこか見ませか！ルルミー先生る日　突然{7f02}いなくなっちゃすさよなら言わずにうっ…うっ…ルルミー先生のい町ぼくにと死町同然よ{0000},0x882F
"",ルルミー先生もうだめッスぐう{0000},0x889A
"",こんにちはッスぼくルルミー先生の弟子のという者っだけの話　ルルミー先生あに美人なの剣を持つと{7f02}むちゃくちゃわいでルルミー先生の{7f02}そところも好きいやいや{7f02}そんけいるッス！{0000},0x88AE
"",あお久花ヨメ修行に来結局　町の人剣術を教{7f02}暮らす毎日さみしいわし　もう一生　剣の道{7f02}はなれられのかしら{7f0b}{0000},0x8914
"",おお　君か。私うまのふん買い取りうまのふんショップで反対される{7f02}実現ムリかもしれ{7f0b}{0000},0x895F
"",まあっなたマーニャリンダと言い以前　モンバーバラもっとあ{7f02}逃げ出しまのがそれより　クロービス教くださのマーニャたちだて私　とも感激{0000},0x8999
"",。まあっクロービス教くださ方たちね天国の私が前　モンバーバラと{7f02}くらべたらいえでもありませんとにかく　みなに心　感謝いわ{0000},0x89FE
"",おおなた{7f4b}元神父彼女リンダふたりに来。に知人もい。天国リンダどこかのもし見かけたら{7f02}声でかけてやください{0000},0x8A56
"",あの{7f02}忘れちゃいだろに思より{7f02}器量のいいコがけどはなれたく言ねえいっそ新しいバー作っちゃうのひとつの手だけど{7f0b}{0000},0x8AA6
"",ご先祖さまくーくー{0000},0x8AF5
"",ま{7f4b}。私　やっぱりにご先祖さまの書物なかムキ～ッ！え？　別怒ませんわ今ムキ～子供の頃の{7f02}クセの{0000},0x8B03
"",や私{7f02}へんしゅう者ドストン先生どうや逃げちゃらしい本当にもう知りませんため息出ません{7f0b}{0000},0x8B52
"",や私{7f02}へんしゅう者ドストン先生るのかこれがま見つやれやれ　子供みたいな人の{7f02}担当苦労しよ{0000},0x8B93
"",おお前{7f02}{7f4b}。作家の{7f12}じつ今　困おるのずっ逃げ続け担当へんしゅう者とうとうま来よなまく　たる{7f02}しゅうねんろうか{0000},0x8BDC
"",おお前{7f02}{7f4b}。作家の{7f12}よい作品と場所えらばず生まれるもん夜で気が抜けんのう{0000},0x8C2F
"",おお前{7f02}{7f4b}だわ作家の{7f12}お前い町を教おかげ毎日のんびりできるぞい{0000},0x8C64
"",あっぼる？お店を持ちたいちゃんよなお店を出すに最高だわ今がんば{7f02}資金を貯めのよ{0000},0x8C95
"",おお　{7f4b}お久{7f02}マジメに暮らるすけどみ　なかなか{7f02}打ちとけれ{7f02}ででしょうかね？{7f0b}{0000},0x8CCD
"",ああんた{7f4b}{7f12}るかしらとにかくんおかげダンナが見つかのなのあいつのせい探偵に逃げられとか言{7f02}逆ギレんの。最低でしょ？{7f0b}{0000},0x8D0D
"",く～っちくしょうっちくしょうっっおおだ{7f11}の女房に来ゴタついあいだコロゴロ逃げられちまちくしょーっ！さっさと{7f02}のしちまうべきだぜ{0000},0x8D5C
"",くっくっくコロゴロのヤツ　どうやら{7f02}気づいてだっあんたかちょっと{7f02}さわぎ起こさせてもらうぜあんたにゃ　悪いがな{0000},0x8DB1
"",名探偵{7f12}む？　なにや事件のかおりあたりただよい私の推理によれば　どうやら{7f02}何者か私の生命ねらいる捜査を進めるべきか　それとでの深追いかえ{7f02}危険か。むずかしい問題{0000},0x8DFF
"",名探偵当然ぼいね今のところ平和そう。しかし事件と平和な日常のカゲそっひそいるもの{7f0b}{0000},0x8E68
"",いやいやいや。うふふぅ。うふふふみなまた会{7f02}うれしいねー。いやいやいやの　私　とて気に入いうふふふみなおかげやいや{0000},0x8EAA
"",メイドの{7f12}しかし　それ世をしのぶ{7f02}仮の姿本当のとっっ！まだ無職なのああなたに　{7f02}まだ仕事さがまー{7f0b}{0000},0x8EF4
"",おや久占い師さまご一緒のみな占い師を目指教だ私の占い　今　なかなか{7f02}評判いいに来よか{0000},0x8F35
"",おや久占い師さまご一緒のみな占い師を目指教だいずれ{7f02}りっぱな　なりの占いそう出て{0000},0x8F7F
"",。３日牛を６頭{7f02}たいらげた男語りべで人々伝説きょうみ持ませんなぜでしょうみ　わかす３日牛を６頭たいらげるどきびしいかをっ！{0000},0x8FC6
"",すやすや{0000},0x9026
"",おお　{7f4b}どの。おわかりか人の顔を見とら{7f02}なにやまだまだ　死ぬの惜しくなきよりて生きるというそれだけ宝物なあ{0000},0x902C
"",ぐうぐうピオピオピオリム{0000},0x9074
"",ピオピオピオリム　パルプンテあら？　{7f4b}ほ魔女っ子になりたいどうだい　今の呪文は？{7f02}ちょっ魔女っ子っぽくかわいかだろう？　うふふ{0000},0x9086
"",ま{7f4b}{7f4b}の探す{7f02}弟を探弟のピピン見つけ{7f4b}ずっお礼が言くて{0000},0x90D6
"",ま{7f4b}{7f02}弟を探やっぱりに弟のピピンい本当どこに行のかしら心配仕方がわ{0000},0x9110
"",ぼくふわあ　今日だか{7f02}もう　ねむたいや{0000},0x9149
"",ぼくあっ{7f4b}お姉ちゃん　見つかよぐうぜんのええっお姉ちゃんの　教え{7f4b}なの！だ{7f4b}のかげだよありがとっ{0000},0x9161
"",ぼくふわあ　今日だか{7f02}もう　ねむたいや{0000},0x91A9
"",ぼくのぼるお姉ちゃんねにい。ぷんぷん本当どこ行のかなあハバリア行とき姉ちゃん　ぼーっとちょっ変だ{7f0b}{0000},0x91C1
"",あ{7f12}今日もう眠いのうとうと{0000},0x920D
"",あ{7f12}ゴルエイ先生ねー{7f02}まいなくなっちゃのずっ勉強を教る{7f02}言のえぐえぐゴルエイ先生バカァーッ！{0000},0x9221
"",あ{7f12}今日もう眠いのうとうと{0000},0x9262
"",あっ　{7f4b}あ{7f12}るでしょゴルエイ先生ねよこれあお勉強教るありがとう。これみー{7f02}{7f4b}おかげだねっ{0000},0x9276
"",おお　{7f4b}学校の先生じつ私の生徒だ{7f02}子供のひとり私をさが来てしまこうな決めあの子も含め町の子供勉強を教いき{0000},0x92BB
"",や{7f4b}学校の先生やはり　子供たち私るに気づかそれはそうとに学校が{7f02}ちょっこまりもの{7f0b}{0000},0x9312
"",おお　{7f4b}。私毎日　星を見たちょっともしろいわかり星の位置どうやら{7f02}季節にあわせすこしずつ{7f02}移動いるらしい{7f0b}{0000},0x935B
"",おお　{7f4b}。私星よく見え毎日　夜になる星ばかり{7f02}見ねえ　{7f4b}いつか　季節の不思議ときあかみせよ{0000},0x93A4
