"",やあ　みなさん　芸笑い芸大きくなりま{7f02}そ　私みがかれ芸人と　大きく成長しまその証拠に来たにゆるズボン今でパンパンにの食事　うまいんよ{7f0b}{0000},0x03B0
"",やあ　みなさん　芸の人なか{7f02}笑いきびしいみたいおかげ夜の間ネタ作りや　ギャグの練習間をとられ寝てられませんこれホントすイミン不足れ？{7f02}面白くか～？{7f0b}{0000},0x0411
"",やあ　みなさん　芸の人なか{7f02}笑いきびしいみたいそういう所みがかれてこそ笑い芸人とのレベル上がろうというもの私やりますよ～目指せ笑いレベル９９{0000},0x0474
"",{7f12}　ゴロゴロする　すきすきたくさん　ゴロゴロできる{7f11}よりこ　すきうおーーん　ゴロゴロゴロ！{0000},0x04CE
"",おれれ{7f12}マン{7f11}　うおーんうおーんうれしい　うおーん{0000},0x0502
"",たたた{7f11}に来いいけどたっちょっおどかだけお菓子をよこす{7f02}食べ過ぎ虫歯にたうう{7f12}さま{7f02}一生のふかくーいっ！{0000},0x051D
"",{7f12}　ねそう見えなく　ねおおめだま　ねるとき目　とじねぐう{0000},0x056B
"",{7f11}{7f02}来るとちゅう　目にゴミ{7f02}たくさん　入{7f12}　目　いしばらく　ウインクできさみしい{0000},0x0593
"",砂ブロなか{7f02}ぐあいがいいのう{7f12}じい気ぞはるばる　魔界を回かいあのう{0000},0x05C4
"",もう買いすぎちゃ{7f02}重くて手いわ～ん{7f12}　困っちゃうなか商売上手　だれか{7f02}荷物持ち　つればよ{0000},0x05F3
"",ふっふっふ。計画どおーりもはやのみんなぼくのとりこさ{7f11}チョロイチョロイうっふっふっふっふー{0000},0x0630
"",おおまえ　か話しかけたやつなどうだすっかり　たくましくなだろうな前　ニブいなー見ろ様の骨をカルシウムの層厚くなだろ{0000},0x0669
"",どう静夕べ歌声みな　ぐっすり眠調子地獄の帝王ずーっ眠らせてやるな{0000},0x06B8
"",眠いのか？　では{7f12}の{7f02}うるわしい子守歌聞くがいいいくぞねーむーれー　みなのー者ー{7f02}もーーもーむむなぜ　君たち眠らのだ！ちょっ{7f11}ま走こい！{0000},0x06ED
"",むにゃごめんなさぁーい{7f02}命ばかりはむにゃ{0000},0x073E
"",きゃっ！？　ごめんなさーいっななただのおどかさでよー約束{7f02}ちゃんる？の　言よね竜の神さまの花びん　と大事にたもん。こわの{7f02}バレたミンチにされちゃうわ{0000},0x0754
"",ちくしょーひっくっ{7f02}ぃやー　やれるかぁーっ{7f02}てよーひっくっんんっ？　酔ませんよ～{7f12}さんちーっと酔ませんねぇ～{0000},0x07B5
"",とほほほほの人々天空来た者だまく{7f02}信じの{7f11}の人々そぼくやさしなあーいや　くじけるなっ{7f12}人々の心の平和守るのだ{0000},0x07F5
"",しくしくしくしくしくしくどう？　涙にくれる美少女{7f02}きれいでしょしくしく{0000},0x083D
"",なに話しかけで{7f12}　ひとりっきりしみじみ　悲しみたいのなのに{7f11}より{7f02}ずーっ人が多いっひどいわ　ひどいわっ{0000},0x0863
"",{7f04}{7f12}「こーんこんんーん{0000},0x089E
"",{7f04}{7f12}「ウォオーンウオーンッ！{0000},0x08AD
"",{7f04}{7f12}「コーン！コン　コン　コーン{0000},0x08BF
"",{7f04}{7f12}「アオォーーーンワオーン！{0000},0x08D3
"",オオカミ眠よう{7f0b}{0000},0x08E6
"",{7f04}{7f12}「すやすや{0000},0x08F4
"",いもうとリース元気にるかしらニース　リースの{7f02}エルフの三姉妹みんな{7f02}そっくりの顔をるのいちばん　かわいいけど{0000},0x08FE
"",なにこんな町　ちーっとおもしろく　これな{7f02}ほうよわまくつー{0000},0x093F
"",あ{7f02}{7f12}{7f11}のエルフ最近　町つまらのどっかで見たような顔ばっかいものあーあ。たいくつどこか他行こう{0000},0x096B
"",いもうとリース元気にるかしら{7f12}　リース　ミースの{7f02}エルフの三姉妹みんな{7f02}そっくりの顔をるのいちばん　かわいいけど{0000},0x09AD
"",あ{7f02}{7f12}{7f11}のエルフけっこう{7f02}たいくつしわが多いのアレだけどま遊びらっしゃいしゃべりしましょねっ{0000},0x09EE
"",あるぞわが名は{7f12}{7f11}よりに来たりしだおお　旅人こなかよい場所{7f02}全身のホネしっくりくる毎日　楽しくぞ{0000},0x0A2E
"",へんじがな{7f0a}{0000},0x0A6E
"",どう　ホフマンばの気持ち気付いくれのかしらぜい空のお城に戻らわもさあ明日がんば{7f02}アタック　アタック！{0000},0x0A76
"",{7f12}運命の恋をしま{7f11}こへ来てよあなたねっおかげ運命の人めぐり会えよその人の名前ホフマン正直おひとよしともステキなのうふふっ{0000},0x0ABD
"",{7f12}様だ{7f11}のいや～仲間もいっぱいほんいい所だぜおまえに世話にな{7f0b}{0000},0x0B15
"",なんとなくうおちついぜあんたか{7f12}様のぱ　山に帰ろうあ{0000},0x0B42
"",{7f04}クインローザ「あーこんにちはっアタシ　{7f13}来クインローザオホホホホ{7f04}クインローザ「なーに？　どこかで私ある？{7f02}うふふナンパはおわりよ{0000},0x0B6C
"",ズゴゴゴピュ～ズゴゴゴゴピュ～うお～ん　ハラへよゥ{0000},0x0BC0
"",やあんにちはァボクよゥもしかんまり　やせん気がつのァ？{7f02}うお～ん　ダイエット　大成功ゥ{0000},0x0BE4
"",よおだ々　ぶつけアタマの傷痛み出すまく　どういう仕組みオイラの中極悪な性格消えちまろうな？{7f0b}{0000},0x0C1F
"",よおだそれにいく移民集めふところ深すぎオイラたち　を受け入れすぎいつに間にか　みたいなるそれ{7f0b}{0000},0x0C65
"",よおだ々　ぶつけアタマの傷痛み出すまく　どういう仕組みオイラの中極悪な性格消えちまろうな？{7f0b}{0000},0x0CB5
"",よおだそれにいく移民集めふところ深すぎオイラみたいな　{7f02}平気受け入れるそれ{7f0b}{0000},0x0CFA
"",あ～っテメエあののまさか　忘れちゃいめえきつねヶ原だあの　デスパレスへの{7f02}道を聞のなんこんな町着くしかし　まあこの仲間多いみたいだ{7f02}まちがえるのムリはか{0000},0x0D40
"",あ～っテメエあののまさか　忘れちゃいめえきつねヶ原だあの　デスパレスへの{7f02}道を聞ぞ。それなんこんな町着くよ！あんまり　ナメたしやがると{7f02}承知しねえぞ　コラっなに？　伝説の勇者の一行？{7f02}テメエらがま　まあ　な。すぎたいつまウダウダ言うの男らしくもよもう　気にねえぜ住んでみればこいい町みたいだし{7f0b}{0000},0x0DA7
"",おおんたあのの人わしおという者あん言通りこに来悪人ヅラのつらい思いしなくなもっとそれの自分のるにしか{7f02}関心が　連中だがまあ　それ以前を思えば{7f02}ずっマシしわしに来よと思っとる{7f0b}{0000},0x0E62
"",グハハハ。ま{7f12}さまよどうやどもさまおそれをな{7f02}逃げてしまようだグハハハ。ゆかい　ゆかい{0000},0x0EDD
"",グハハハ寝ると思か　バカめ{7f12}さまそんな油断をするわけなかろうわら去れグハハハ{0000},0x0F1C
"",グハハハ。ま{7f12}さまよのどういうワケかさまを見　怖がらんなか　面白い町だ{7f02}恐怖のどん底にたたきこむのやめてたぞ。グハハハ{0000},0x0F53
"",むにゃむにゃボク強いぞう{0000},0x0FA1
"",あおボクに来たおかげボク{7f02}強くなれた気がする今なベスにだ{7f02}負けやしさ{0000},0x0FB2
"",むにゃむにゃきっ強くなやるぞう{7f0b}{0000},0x0FE6
"",あおボクの人　思たより{7f02}怖く{7f02}ちょっぴり　安心ボク強くなるために来たんまり{7f02}喜んいられよ{7f0b}{0000},0x0FFB
"",薄幸の美少女身体は元気になるけど{7f02}心はブルーになるの。{7f02}恋に恋るだけかなんてこんな弱気に似合わよね振り返らの青春よっ{0000},0x1041
"",薄幸の美少女に来れば　すぐ恋人できると思のだれ声かけてきのたま～あ　さそみんな　逃げちゃうし恋をする　むずかしいの{7f12}　負けわっ{0000},0x1094
"",これどうも私お会い{7f02}天空の城の兵士私地上人の調べるためこに来がどうこれで参考になりません地上人の姿さっぱり　見当たら{0000},0x10ED
"",これどうも私お会い{7f02}天空の城の兵士それにマスタードラゴンどう　急地上の調べさせるのでしょうかひょっと　自分地上遊びに来るつもりだとか？{7f02}いや　そんな　まさ{0000},0x113C
"",あこんにちは　でしょなかこすごい町なわねさす地上はちがうわ{0000},0x119D
"",あこんばんは　でしょ地上人眠るの{7f02}と同じだわ。ホントる新発見の連続よ{0000},0x11CA
"",あこんにちは　でしょこに来よわ地上人の生活　なにもか新鮮楽しいものず～っ変わりばえのし{7f02}天空の城での生活とおおちがいだわ{0000},0x1201
"",あお私仮名なか変わ人増えま々　私に似た姿の人けど{7f02}ひょっと　私の知るんあいざ　話しかけようとすると{7f02}しりごみしちゃ私　意気地なし{7f0b}{0000},0x1253
"",あお私仮名言われる通りまきま私の記憶もどる気配ありませんまあ　いいな変に目立つもし{7f02}気楽にいきま{7f0b}{0000},0x12B4
"",こを人{7f02}{7f02}エルフたち見かけなくな住みやすくなわ勝のね{0000},0x1302
"",こを人{7f02}{7f02}エルフ　暗闇に入ると{7f02}目が見えん{7f02}まく　不便な生き物だわ{0000},0x1334
"",こを人{7f02}{7f02}エルフなによ　砂漠の中あるん　森林切り開いのか思たわそれならそう早く{7f02}言くれればいいのに　ぱり　意地悪だわ{0000},0x1368
"",やあ　コンバンハボク{7f02}悪いへッヘッヘボク何かやらかすんかと{7f02}不安だんの安心しな今のところ{7f02}寝人のカオ落書きくらいださ{0000},0x13C0
"",やあ　コンニチハボク{7f02}悪いへッヘッヘボク何かやらかすんかと{7f02}不安だんの安心しな今のところ{7f02}大させいぜい　つまみ食いくらい{7f0b}{0000},0x1413
"",わしゃあの裏切り者あ　裏切り者と追われる{7f02}わしる連中とな仲良くできる同じ　のはみ出し者{7f02}気が合うんこに逃げてきよのう{0000},0x1468
"",わしゃあの裏切り者あと言わし　本当裏切り者ねえわし追われるのエビルプリーストの差し金さあ本当の裏切り者ヤツだ{7f02}わし知っちまな{7f0b}{0000},0x14B9
"",よお最初の友達{7f12}さまと仲良くなるため来たけどなあ気がつけば　いつの間にか　まわりだらけになやがるまれはこれ気楽なけど{7f0b}{0000},0x1514
"",よお最初の友達{7f12}さま最初びびたちあんダチだ言みんな　受け入れたぜ特別だのにわかるさ。と{7f02}仲良くなるのむずかしいよ{7f0b}{0000},0x1563
"",おお私だ{7f02}旅の建築家充分　大きくな{7f02}もはや　私新しい建物作るもだろうそろそろこをはなれ新たな仕事の場探しくべきかもしれ{7f0b}{0000},0x15BB
"",おお私だ{7f02}旅の建築家新しい町作りのために夜の間休んでヒマ図面を引り…構想を練り…{7f02}やるべきいくらあ{7f02}楽しくいそがしい毎日さ{0000},0x160B
"",おお私だ{7f02}旅の建築家に来正解だこに建築の仕事いくらある私の理想通り町作りできるなん本当に幸せ{7f0b}{0000},0x1661
"",おう　{7f4b}ねえか着ぐるみ{7f12}さなあ　もし　だ{7f02}バレたまわりのヤツら食われちまわねえあそう考える一たりと気を抜けねえぜ。やれやれ{0000},0x16A7
"",おう　{7f4b}ねえか着ぐるみ{7f12}さすずしくすごしやすいがなあ昼間にゃ　しんどいぜ{0000},0x16F5
"",おう　{7f4b}ねえか着ぐるみ{7f12}さ人目が気にならなんかくらしやすいぜ来正解だただの格好だり{7f02}暑いの問題だけど{7f02}着ぐるみン中汗ダラダラだぜ{0000},0x1727
"",やあのの親切な人の人につきあみれば{7f02}ガイコツいいヤツは{7f02}わかもらえたみたいオイラ余生送るにする{7f0b}{0000},0x1780
"",やあのの親切な人あん言通りガイコツ{7f02}受け入れた町大きくするにガイコツの手借りたいさラッキーだ{7f0b}{0000},0x17C5
"",あ{7f02}エルフせっかくウォッチング故郷を出のなかこ少なくなっちゃわそろそろ　もっの多い町引っこそうあ{0000},0x180E
"",あ{7f02}エルフ　ぱり　面白いわ{7f02}ほん短い間町の姿どんどん変わくのあたち　エルフ見た信じられだわ{0000},0x1856
"",うおーん　うおーん　うおーん{7f02}引っ越き{7f12}いう仲間　引っ越し祝い届くり　さみしいうおーん　うおーん{0000},0x189A
"",{7f11}ショック死させるためき　少たくさんのところキャーキャー言われてみたい{7f0b}{0000},0x18D4
"",{7f11}ショック死させるためきのおかしいの姿を見どろい　とショック　キキー{0000},0x190F
"",おや？ぞ　おろうなこう　大工仕事のあと酒かっくら　寝転がるのサイコーに気持ちがいいぜ{0000},0x194C
"",おや？おるぞ　おろうなと　しあわせ毎日　大工仕事はげんで{7f0b}{0000},0x1989
"",おお　ひさしいおぬしと　見覚えはあるなおぬしのおかげ私の長い旅ようやく終わり　今しずかに暮ら{7f0b}{0000},0x19BE
"",ぼく{7f11}いうやさしい住人かこまれ毎日　平和に暮ら{7f0b}{0000},0x19FC
"",ぼく{7f11}いうやさしい人たちばかりぼくだ　安心{7f02}暮らせる　いい町な{7f0b}{0000},0x1A20
"",{7f11}出身のいう　に来ればの彼女できる聞けど　なぜか{7f02}の以外の種族ばかりちくしょうを教えたヤツだと思{7f02}ウソを教えやが{7f0b}{0000},0x1A4D
"",{7f11}出身のいう　きょうたくさん　女の相手を{7f02}はやくおつかれだぜふぅ　やれやれだぜ{0000},0x1A9F
"",{7f11}出身のいう　の女のかわいさだまされメロメロかげ毎日ウハウハだぜ{0000},0x1ACF
"",{7f11}罪ほろぼしがくきなぜかこに以外のヤツわんさかまあ　いいけどこりゃあ　いつか移民くるかもしんねえし{7f0b}{0000},0x1AFF
"",{7f11}だけど　まじめにるぜ{0000},0x1B4B
"",うーん　マスタードラゴンよ禁をやぶ　地上へおりた私おゆるしくださいうーんうーん{0000},0x1B60
"",おおとかるか　私世界にしのびよる{7f02}重大な危機下界に住む者知らせる毎日送世界しのびよる危機地獄の帝王のを{7f0b}{0000},0x1B8B
"",こんにち会い　る地上で暮らすらゆる種族につい勉強できるのうれしい{0000},0x1BE0
"",こんにち会い　を知りたいという　私の願いのおかげいま毎日しんせんで楽しい{0000},0x1C10
"",そなたこすすめた者だ{7f02}私はおぬしの言うとおりこへ来たより以外の者の数多いではか{0000},0x1C43
"",そなたこすすめた者だ{7f02}私は禁をやぶま下界へりかいあぞれば　居ながらにのまなべる{7f0b}{0000},0x1C7C
"",あ{7f12}こ　旅人さんおかしいのなた以外の者多いの私引っ越す前へっちゃのかしら{7f0b}{0000},0x1CBE
"",あこんにちは　{7f02}エルフのの友だちいっぱいでき{0000},0x1CFC
"",それがしおいでか？{7f02}デスパレス抜け出き{7f12}でござる城の仲間の思い出すでござる。みな　元気だろうか{0000},0x1D21
"",それがしおいでか？教もらでござるに来て　確信いっそう　深めまの中に最近のピサロさまの{7f02}やり方不をいだく者り{7f02}という分でござる{0000},0x1D61
"",それがしおいでか？{7f02}デスパレス抜け出き{7f12}でござる城の仲間の思い出すでござる。みな　元気だろうか{0000},0x1DB9
"",それがしおいでか？教もらでござるの方たち広い心お持ちの方ばかりであるの私のびのび暮らま{7f0b}{0000},0x1DF8
"",うーんやめ　ベホマン海に流すのだけは泳げうーん　うーん{0000},0x1E37
"",おやおやなたがたは！？よ　イムルの牢屋{7f12}でごぜえますあのときホントにどうもあのまま牢屋酒が飲め{7f02}状態が続いてたやばっなにやばい？は酔いさめちまうと{7f02}ばくはつするんよひっく{0000},0x1E5A
"",よな？しっかりるぜに来確信ぜぱ以外のヤツら地獄の帝王怖れ{7f0b}{0000},0x1EC3
"",よな？しっかりるぜ地獄の帝王おそれる気持ちもいっしょな{7f02}なんかが身近に感じるぜというわけの人たちのに親切にくれる{0000},0x1EFA
"",おうおぬし{7f12}こ　若者ではかおぬしが言うにたちだ言以外種族しかおらんぞホントはわしの知識さずけた際　誰に{7f02}わしの知識さずけてやるわい{0000},0x1F4C
"",おうおぬし{7f12}こ　若者ではか何百年も生きる　の{7f02}わしになど　どれだけ年といようすべて若く見えるその限りある生を生きるわしぼうだいな知識さずけるの快感{7f0b}{0000},0x1FAC
"",私と{7f02}いちど　てまぶじ夜が明けるだろうかこう間に地獄の帝王地上に攻めてこか　心配{0000},0x200F
"",私と{7f02}いちど　てま私世界に広がりつつある{7f02}地獄の帝王の恐怖心少し{7f02}やわらげるため来ま{0000},0x204E
"",あを教えたねの来たけど以外の者たちやたら多く　住んでるわちょっと残念だけど　ホビットや以外についまなぶの悪くわ{7f0b}{0000},0x208C
"",{7f12}は今　夜のの生活かんさつの{7f12}たち　エルフとちが日が暮れ　活発うごきまわるものなの{7f0b}{0000},0x20DC
"",あ人ね{7f12}エルフだの{7f02}くわしくなけどこに来の　いっぱい　まなの{0000},0x210F
"",あ私教もらよひどい。に来ればの男の人いっぱい{7f02}言のに女ばっかりの失礼しちゃうわ　ぷんぷん{0000},0x213E
"",こう　ウロウロいれば{7f02}すてきなの男の人私やさしく声かけるはずいつまでた誰ナンパくれわ。えーん私エルフだぁ？{7f0b}{0000},0x2182
"",ほー　元気だ{7f02}エルフの男の人たくさんいよりどり　みどり{7f02}感じ私の人生　バラ色よ{0000},0x21CA
"",私{7f12}見てのとおり　しかし住人以外の{7f02}者が多く　羽のはえ私の姿見どろきません私おどろかれのよりめずらしい　種族たくさんせいでしょうか{0000},0x21FF
"",私{7f12}見てのとおり　空の上くら地上で寝起きするのとしんせん。もう　サイコー{0000},0x2251
"",私{7f12}見てのとおり　しかしを知らせいか{7f02}と　私めずらしがりままあ　がたてば　私とけこめるでしょう{0000},0x2282
"",キキ　{7f12}いっぱい　の城{7f02}逃げ出きたの城ころ夜寝かせらえず　朝まはたらかされた　キキ{0000},0x22C1
"",キキ　{7f12}いっぱい　の城{7f02}逃げ出きたこきつかうヤツ{7f02}い　天国だ　キキ{0000},0x22FB
"",べろべろ　ばあちおどろか{7f12}さまべろべろ　ばあ　おどろかねーとはお前　心臓に毛がはるぜそれボーボーに{7f0b}{0000},0x232A
"",昼善良にはたらくさま本性をあらわすぜけどこは以外のヤツら多い　ボーンさま必殺技あまり　通用しねえよ{7f0b}{0000},0x2367
"",べろべろ　ばあちおどろか{7f12}さまべろべろ　ばあ　おどろかねーとはお前　心臓に毛がはるぜそれボーボーに{7f0b}{0000},0x23A8
"",昼善良にはたらくさま本性をあらわすぜまあ　シゲキが強すぎっ{7f02}心臓の弱いやつ夜のさま話しかけ方身のためだぜ{0000},0x23E5
"",オラうおーん{7f4b}のおかげ深ヅメ治しも気に入る{7f02}{7f4b}　大好きだー{0000},0x2426
"",うおーん。に着くまで深ヅメすっかり治他の気をそらいれば{7f02}すぐに治るとだのかー{7f4b}　むちゃくちゃたま　よなあーうおーん　うおーん{0000},0x2452
"",キィキィお前に教えられに来たいい町とも悪い町と思えんこんな町を教えるとお前　ホント微妙なトコついるヤツだ{7f0b}{0000},0x24A0
"",まっ{7f4b}～あ{7f12}る不思議な感じが{7f02}といい町{7f02}疲れ目すっかり治わ{0000},0x24E9
"",まっ{7f4b}～あ{7f12}るのんびりいといい感じ{7f02}ええ　気に入わ{0000},0x2519
"",おお{7f4b}か魔族の親善大使　どうも魔族の者ばかり増きたように思うのだ気のせいか？　う～む{0000},0x2543
"",おお{7f4b}か魔族の親善大使と魔族の{7f02}交流があ　すばらしいんな町探のだ{0000},0x257A
"",うおおっに来て　すっかり{7f02}精神おだやかになぞふむふむ。戦いの日々ばかり人生ではと{7f02}非常よい勉強にな{0000},0x25AD
"",ぷるぷるっ。あ悪いわなか{7f02}にと　と住みやすい町になわいい町ありがとねっぷるぷるっ！{0000},0x25EE
"",ぷるぷるっ。あ悪いわせっかくに来なんとなくとの間距離感じるのあ気のせいかしらあ？{7f02}ぷるぷる　ぷるぷる{0000},0x2629
"",あたい{7f12}{7f12}るん　とも住みやすいけどいしそうな食べ物あんまり　のよんそのおかげダイエット成功しそうよんぜんぶなおかげねん{0000},0x266C
"",あたい{7f12}{7f12}るんに来たおいしそうななく食べ物いっぱい目移りしちゃうわん{0000},0x26B6
"",おお前たちか私よくよく考みれば{7f02}わが城へ帰るに飛んで帰れば{7f02}よのだわははははしかし気に入しま{7f02}帰るのしばらく先にしよう{0000},0x26E4
"",まあなたは旅人さま私仲間探せっかく　教だの見つかりませんと　ショックそろそろ　一度{7f02}天空城戻ほうよいのかしら{0000},0x272F
"",おお会い方{7f02}私魔族の王がそうはそれだれなのかこれでマスタードラゴンさまお伝えできません。ううむっ{0000},0x2780
"",ぷるぷるっぼくビリアさんいうと{7f02}心を通わせついビリアさん{7f02}どこか　行っちゃみたいさみしいよーん{0000},0x27C6
"",ぷるぷるっぼくビリアさんいうと{7f02}心を通わせついビリアさん{7f02}なか　頼りの見心配になるの{0000},0x2800
