"",きょ…た女性にモテる方モテ方か言われれば　どちらかというモテ人生を　歩んできたと思うそれがどう今じゃ　女性ばかりの町の創始者だぞわははははっう～ん。われながら　興奮しすぎで{7f02}どう　リアクションいいものか{7f02}ちょ　判断つきかねとにかく明日だ町の女性たち嫌われ身だしなみに気をつけ。{7f0b}{0000},0x0268
"",　{7f42}で{7f02}道に迷間{7f42}入るたびなとても悲しい気分にな改め商売のむずかしさを痛感す{7f02}こ　わけのわ町するつもりじゃなかのにはじめ順調たはず{7f02}それある頃　奇妙な連中ばかり{7f02}わんさ町に集まり始めてまさかとは思うわざと？いや　そバカなっそ　ありっこを信じてる！{7f0b}{0000},0x0309
"",であるなそれに{7f42}城ができてしまなどとまく　信じられんであやはこういう町に自分までエラくなな{7f02}気分になるわい！　どわっはっはっは普通の町を作るつもりでいたのこふう町発展するなど{7f02}夢に思わんかないずれ　{7f1f}くんたちに礼のひとつ言わねばならんどわっはっはっは！{7f0b}{0000},0x03A6
"",　遠くのお山に最近朝晩まで{7f02}{7f42}で　畑仕事せいを出す毎日やく　イチゴの種芽を出し今度パデキアの栽培も{7f02}ためみかと思うしかし　こう畑仕事熱中今まで作り燃えたのウソみたいやっぱ人間だもの大地の恵みを得る作業の方町なんて作るよよほど意味があさあ　明朝が早いぞまだばかりだもう寝るにし。{7f0b}{0000},0x0432
"",　太陽は西の空神々しき{7f02}茜の余韻を残　沈んでい最近朝も夜もお祈りを欠かさ祈るで　心が洗わな{7f02}清々しい気分になる町を作るこそあたえら使命だ思いたそれ思いちがいたと気づい人間み神さまの子供なこう　今　生きるを{7f02}も感謝しなくてはなら神に感謝し　祈りを欠かすなく{7f02}ただ清らかに生きそれこそなすべき使命にちがい。{7f0b}{0000},0x04E3
"",　ぶじにしかし　午前中だけで{7f02}３回も闇討ちにあ。毎日これでそのうち　本当にヤバいぞはあ。希望に燃えてを作り始めたのな{7f02}こなっちゃろうが悪いのか？　それともいや　そどうでもいい今はとにかく　どうや　明生きのびるかを　考えなくてはつまカジノになんか{7f02}行かなきゃいいよなしかし　う～む。{7f0b}{0000},0x0599
"",{7f42}人々世界中買い物に来るへ発展を　とげた町がこうな　はじめわかはじめ　こ町を{7f02}作りたかっ！実家の父も{7f02}これなら　よろこんでくれるだろういつみをここに呼び寄せそれもこれみの　おかげだみ　本当にありがとうっ！！{7f0b}{0000},0x063A
"",夜ひとよろこびを{7f02}かみしめつつ　この日記を書いを信じてく　みのおかげで{7f02}{7f42}本当に本当すばらしい町に発展した！　最高！しかし　心の奥ちょだけ{7f02}引っかかるではもし町に人々今全然ちがいたらど発展を　とげたのだろうか？たとえば　商売の上手な人や{7f02}聖職者多く集まならいや　そ考えた{7f02}仕方な。仕方がけど{7f02}やっぱちょだけ気になるな。{7f0b}{0000},0x06BA
"",{7f42}に立ときどき　われに返本当自分この町を作のか？　とそもそ実家の宿屋で{7f02}誰のも信じられず　スネてただけの{7f02}ダメ男たのそを{7f02}旅に連れ出くれ出会運がいいなお　センチになる場合じゃ{7f02}なかぞ！　明日まだまだ作りに燃える日々続くなっいよっしゃ～っ！！{7f0b}{0000},0x0774
"",。それにも夜気持ちが沈んで町で　困問題が発生し{7f02}ちょした　人間関係のトラブルとりあえず　すぐに解決した色々な人がし　こういう問題今後も尽きだろうなふう。身体にだいぶ{7f02}疲れたまるみたい{7f02}だけど　弱音をはいてる場合じゃとにかく　明がんばろう。{7f0b}{0000},0x0812
"",最近　むちゃくちゃ忙しい。この日記も{7f02}仕事の合間にし書けくらい{7f42}見るたび姿が変わ毎日　おどろきの連続だ町の人たちみ{7f02}よく働いてくれるし明どうなるかさえ　予測ができだけど　まだまだ　よろこぶのは早いいつの日のミントスも{7f02}超えるな　すごい町にするっ！{7f0b}{0000},0x08A4
"",{7f42}新しい建物でき町が育つの自分の子供成長するみたいで　うれしいものだもを大きくするにの人手必要かな？お！　あせりは禁物{7f02}商売の道地道がなによりて{7f02}言たも。{7f0b}{0000},0x0930
"",　あいう間に町作りやっぱり大変それはそう{7f42}にも{7f02}ずいぶん　人が増えてきたぞの　おかげだなちょ変な人みたいだけど{7f02}枯れ木も山のにぎわいやつあんま文句は言えなそれはともかくと負けてられぞ！明日よりも　がんばろう！{7f0b}{0000},0x0991
"",毎日　とても忙しく　充実した日々思い返みる{7f02}自分の道を進めと言わとき正直言　ものすごく不安だけど　不安がる場合じゃも協力くれるしガムシャラがんばるのみだならできる！　ならできる{7f42}を　絶対すばらしい町みせるっ！！{7f0b}{0000},0x0A14
"",{7f2d}の日記があ{7f02}{7f4b}手にと読{0000},0x0A95
"",で{7f11}町を出る伝えておきます他にだれ出しますか？{0000},0x0AA7
"",やっぱやめときます？{7f02}せっかく　来てく人別れるなんつらいもんね{0000},0x0AC7
"",{7f11}ね町を出てゆく再び会うの大変いいか？{0000},0x0AEA
"",だれを　出しますか？{0000},0x0B07
"",ほかうか？{0000},0x0B10
"",おや？{7f02}だれ出きたいと思さら人がふえれば{7f02}そういう人も出るかもしれません今いみたい{0000},0x0B19
"",苦楽を共にした　住人別れるのさびしいけど町の発展のために人の入れかわり必要なこれ仕方よさ今のところ　{7f02}内心を出たい思人はと{0000},0x0B4A
"",おや　そうかみな。これも{7f02}{7f42}をお願いします信じてますね！{7f0b}{0000},0x0B99
"",町大きくなくるいろいろな問題出てきて{7f02}私仕事に追われる毎日よ特個性的な人多いせい住人同士のトラブル絶えません　グチいても{7f02}仕方ありませんねさうか？{0000},0x0BBB
"",{7f4b}　見ましたか？{7f02}つい{7f42}にも{7f02}宿屋ができましやっぱ宿屋ができる本格的に町らしくなきた{7f02}感じがしますよね。うれしいなあ{0000},0x0C17
"",正直　最初私なんか本当町が作れるだろうか不安たんがみなの協力のおかげで{7f02}なんとかなるも　{7f02}思えるになりましたよ{0000},0x0C56
"",さうか？{0000},0x0C96
"",おかげさまでの住人順調ふえるみたいとにかく　今{7f02}ひとりで住人をふやを大きくする{0000},0x0C9E
