"",では　売りこみに　来たのだな。{7f0a}{7f02}しかし　よほどのことがない限り{7f02}新しい商人は　使わぬ。{7f02}あきらめることだな。{7f0b}{0000},0x0018
"",ならば　このトビラより{7f02}中に　入るがよい。{7f0b}{0000},0x0041
"",お城　ご用達の商人か？{0000},0x0051
"",むにゃむにゃ……。{7f02}異常なーし……むにゃ。{7f0b}{0000},0x005A
"",エンドールの城へ　ようこそ。{7f02}わが国の城門は　民衆のために{7f02}広く　開かれております。{7f0b}{0000},0x006A
