"",トムの息子は　キメラのつばさを{7f02}放り投げた！{7f0b}{0000},0x0018
"",{7f43}ひゃー　ありがてえ！{7f02}わかってるって！　村に帰ったら{7f02}真面目に　はたらくことにするから。{7f0a}{7f02}じゃあ　ひと足先に　{7f02}村に　帰ってるぜっ！{7f0a}{0000},0x002C
"",{7f43}そんなこと言わずに　おくれよ！{0000},0x0062
"",{7f43}トルネコ！　トルネコさんだろ？{7f02}オレだよ　オレ！{7f02}そそそ　トムじいさんの息子だよ。{7f0a}{7f02}ヘマをして　ここに　入れられて{7f02}つくづく　思ったんだ。{7f02}もう　悪いことは　まっぴらだって。{7f0a}{7f02}あんた　商人だったよな。{7f02}だったら　キメラのつばさを{7f02}買ってきておくれよ。{7f0a}{7f02}え？　もう　持ってるって？{7f02}だったら　それを　オレに　くれよ！{7f02}村に帰ったら　礼をするからさ！{0000},0x006F
"",{7f43}トルネコ！　トルネコさんだろ？{7f02}オレだよ　オレ！{7f02}そそそ　トムじいさんの息子だよ。{7f0a}{7f02}ヘマをして　ここに　入れられて{7f02}つくづく　思ったんだ。{7f02}もう　悪いことは　まっぴらだって。{7f0a}{7f02}あんた　商人だったよな。{7f02}だったら　キメラのつばさを{7f02}買ってきておくれよ。{7f0b}{0000},0x00F3
"",あっちに入れられてる　男の姿が{7f02}見えなくなったけど　奥のほうで{7f02}ゴロ寝でも　してるんだろ。{7f0b}{0000},0x0153
"",オレさまは　天下の大ドロボウだ！{7f02}しかし　あっちに　入れられてるのは{7f02}ケチな　盗っ人やろうよ。{7f0a}{7f02}なんでも　レイクナバから{7f02}やってきたらしいぜ。{7f0b}{0000},0x017A
"",ここは　牢獄！{7f02}囚人と　話すこと　まかりならぬ！{7f02}さあ　出てゆかれよ。{7f0b}{0000},0x01B6
"",何者だっ！？{7f0b}{0000},0x01D2
"",ここは　牢獄！{7f02}囚人と　話すこと　まかりならぬ！{7f02}さあ　出てゆかれよ。{7f0b}{0000},0x01D9
