"",うわ～　助けてくれー！{7f02}犬は　苦手なんだ！{7f0a}{7f02}ああ　ダメだ……。{7f02}私の神通力が……。{7f0b}{0000},0x0018
"",{7f04}トーマス「わんわんわん！{7f0b}{0000},0x0039
"",では　どうぞ　ごゆっくり{7f02}お休みください。{7f0b}{0000},0x0046
"",そうですか……。{7f02}では　気をつけて　旅を{7f02}続けられますように。ほっほっほっ。{7f0b}{0000},0x0057
"",それは　お困りでしょう。{7f02}見たところ　お疲れのようすだし{7f02}泊ってゆかれては　どうですか？{0000},0x0071
"",そうですか……。{7f02}では　気をつけて　旅を{7f02}続けられますように。ほっほっほっ。{7f0b}{0000},0x0093
"",ようこそ　旅のお方。{7f02}道にでも　迷いましたかな？{0000},0x00AD
