"",明日こそは　ちゃんと{7f02}働いてくれよな。{7f0b}{0000},0x0018
"",そうか　ご苦労だったな。{7f02}じゃあ　今　給料を計算するからな。{7f0a}{7f02}……って　おいおい。{7f02}お前さん　今日は　ちっとも{7f02}働いてねえじゃないか！{7f0a}{7f02}それなのに　給料もらおうとは{7f02}ずうずうしいヤツだな。{7f02}悪いけど　今日は　給料なしだ。{7f0a}{7f02}明日こそは　ちゃんと{7f02}働いてくれよな。{7f0b}{0000},0x0026
"",ぐうぐう……。{7f0b}{0000},0x0087
"",明日も　よろしくたのむぜ。{7f0b}{0000},0x008D
"",明日も　よろしくたのむぜ。{7f0b}{0000},0x0098
"",{7f04}{7f24}は　{7f15}Ｇを　手に入れた！{7f0a}{0000},0x00A3
"",そうかい。ご苦労だったな。{7f02}じゃあ　今　給料を計算するからな。{7f0a}{7f02}ほれ　今日の給料だ。{7f0b}{0000},0x00B1
"",だったら　早く　店にもどって{7f02}商売を　続けてくれ。{7f0a}{7f02}でもって　やめるは　ここに来なよ。{7f02}給料を計算して　ちゃんと　払うからな。{7f0b}{0000},0x00D1
"",どうした？{7f02}今日は　もう　おしまいにするかい？{0000},0x0104
