"",いやあ　お目が　高い！{7f02}あんた　いい商売人になるぜ！{7f02}じゃあ　ありがとよ。{7f0b}{0000},0x0018
"",なんだ　いらないのか……。{7f02}それじゃあ　他をあたってみるか。{7f0b}{0000},0x0035
"",{7f17}なんだが{7f02}こいつは　ちょっと　手に入らないぜ。{7f02}{7f15}Ｇで　どうだい？{0000},0x004D
"",そうか　仕方ないな。{7f02}別の店に　行くとしよう。{7f0b}{0000},0x0067
"",じつは　武器を売りたいんだが{7f02}買ってくれるかね？{0000},0x007A
"",やっぱり　ダメか……。{7f02}邪魔をしたな。{7f0b}{0000},0x008D
"",どうも　ありがとう。{7f02}知り合いにでも　あげることにするよ。{7f02}じゃあ　またな。{7f0b}{0000},0x009F
"",なんと！{7f02}私は　これを　装備できないようだ。{7f02}それでも　売ってくれるかね？{0000},0x00BD
"",おや？　待ってくれ。{7f02}どうも　持ち物が　いっぱい{7f02}だったようだ。{7f0a}{7f02}どこかで　売るか　捨てるか{7f02}してくるから　よろしくな！{7f0b}{0000},0x00D9
"",おっと　それを買うには{7f02}お金が　足りなかったよ。{7f0a}{7f02}邪魔をしたな。また　来るよ。{7f0b}{0000},0x0107
"",だったら　いらねえや。{7f02}じゃあ　またな！{7f0b}{0000},0x0126
"",仕方ないから　その値段で　買おう。{7f02}どうも　ありがとよ。{7f0b}{0000},0x0136
"",なんだって？　値上げをしたって？{7f02}{7f17}は　今日から{7f02}{7f15}Ｇに　なったって？{0000},0x014D
"",なんと　まけてくれるのかい！{7f02}{7f17}を　いくらで買える？{7f02}{7f15}Ｇで　いいかね？{0000},0x0168
"",いや　いい買い物をした。{7f02}ありがとう。また来るよ。{7f0b}{0000},0x0184
"",あんた　冗談が　好きだなあ……。{7f0a}{0000},0x0197
"",{7f17}を　買おう。{7f02}{7f15}Ｇで　いいんだね？{0000},0x01A5
"",おい　おい。{7f02}冗談言わないで　見せてくれよ。{0000},0x01B3
"",売っている物を　見せてくれるかね？{0000},0x01C5
"",なんだ　ちがうのか。{7f02}どうも　邪魔をしたな。{7f0b}{0000},0x01D3
"",ここは　武器の店かね？{0000},0x01E5
"",明日も　よろしくたのむぜ。{7f0b}{0000},0x01EE
"",{7f04}{7f24}は　{7f15}Ｇを　手に入れた！{7f0a}{0000},0x01FB
"",今日は　もう　遅くなったから{7f02}そろそろ　店じまいだ。{7f02}ご苦労だったな。{7f0a}{7f02}ほれ　今日の給料だ。{7f0b}{0000},0x0208
"",この店は　商売する気が{7f02}あるのかい？{7f02}いつまで　待たせるつもりだ！{7f0b}{0000},0x022E
"",そうかい。{7f02}まっ　お前さんにも　いろいろと{7f02}やりたいことは　あるだろうからな。{7f0a}{7f02}いつまでも　オレに使われていても{7f02}仕方ないし……。{7f0a}{7f02}わかった！　がんばるんだぜ。{7f02}そして　ここで　はたらきたくなったら{7f02}また　いつでも　もどってきなよ。{7f0b}{0000},0x024A
"",そこに　立っていれば{7f02}お客さんが　来るはずだ。{7f0a}{7f02}給料は　ちゃんと　歩合で払うから{7f02}しっかり　はたらくんだぜ。{7f0a}{7f02}じゃあ　まかせたよ。{7f02}オレは　下に　いるからな。{7f0b}{0000},0x02A2
"",待っていたぜ。{7f02}はたらきに　来たんだよな？{0000},0x02E1
"",だったら　早く　こっちへ来な。{7f0b}{0000},0x02F0
"",なんだ　そうだったのか。{7f02}よし　わかった！{7f0a}{0000},0x02FD
"",そんなとこに　つったっていないで{7f02}早く　こっちへ　回ってきな。{7f0a}{7f02}それとも　今日は{7f02}お客として　来たのかね？{0000},0x030C
"",そこに　立っていれば{7f02}お客さんが　来るはずだ。{7f0a}{7f02}給料は　ちゃんと　歩合で払うから{7f02}しっかり　はたらくんだぜ。{7f0a}{7f02}じゃあ　まかせたよ。{7f02}オレは　下に　いるからな。{7f0b}{0000},0x0335
