"",旅の途中　不吉なうわさを聞いた。{7f0a}{7f02}この村の　はるか北{7f02}キングレオの新しい王さまは{7f02}悪魔に　魂を売ったとか……。{7f0a}{7f02}もし　それが本当なら{7f02}やがて　この国は……。{7f0b}{0000},0x0018
"",そうかい？{7f02}気をつけてゆくんだよ。{7f0b}{0000},0x0056
"",おはよう。{7f02}気をつけてゆくんだよ。{7f0b}{0000},0x0064
"",じゃあ　ゆっくり　おやすみ。{7f0b}{0000},0x0071
"",この村の　あんたたちから{7f02}お金を　もらうわけには　いかねえ。{7f02}タダでいいよ。休んでいくかい？{0000},0x007E
"",エドガンさんの　娘さんだね！{7f0a}{0000},0x009F
