"",うむ　そうだな。{7f02}{7f1f}が　村を出るには{7f02}もっともっと　強くならなくてはな。{7f0b}{0000},0x0018
"",しかし　まだ　その時ではない。{7f02}今のお前では　まだまだ{7f02}ちから不足なのだよ。{7f0b}{0000},0x0034
"",ここは　村の入り口。{7f02}あやしいヤツが　入ってこぬよう{7f02}見張っているのだ。{7f0a}{7f02}ところで　{7f1f}。{7f02}村のそとへ　出たいか？{0000},0x0051
"",ぷはーーっ！！{7f02}おお　{7f1f}　お前も{7f02}水を飲みにきたのか？{7f0a}{7f02}今日の　剣のけいこは{7f02}少々　あらっぽかったからな。{7f02}わっはっはっは。{7f0a}{7f02}ところで　シンシアとは{7f02}あいかわらず　仲がいいみたいだな。{7f0a}{7f02}つい先日も　オレのところに来て{7f02}{7f1f}を　あまり　いじめるなだと。{7f0a}{7f02}まあ　たしかに最近は　けいこが{7f02}すぎたかも知れんが　それはそれだけ{7f02}お前も　強くなってきたということだぞ。{7f0b}{0000},0x007F
"",やや　{7f1f}。{7f02}つかれた顔をしてるな。{7f02}そうかい　剣のけいこを……。{7f0a}{7f02}大変そうだけど　くじけるなよ。{7f02}なんせ　{7f1f}は　オレたちの{7f02}希望なんだから。{7f0a}{7f02}といっても　今の　お前には{7f02}なんのことだか　わからないよな。{7f02}気にしなくて　いいぜ。{7f0b}{0000},0x010E
"",おや　{7f1f}だがや。{7f02}そろそろ　日も暮れるべな。{7f0a}{7f02}どれ　おいらも　家にもどって{7f02}めしにするべか。{7f0b}{0000},0x0165
"",もう　さっしているとは思いますが{7f02}じつは　わたしは　ある国の姫でした。{7f0a}{7f02}しかし　悪い魔法使いに　のろいを{7f02}かけられ　このような姿に{7f02}されてしまったのです。{7f0a}{7f02}まあ　なってしまったものは{7f02}しかたがないし　カエルも思ったほど{7f02}わるくは　ありません。{7f0a}{7f02}そんなわけで　毎日{7f02}のんきに暮らしていたのですが……{7f0a}{7f02}こまったことが　あります。{7f02}それは…………{7f0a}{7f02}それは………………。{7f0a}{7f02}…………………………。{7f0a}{7f02}あ！　いけない　誰か　来るわ！{7f0b}{0000},0x018B
"",あなたは　やさしい人ですね。{7f02}その　やさしさをみこんで{7f02}お願いがあります。{7f0a}{0000},0x0227
"",あなたは　正直な人ですね。{7f02}その正直さを　みこんで{7f02}お願いがあります。{7f0a}{0000},0x0244
"",あ！　おどろかないで……。{7f02}わたしは　カエルでは　ありません。{7f0a}{7f02}あ！　今　どう見ても　カエルだって{7f02}思いましたね？{0000},0x0260
"",勇者さま　どうか　たすけて……。{7f0b}{0000},0x028C
"",勇者さま　勇者さま……。{7f0b}{0000},0x0299
"",勇者さま　勇者さま……。{7f0b}{0000},0x02A4
