"",　{7f02}物語は　これより　はじまる……。{7f0c}{7f0c}{7f0c}{7f0c}{7f0c}{7f0c}{0000},0x0018
"",おお　そうだったな！{7f02}こりゃ　わしと　したことが……。{7f02}わはっ　わはっ　わはははは！{7f0b}{0000},0x002B
"",父さんたら　なにを言うかと思ったら！{7f02}食事中に　さびしくなるような話は{7f02}やめてくださいよっ。{7f0a}{7f02}{7f1f}は　ずっと　私たちと{7f02}いっしょに暮らすんですよ。{7f02}たとえ　どんなことがあってもね！{7f0b}{0000},0x004A
"",ふむ！　これは　うまいわい！{7f02}もぐもぐ　もぐもぐ……。{7f0a}{7f02}ときに　{7f1f}よ。{7f02}お前は　まだ小さいから　この村しか{7f02}知らないだろうが……{7f0a}{7f02}外の世界は　とても広いのだ。{7f02}そして　いろんな人たちが{7f02}暮らしておる。{7f0a}{7f02}お前も　やがて　大きくなって{7f02}この村を　はなれる時が{7f02}来るかも知れん。{7f0a}{7f02}その時　外の世界で{7f02}お前は　どんな人たちと{7f02}出会うのであろうな……。{7f0b}{0000},0x0091
"",さあ　{7f1f}。{7f02}お前も　席におつき。{7f0b}{0000},0x0116
"",はいはい。今　はこびますよ。{7f0b}{0000},0x0123
"",よし！　母さん{7f02}そろそろ　めしにしよう！{7f02}もう　ハラが　ペコペコだわい。{7f0b}{0000},0x012F
"",おお　もどったか　{7f1f}。{7f02}今日も　一日　ごくろうだったな。{7f0b}{0000},0x014B
"",そうか……。{7f02}あきらめて　もどったのかも知れんな。{7f02}まあ　いいだろう。{7f0a}{0000},0x0161
"",そうか　それは　よかった。{7f0a}{0000},0x017B
"",うん　{7f1f}　もどったか？{7f02}それで　シンシアとは　会えたかい？{0000},0x0185
"",おお　もどったか　{7f1f}。{7f02}時に　シンシアの姿が見えんようだが。{7f0a}{7f02}さきほど　{7f1f}を呼びにいくと{7f02}出ていったのだが　どこかで{7f02}すれちがいに　なったのかも知れん。{7f0a}{7f02}もし　まだ　さがしているようなら{7f02}かわいそうだから　お前　そのあたりを{7f02}さがしてきておやり。{7f0b}{0000},0x019B
"",あら　おかえり　{7f1f}。{7f02}おなかが　すいただろ。{7f02}今　食事にするからね。{7f0b}{0000},0x01F9
