"",{7f04}シンシア「あ！　そうそう！{7f02}{7f1f}の　お母さんがよんでたわよ。{7f02}もう　夕食だって。{7f0a}{7f02}{7f04}シンシア「じゃあ　{7f1f}{7f02}また　明日ね！{7f0b}{0000},0x0018
"",{7f04}シンシア「じゃあ　わたし　いくわ！{7f0b}{0000},0x0047
"",{7f04}シンシア「って　ごめんなさい。じつは{7f02}それ以上　思いうかばなかったの。{7f0a}{7f02}{7f04}シンシア「もうすこし　ちゃんと先の話まで{7f02}考えてから　やればよかったんだけど{7f02}{7f1f}に　はやく見せたかったのね。{7f0a}{7f02}{7f04}シンシア「びっくりしたでしょ！{7f02}わたし　いろんなものに姿を変えられる{7f02}モシャスの呪文をおぼえたのよ！{7f0a}{0000},0x0055
"",{7f04}シンシア「のんきに暮らしていたのですが{7f02}こまったことが　あります。{7f02}それは……{7f0a}{7f02}{7f04}シンシア「それは…………{7f0a}{0000},0x00CA
"",{7f04}シンシアは　モシャスをとなえた！！{7f0b}{0000},0x00F4
"",{7f04}シンシア「うぷ！　あはははは{7f02}あははは……　もう　だめ！！{7f0a}{7f02}{7f04}シンシア「{7f1f}が　見たのは{7f02}このカエルでしょう。{7f0a}{0000},0x0103
"",{7f04}シンシア「あ　{7f1f}　剣のけいこ{7f02}もう　終わったみたいね。{7f0a}{7f02}{7f04}シンシア「ん？　どうかしたの？{7f02}え？　おおきなカエル？{7f02}なんのことかしら……。{7f0a}{7f02}{7f04}シンシア「わたしは　ずっとここにいたけど{7f02}カエルなんて　見な……{7f0a}{7f02}{7f04}シンシア「見　見なか……{7f0b}{0000},0x012B
"",おお！！　なかなか頑張るな。{7f0a}{7f02}しかし　今日は　このくらいに{7f02}しておこう。{7f0a}{0000},0x0184
"",私の役目は　はやく　お前を{7f02}一人前に　育てることだが{7f02}あせっても　しかたあるまい。{7f0a}{7f02}さて　もどるとするか。{7f02}{7f1f}も　家で　ゆっくり{7f02}休むといいだろう。{7f0b}{0000},0x01A1
"",そうだな。今日は　このくらいに{7f02}しておこう……。{7f0a}{0000},0x01DF
"",どうした？　{7f1f}。{7f02}もう　降参かい？{0000},0x01F2
