"",仕事のあとの　一杯は{7f02}さいこーですなあ。{7f0b}{0000},0x0018
"",ひっく！{7f02}やだわー　酔ってきちゃった。{7f0b}{0000},0x0027
"",きれいな　姉ちゃんと飲む酒は{7f02}うめえや……ひっく。{7f0b}{0000},0x0036
"",さっき　ものすごく色っぽい娘が{7f02}カジノに　おりていったんだ。{7f02}くそー　たまんねえなあ……ひっく。{7f0b}{0000},0x0049
"",いらっしゃい。{7f02}ゆっくり　飲んでいってね。{7f0b}{0000},0x006C
