"",{7f04}{7f26}「……あたしらじゃなく{7f02}あんただけがね！{7f0b}{0000},0x0018
"",{7f04}{7f25}「そうそう　あいつらに{7f02}一滴のこらず　生き血を吸われて{7f02}死んでしまうわ。{7f0b}{0000},0x0029
"",{7f04}{7f26}「えっ！？　さっき上で{7f02}あたしらのニセ者に　おそわれたから{7f02}あたしたちも　ニセ者じゃないかって？{7f0a}{7f02}{7f04}{7f26}「バカね　そんなわけないでしょ。{7f02}それより　はやく　助けてよ！{7f02}このままじゃ　食べられちゃうわ。{7f0a}{0000},0x0047
"",{7f04}{7f26}「ひどいわ！　見捨てるなんて。{7f0b}{0000},0x0096
"",{7f04}{7f26}「……あたしらじゃなく{7f02}あんただけがね！{7f0b}{0000},0x00A5
"",{7f04}{7f25}「そうそう　あいつらに{7f02}一滴のこらず　生き血を吸われて{7f02}死んでしまうわ。{7f0a}{0000},0x00B6
"",{7f04}{7f26}「やっと　助けに来たのね。{7f02}いったい　何やってたのよ！{7f0a}{7f02}{7f04}{7f26}「えっ！？　さっき上で{7f02}あたしたちのニセ者に　おそわれて{7f02}来るのが　おくれたですって？{7f0a}{7f02}{7f04}{7f26}「あー　もうっ！{7f02}そんなこと　どうでもいいわ！{7f02}このままじゃ　食べられちゃうわ。{7f0a}{0000},0x00D5
"",ケケケ！{7f02}人間の生き血は　われら魔族の{7f02}チカラのみなもとナリ。{7f0b}{0000},0x012E
"",ケケケ！{7f02}あいつらを食ったら　次はお前だ。{7f02}そこで　おとなしく待っていろよ！{7f0b}{0000},0x014A
