"",そうかい？{7f02}気をつけてゆくんだよ。{7f0b}{0000},0x0018
"",おはよう。{7f02}気をつけてゆくんだよ。{7f0b}{0000},0x0026
"",じゃあ　ゆっくり　おやすみ。{7f0b}{0000},0x0035
"",この村の　あんたたちから{7f02}お金を　もらうわけには　いかねえ。{7f02}タダでいいよ。休んでいくかい？{0000},0x0042
"",エドガンさんの　娘さんだね！{7f0a}{0000},0x0065
"",わたしは　旅の商人です。{7f0a}{7f02}そういえば　以前　砂漠のバザーを{7f02}やっていた場所に　新しい町が{7f02}できたと　ウワサに聞きましたな。{7f0a}{7f02}どんな町なのか　一度{7f02}見にいってみたいですが{7f02}それは　さておき……。{7f0a}{0000},0x0072
"",わたしは　旅の商人です。{7f0a}{7f02}この間まで　サントハイムの国で{7f02}砂漠のバザーを開いていたのですが{7f02}それも　終わってしまいました。{7f0a}{7f02}これから　南のモンバーバラに{7f02}行くとちゅうです。{7f0a}{7f02}さて！{7f02}みなさんが　みえたから{7f02}商売をさせてもらいましょう！{7f0a}{0000},0x00BE
