"",へいへい！　いらはい　いらはい！{7f02}といっても　まだ準備中です。{7f02}すいませんねえ……。{7f0b}{0000},0x0018
"",{7f04}{7f2d}「よし　これで{7f02}町の名前が決まった……と。{7f0a}{7f02}{7f04}{7f2d}「ああ　それから　{7f02}私は　これから　この町をはなれ{7f02}近くの小屋に　移ることにしました。{7f0a}{7f02}{7f04}{7f2d}「町作りの方は　できるだけ{7f02}クチを出さずに　住人の自主性に{7f02}まかせたいんですよ。{7f0a}{7f02}{7f04}{7f2d}「町の中にいると　どうしても{7f02}クチ出ししたくなりますからね。{7f02}それを　さけるためですよ。{7f0a}{7f02}{7f04}{7f2d}「私は　これから　{7f02}住人の管理や　相談役などに{7f02}専念しようと思っているんです。{7f0a}{7f02}{7f04}{7f2d}「みなさんの方は　ひきつづき{7f02}人集めを　手伝ってください。{7f0a}{7f02}{7f04}{7f2d}「それでは　みなさん。{7f02}{7f42}の発展のため{7f02}共に　がんばりましょうね！{7f0b}{0000},0x003A
"",{7f04}{7f2d}「そうですか。{7f02}では　もういちど　はじめから。{7f0a}{0000},0x0115
"",{7f04}{7f2d}「では　この町の名前は{7f02}{7f42}ということで{7f02}決まりですね？{0000},0x0128
"",{7f04}{7f2d}「{7f42}ですか。{7f02}うん　いい名前です。{7f02}私じゃ　とても　考えつかない！{7f0a}{0000},0x013E
"",{7f04}{7f2d}「まあ　私としても　{7f02}自分の考えた名前になるなら{7f02}うれしい限りですけど。{7f0a}{0000},0x0159
"",{7f04}{7f2d}「おや？　結局　私が考えた{7f02}{7f42}で　いいんですか？{7f0a}{0000},0x0178
"",{7f04}{7f2d}「やあ　思ってた通りだ。{7f02}やっぱり　{7f42}ですか。{7f02}それ　一番の自信作だったんです。{7f0b}{0000},0x018D
"",{7f04}{7f2d}「うう。やっぱり　私なんかには{7f02}かっこいい町の名前を　考えるなんて{7f02}ムリだったんですね……。{7f0a}{7f02}{7f04}{7f2d}「まあ　しかたありません。{7f02}この上は　{7f4b}さんたちに{7f02}頼るのみです。{7f0a}{7f02}{7f04}{7f2d}「どうか　私なんかには　{7f02}考えつかないような　かっこいい{7f02}町の名前を　決めてくださいよ。{7f0b}{0000},0x01B0
"",{7f04}{7f2d}「やはり　そうきましたか。{7f02}そうおっしゃると思って　本命は{7f02}最後に　とっておいたんですよ。{7f0a}{7f02}{7f04}{7f2d}「では　いきますよ。{7f02}{7f1f}横丁！{7f02}フフフ。どうだ　まいったか！{0000},0x0216
"",{7f04}{7f2d}「あっ　やっぱり！{7f02}私も　いまいちだと思ってたんです。{7f02}じゃあ　次のはどうです？{7f0a}{7f02}{7f04}{7f2d}「{7f1f}ランド。{7f02}なかなか　いいでしょ。{7f02}気に入ってもらえましたか？{0000},0x0255
"",{7f04}{7f2d}「それじゃ　まずは{7f02}私の考えた候補を　言いますね。{7f02}よく考えて　決めてくださいよ。{7f0a}{7f02}{7f04}{7f2d}「まずは　{7f1f}タウン。{7f02}どうです　気に入りましたか？{0000},0x0291
"",{7f04}{7f2d}「どうです？{7f02}しばらく来ないうちに{7f02}すっかり　見ちがえたでしょう？{7f0a}{7f02}{7f04}{7f2d}「移民してきた人たちが{7f02}がんばってくれてるおかげで{7f02}ここも　町らしくなってきましたよ。{7f0a}{7f02}{7f04}{7f2d}「そこで　そろそろ{7f02}ここにも　町らしい名前を{7f02}つけようかと思ってるんですが……。{7f0a}{7f02}{7f04}{7f2d}「私が　いくつか　{7f02}候補を考えたんですけど　{7f02}どうにも　決めかねていましてね。{7f0a}{7f02}{7f04}{7f2d}「かくなる上は　移民集めに{7f02}協力してくれている　みなさんに{7f02}決めてもらおうと　思うんですよ。{7f0a}{0000},0x02CB
"",{7f04}{7f2d}「あっ　みなさん！{7f02}お待ちしていましたよ。{7f0b}{0000},0x0375
