"",{7f04}{7f2d}「なんだか　例えようもない程{7f02}変な人が　来ちゃいましたね。{7f02}言ってることも　おかしいし……。{7f0a}{7f02}{7f04}{7f2d}「でもまあ　あんな人が{7f02}ひとりくらいいても　いいですよね。{7f02}ふたりは　ゴメンですけど。{7f0b}{0000},0x0018
"",{7f04}{7f2d}「まさか　あんな高貴な人が{7f02}こんな　何もないところに{7f02}移り住んでくるなんて……。{7f0a}{7f02}{7f04}{7f2d}「うれしい気持ちも半分。{7f02}なにか　無礼があるんじゃないかと{7f02}ヒヤヒヤしてますよ。{7f0b}{0000},0x0063
"",{7f04}{7f2d}「詩人が　来てくれると{7f02}なんだか　ここも文化レベルが{7f02}上がったような気がしますね。{7f0a}{7f02}{7f04}{7f2d}「でも　実際は　まだまだ{7f02}ただの荒野も同然ですから　早く　{7f02}町と呼べるようにしたいものです。{7f0a}{7f02}{7f04}{7f2d}「さあ　文化レベルの高い町を{7f02}目指して　ジャンジャン{7f02}新たな移民者を　集めてください！{7f0b}{0000},0x00AB
"",{7f04}{7f2d}「戦える人が　来てくれれば{7f02}ここも　魔物におそわれなくなって{7f02}安心して　住めますね。{7f0a}{7f02}{7f04}{7f2d}「さすが　{7f4b}さん。{7f02}目のつけ所が　ちがいますよ。{7f02}本当に　助けられます。{7f0b}{0000},0x0123
"",{7f04}{7f2d}「う～ん　{7f4b}さんが{7f02}動物好きなのは　わかりましたが{7f02}私は　人手を必要としてるんですよ。{7f0a}{7f02}{7f04}{7f2d}「次の機会には　どうか{7f02}人間の移民を　つれてきてください。{7f02}お願いしますよ！{7f0b}{0000},0x0169
"",{7f04}{7f2d}「町作りには　とにかく　{7f02}まず　チカラ仕事をしてくれる人が{7f02}必要ですからね。{7f0a}{7f02}{7f04}{7f2d}「その点では　ホビット族は{7f02}頼りになりますよ。この調子で{7f02}ジャンジャン　人を集めてください。{7f0b}{0000},0x01B3
"",{7f04}{7f2d}「この不毛の地を{7f02}豊かにするには　農夫の協力は　{7f02}欠かせませんよね。{7f0a}{7f02}{7f04}{7f2d}「さすが　{7f4b}さん。{7f02}見事な判断です。{7f02}この調子で　たのみますよ。{7f0b}{0000},0x0201
"",{7f04}{7f2d}「せっかく　シスターに{7f02}来てもらったのに　おむかえする{7f02}教会がないとは　情けない……。{7f0a}{7f02}{7f04}{7f2d}「こうしては　いられません。{7f02}{7f4b}さん　一刻も早く　教会を{7f02}建てるため　人を集めてください！{7f0b}{0000},0x023E
"",{7f04}{7f2d}「せっかく　神父さまが{7f02}来てくださったのに　ここには{7f02}まだ　教会がないんですよね。{7f0a}{7f02}{7f04}{7f2d}「こうしては　いられません。{7f02}{7f4b}さん　一刻も早く　教会を{7f02}建てるため　人を集めてください！{7f0b}{0000},0x028B
"",{7f04}{7f2d}「あんな　色っぽい人を{7f02}この何もない場所に　呼ぶなんて{7f02}さすが　{7f4b}さんですね！{7f0a}{7f02}{7f04}{7f2d}「でも　なんだか　町作りに{7f02}集中できなくなっちゃいそうです。{7f02}彼女の視線が　気になっちゃって…。{7f0a}{7f02}{7f04}{7f2d}「……うう。{7f02}こんなことじゃあ　ダメだ。{7f02}しっかりしろ　{7f2d}！{7f0b}{0000},0x02D4
"",{7f04}{7f2d}「こんな　砂漠の真ん中に{7f02}船乗りが　来るなんて……。{7f0a}{7f02}{7f04}{7f2d}「{7f4b}さん　いったい{7f02}どういう　すすめ方したんですか？{7f0a}{7f02}{7f04}{7f2d}「まあ　彼が　町作りに{7f02}協力してくれるなら{7f02}私は　別にいいんですけど……。{7f0b}{0000},0x033A
"",{7f04}{7f2d}「あの姿は　どう見ても{7f02}囚人では……？{7f0a}{7f02}{7f04}{7f2d}「いや。でも　彼だって{7f02}町作りを手伝うために　ここまで{7f02}来てくれた人なんだ。{7f0a}{7f02}{7f04}{7f2d}「あんな　格好してても{7f02}本当は　いい人なんですよ。{7f02}ねえ　そうだと言ってください！{7f0b}{0000},0x038A
"",{7f04}{7f2d}「なんだか　ガラの悪い人が{7f02}来ちゃいましたね……。{7f0a}{7f02}{7f04}{7f2d}「いやいや　人を見かけで{7f02}判断するなんて　町の代表としても{7f02}人としても　失格だ！{7f0a}{7f02}{7f04}{7f2d}「彼だって　いっしょに{7f02}町作りをする仲間なんだから{7f02}信じなくっちゃ。{7f0b}{0000},0x03E0
"",{7f04}{7f2d}「せっかく　バーテンさんが{7f02}来たってのに　ここには　まだ{7f02}酒場のひとつも　ないんですよね。{7f0a}{7f02}{7f04}{7f2d}「これじゃあ　いけません。{7f02}一刻も早く　酒場を作るためにも{7f02}もっと　人を集めてくださいね。{7f0b}{0000},0x043A
"",{7f04}{7f2d}「いいなあ　メイドさん。{7f02}よく　働いてくれるし　なにより{7f02}見ていて　気分がはなやぎますよ。{7f0a}{7f02}{7f04}{7f2d}「……おっと　別に　私は{7f02}特別に　メイド好きってわけじゃ{7f02}ありませんからね！{7f0a}{7f02}{7f04}{7f2d}「今　言ったのは　あくまで{7f02}一般論なわけで……と　とにかく{7f02}この調子で　がんばってください。{7f0b}{0000},0x0487
"",{7f04}{7f2d}「さすが　砂漠のバザーが{7f02}あった所だけあって　商人には{7f02}ここは　なじみ深い場所なんですね。{7f0a}{7f02}{7f04}{7f2d}「さっそく　なにやら　{7f02}商売を始めたみたいです。{7f02}いや～　頼りになるなあ。{7f0a}{7f02}{7f04}{7f2d}「これからも　この調子で{7f02}多くの人々に　この場所のことを{7f02}すすめてくださいね。{7f0b}{0000},0x04F9
"",{7f04}{7f2d}「いくら　町作りには{7f02}若い働き手が　必要だからって{7f02}子供を　つれてこられてもなあ……。{7f0a}{7f02}{7f04}{7f2d}「ここは　迷子のあずかり所じゃ{7f02}ないんですから　ちゃんと働ける{7f02}大人を　つれてきてくださいよ。{7f0b}{0000},0x0563
"",{7f04}{7f2d}「あのう……できれば{7f02}お年寄りでなく　もっと若い人を{7f02}つれてきてもらえないでしょうか？{7f0a}{7f02}{7f04}{7f2d}「いえ　お年寄りがいけないと{7f02}言ってるわけじゃないですよ。{7f02}ただ　やっぱりねえ……。{7f0a}{7f02}{7f04}{7f2d}「そういうワケで　ひとつ{7f02}活きのいい　若い人を中心に{7f02}ここを　すすめてくださいね。{7f0b}{0000},0x05B2
"",{7f04}{7f2d}「私　母親を亡くしてるんで{7f02}あれくらいのトシの女性には　妙に{7f02}親しみを　感じちゃうんですよね。{7f0a}{7f02}{7f04}{7f2d}「いっしょに　働いてても{7f02}キモが座ってて　頼りになるし{7f02}料理も　うまいし……。{7f0a}{7f02}{7f04}{7f2d}「……いいなあ　おばさん。{7f0b}{0000},0x0622
"",{7f04}{7f2d}「女の人が　いてくれると{7f02}こんな不毛の地であっても{7f02}はなやぐものですね。{7f0a}{7f02}{7f04}{7f2d}「これからも　この調子で{7f02}多くの人々に　この場所のことを{7f02}すすめてください。{7f0b}{0000},0x067C
"",{7f04}{7f2d}「やっぱり　町を作るには{7f02}男手が　必要です。さすが{7f02}{7f4b}さんは　わかってますね。{7f0a}{7f02}{7f04}{7f2d}「これからも　この調子で{7f02}多くの人々に　この場所のことを{7f02}すすめてください。{7f0b}{0000},0x06BC
"",{7f04}{7f2d}「この地に　町を作るには{7f02}とにかく　人手が必要です。{7f0a}{7f02}{7f04}{7f2d}「世界中を　旅していれば{7f02}新しい土地に　移りたがっている人に{7f02}会うことでしょう。{7f0a}{7f02}{7f04}{7f2d}「そういう人たちに　会ったら{7f02}どうか　この地のことを{7f02}すすめてくださいませんか。{7f0a}{7f02}{7f04}{7f2d}「人が集まれば　きっと{7f02}この不毛の地にも　立派な町が{7f02}生まれるはずですよ！{7f0b}{0000},0x06FF
