"",スロットマシーンがあります。{7f02}やってみますか？{0000},0x0018
"",今日は　ひさびさに{7f02}勝たして　もろうたわい！{7f02}人間　長生きはするもんじゃのう。{7f0b}{0000},0x002B
"",お客さん　スロットについて{7f02}教えましょうか。{7f0a}{7f02}ちょこちょこ当たる　あそび台。{7f02}はずしは多いが　{7f02}当たれば大きい　大穴台。{7f0a}{7f02}台によって　いろいろ違うので{7f02}台えらびも　大切ですね。{7f0b}{0000},0x004C
"",どう　アタシの　このステップ？{7f02}アタシが　真ん中で　おどる日も{7f02}遠くないわね！{7f0b}{0000},0x0094
"",あんた　ジャマよ　ジャマ！{7f0b}{0000},0x00B4
"",シャンシャンシャン。{7f02}あら？　お客さんも　踊りたいの？{7f0b}{0000},0x00BF
"",う～～～ん　ここで　{7f02}もう１回　ダブルアップか……。{7f02}よし！　いくぜ　男だ！！{7f0a}{7f02}…………。{7f0a}{7f02}ド　ドッボ～～ン！！{7f02}とほほ……。{7f0b}{0000},0x00D5
