"",{7f04}エッグラ「たまには　タマゴの美について{7f02}考えてみると　いいぞ。{7f0a}{7f02}{7f04}エッグラ「タマゴは　世界の美のすべて。{7f02}タマゴは　真実。{7f02}タマゴこそ最高なのだ！　わははっ。{7f0b}{0000},0x0018
"",{7f04}チキーラ「いーや　答えなくていい！{7f02}お前の気持ちは{7f02}目をみれば　わかるっ！{7f0a}{7f02}{7f04}チキーラ「わははっ。{7f02}気をつけて帰れよ！{7f0b}{0000},0x005B
"",{7f04}チキーラ「ところで　おまえ本当は{7f02}ニワトリのほうが　好きだろ？{0000},0x008F
"",{7f04}エッグラ「それを言うなら{7f02}タマゴが大好きな　ワシもだ！{7f02}わははっ。{7f0a}{7f02}{7f04}エッグラ「じゃあな！　気をつけて帰れよ！{7f0b}{0000},0x00AB
"",{7f04}チキーラ「ニワトリが　大好きなワシも{7f02}すごーく　いいヤツだと{7f02}覚えておけよ！{7f0a}{0000},0x00DB
"",{7f04}エッグラ「ずるいぞ！　ワシが先に{7f02}言おうと思ってたのに！{7f0a}{0000},0x00FE
"",{7f04}チキーラ「おまえは　いいヤツだ。{7f02}ちょくちょく遊びに来いよ！{7f0a}{0000},0x0116
"",{7f04}エッグラ「うむ！　今回は{7f02}{7f15}ターン　だったな！{7f0a}{0000},0x0132
"",{7f04}チキーラ「はあはあ……。{7f02}いやーっ　いい戦いだったな！{7f0b}{0000},0x0147
"",{7f43}{7f04}エッグラとチキーラ「さあ！{7f02}せっかく　ここまで来たんだ！{7f02}わしらと　戦おう！{7f0b}{0000},0x015C
"",{7f04}エッグラ「ケンカのネタがなくなって{7f02}たいくつしていた所なんだ。{7f0b}{0000},0x017D
"",{7f04}チキーラ「タマゴも　えらいっ！{7f02}ニワトリも　えらいっ！{7f02}これが世界の真理だ！　わははっ。{7f0a}{7f02}{7f04}チキーラ「……というわけで　だな。{7f0a}{0000},0x0199
"",{7f04}エッグラ「おお！　ちょうどいい所に来た！{7f02}今　ふたりの意見が{7f02}ようやく　一致したのだ！{7f0a}{0000},0x01CD
"",{7f04}エッグラ「んん？{7f0b}{0000},0x01F5
"",{7f04}チキーラ「……ん？{7f0b}{0000},0x01FC
"",{7f04}エッグラ「いやいや　ニワトリこそ{7f02}これほど美しいものとは{7f02}気付かなかったぞ！{7f0a}{0000},0x0205
"",{7f04}チキーラ「うーむ……よくよく聞けば{7f02}タマゴというのも　なかなか。{7f0b}{0000},0x0226
"",{7f04}エッグラ「いつのまに　絵の中に{7f02}住みついてたんだ？{7f02}家賃を　もらいそこねたぞ。{7f0b}{0000},0x0242
"",{7f04}チキーラ「あいつ　最後まで{7f02}わけのわからんヤツだったな。{7f0b}{0000},0x0266
"",{7f04}エッグラ「さあ……？{7f0b}{0000},0x0280
"",{7f04}チキーラ「……あいつ　結局{7f02}なんだったんだ？{7f0a}{0000},0x028A
"",絵の中の暮らしにも　あきたので{7f02}外に　出てきてみたが{7f02}ここは　熱くてかなわん。{7f0b}{0000},0x029D
"",誰かと　口をきくのは{7f02}ずいぶん　ひさしぶりだ。{7f0a}{0000},0x02C1
"",{7f04}チキーラ「絵から　出てきたくせに{7f02}みょうに　元気に動いてるぞ！{7f02}あいつ　ヘンだぞ！？{7f0b}{0000},0x02D7
"",{7f04}エッグラ「何なんだ　あいつは！？{7f02}どうやって　絵の中から{7f02}出てきたんだっ！？{7f0b}{0000},0x02FD
"",{7f04}エッグラとチキーラ「なんだ　こいつは！{7f0b}{0000},0x031E
"",{7f04}チキーラ「もう　やるものが{7f02}残っていないのだ！{7f02}悪いが　ほうびは　あきらめ……。{7f0b}{0000},0x032E
"",{7f04}エッグラ「すまん！　{7f33}！{7f02}ほうびをやりたいのは　山々だが。{7f0b}{0000},0x034F
"",{7f04}チキーラ「むむっ！？{7f0b}{0000},0x036A
"",{7f04}エッグラ「むっ！{7f0b}{0000},0x0373
"",{7f04}チキーラ「ずるいぞ！　ワシが先に{7f02}言おうと思ってたのに！{7f0b}{0000},0x037B
"",{7f04}エッグラ「うむ！　同感だ！{7f02}{7f33}。{7f02}おまえ　なかなかやるな。{7f0a}{7f02}{7f04}エッグラ「こんな　いい気分は{7f02}ひさしぶりだぞ！　わははっ。{7f0a}{7f02}{7f04}エッグラ「これは　ぜひ　おまえに{7f02}特別なほうびを　やらねば！{7f0a}{0000},0x0393
"",{7f04}チキーラ「はあはあ……。{7f02}あー　すっきりしたっ！{7f02}いやー　いい気分だ！{7f0b}{0000},0x03E1
"",{7f04}エッグラ「なんだ　まだいたのか。{7f02}今　いいところなんだ。{7f02}ジャマするなよ！{7f0b}{0000},0x03FE
"",{7f04}エッグラ「タマゴの　沈黙。{7f02}あの思慮深さが　どーして{7f02}わからんのだっ！　……ん？{7f0b}{0000},0x041C
"",{7f04}チキーラ「なんだ　まだいたのか。{7f02}今　いいところなんだ。{7f02}ジャマしないでくれ。{7f0b}{0000},0x0440
"",{7f04}チキーラ「コケーッ！というなき声{7f02}ひとつをとっても　タマゴには{7f02}マネできまいっ！　……ん？{7f0b}{0000},0x0460
"",{7f04}エッグラ「それを言うなら{7f02}ワシと　タマゴへの感謝だ！{7f0b}{0000},0x0486
"",{7f04}チキーラ「うむ！　大事に使えよ！{7f0a}{7f02}{7f04}チキーラ「ニワトリが　大好きなワシは{7f02}とっても　気前がいいのだ！{7f02}わははっ。{7f0a}{7f02}{7f04}チキーラ「ワシと　ニワトリへの感謝を{7f02}忘れるなよ！{7f0b}{0000},0x049D
"",{7f04}エッグラ「さあ！　お前に　この{7f02}{7f17}を与えよう。{7f02}お前の旅に　役立つはずだぞ！{7f0a}{0000},0x04E4
"",{7f04}チキーラ「ずるいぞ！　ワシが先に{7f02}言おうと思ってたのに！{7f0b}{0000},0x0508
"",{7f04}エッグラ「うむ！　これで冷静に{7f02}議論が　続けられるな！{7f0a}{7f02}{7f04}エッグラ「よしっ　感謝の気持ちとして{7f02}おまえに　ほうびをやろう！{7f0a}{0000},0x0520
"",{7f04}チキーラ「はあはあ……。{7f02}あー　すっきりしたっ。{7f0a}{0000},0x0556
"",{7f04}チキーラ「ずるいぞ！　ワシが先に{7f02}言おうと思ってたのに！{7f0a}{7f02}{7f04}チキーラ「とにかく　修行をつんで{7f02}出直してくることだな！{7f0b}{0000},0x056B
"",{7f04}エッグラ「うーむ。これでは　よけいに{7f02}ムシャクシャするではないかっ！{7f0a}{7f02}{7f04}エッグラ「もっともっと強くなって{7f02}ワシたちを　スッキリさせろ！{7f0b}{0000},0x059D
"",{7f04}チキーラ「はあはあ……。{7f02}ずいぶん長い戦いだったなっ。{7f02}{7f15}ターンも　かかったぞ！{7f0b}{0000},0x05D6
"",{7f04}チキーラ「ワシのムシャクシャの原因は{7f02}おまえだ！　さあっ　責任をとって{7f02}ワシたちと　戦えっ！{0000},0x05F8
"",{7f04}チキーラとエッグラ「いくぞっ！{7f0b}{0000},0x0621
"",{7f04}エッグラ「よしっ！　では……{7f0b}{0000},0x062E
"",{7f04}エッグラ「なんだ　つまらんっ！{7f02}えーいっ　ひやかしなら{7f02}あっちへ行け！　まったくハラが立つ！{7f0b}{0000},0x063A
"",{7f04}エッグラ「何だ？　やっぱりワシたちと{7f02}戦いたいのか？{0000},0x0661
"",{7f04}チキーラとエッグラ「いくぞっ！{7f0b}{0000},0x0678
"",{7f04}チキーラ「うむ！　そうこなくてはな！{7f0b}{0000},0x0685
"",{7f04}エッグラ「なんだとお！{7f0b}{0000},0x0694
"",{7f04}チキーラ「なんだ　つまらんっ！{7f02}えーい　よけいムシャクシャするぞっ。{7f02}これもみんな　タマゴが悪いっ！{7f0b}{0000},0x069E
"",{7f04}エッグラ「さあっ　用意はいいな！？{0000},0x06C8
"",{7f04}チキーラ「うむっ。　ここはひとつ{7f02}おまえと戦って　気分を{7f02}スッキリさせることにしよう！{7f0a}{0000},0x06D7
"",{7f04}エッグラ「おお！　ちょうどいい所に来た！{7f02}こいつと意見があわずに{7f02}ムシャクシャしていたんだ。{7f0a}{0000},0x06FC
"",{7f04}エッグラ「んん？{7f0b}{0000},0x0726
"",{7f04}チキーラ「……ん？{7f0b}{0000},0x072E
"",{7f04}エッグラ「なにを　ナマイキなっ！{7f02}そんなことを言うと{7f02}もうタマゴを　あたためないぞっ！{7f0a}{0000},0x0736
"",{7f04}チキーラ「そんなことを言うと{7f02}もう　ニワトリにタマゴを{7f02}生ませないからなっ！{7f0a}{0000},0x075A
"",{7f43}{7f04}エッグラとチキーラ「うむっ！{7f02}きつーく　こらしめてやる！{7f0b}{0000},0x077A
"",{7f04}チキーラ「そうだ！{7f02}ワシらの高尚な議論を{7f02}ジャマするヤツは……。{7f0b}{0000},0x0794
"",{7f04}エッグラ「こらっ！{7f02}せっかく　いい所なのに{7f02}ジャマするな！！{7f0b}{0000},0x07B2
"",{7f04}エッグラ「んん？{7f0b}{0000},0x07CC
"",{7f04}チキーラ「当然だっ！{7f02}ニワトリのほうが　もうホントに{7f02}ぜったい　だんぜん　えらいっ！{7f0a}{7f02}{7f04}チキーラ「……ん？{7f0b}{0000},0x07D4
"",{7f04}エッグラ「うぬぬぬぬぬっ！{7f02}なんとしても　タマゴのえらさを{7f02}認めない気かっ！？{7f0a}{0000},0x0801
"",{7f04}エッグラ「なんだ　まだいたのか。{7f02}早く地上に戻ってみろ。{7f02}いいことが　起きてるからな！{7f0a}{7f02}{7f04}エッグラ「そして　ワシとタマゴに{7f02}感謝するのだ！　わははっ。{7f0b}{0000},0x0824
"",{7f04}エッグラ「いーやっ　タマゴだ！{7f02}タマゴには　世界の美の{7f02}すべてがあるのだっ！　……ん？{7f0b}{0000},0x0862
"",{7f04}チキーラ「なんだ　まだいたのか。{7f02}早く地上に戻ってみろ。{7f02}いいことが　起きてるからな！{7f0a}{7f02}{7f04}チキーラ「そして　ワシとニワトリに{7f02}感謝するのだ！　わははっ。{7f0b}{0000},0x0886
"",{7f04}チキーラ「ニワトリだっ！{7f02}ぜーったいに　ニワトリの{7f02}ほうが　えらいっ！　……ん？{7f0b}{0000},0x08C6
"",{7f04}エッグラ「なんだ　まだいたのか。{7f02}もう　用はないぞ。{7f02}早く地上に戻ってみろ。{7f0b}{0000},0x08E7
"",{7f04}エッグラ「よーし　今度こそ{7f02}タマゴの美を教えてやる！　……ん？{7f0b}{0000},0x0908
"",{7f04}チキーラ「なんだとう！！{7f0a}{0000},0x0924
"",{7f04}エッグラ「なにおう！{7f0a}{0000},0x092E
"",{7f04}チキーラ「それを言うなら{7f02}ニワトリと　わしに感謝するのだ！{7f0b}{0000},0x0937
"",{7f04}エッグラ「タマゴとわしに{7f02}ものすごーく　感謝しろ！{7f02}わははっ。{7f0b}{0000},0x0951
"",{7f04}チキーラ「うむ！　これは{7f02}どこかの木に　めずらしい花が{7f02}咲いたということだな！{7f0a}{0000},0x096C
"",{7f04}エッグラ「さあ！　これで{7f02}すごーく　いいことが{7f02}起こったはずだぞ！{7f0a}{0000},0x098E
"",{7f04}エッグラ「ずるいぞ！　ワシが先に{7f02}言おうと思ってたのに！{7f0b}{0000},0x09AB
"",{7f04}チキーラ「よしっ　今日は気分がいい。{7f02}おまえに　ほうびをやろう！{7f0a}{0000},0x09C3
"",{7f04}エッグラ「うむ！　ひさびさに{7f02}楽しかったな！{7f0a}{0000},0x09DF
"",{7f04}チキーラ「はあはあ……。{7f02}うーむ　なかなかやるな！{7f02}楽しかったぞ！{7f0a}{0000},0x09F3
"",{7f04}エッグラとチキーラ「ええいっ　もう{7f02}めんどうくさいっ！{7f02}こうなったら　うでずくだっ！{7f0b}{0000},0x0A0E
"",{7f04}チキーラ「ニワトリに決まってるよな？{0000},0x0A30
"",{7f04}エッグラ「いーや　タマゴだよなっ！{0000},0x0A40
"",{7f04}チキーラ「ニワトリだろ？{0000},0x0A4D
"",{7f04}エッグラ「いーや　タマゴに決まっとる！{7f0a}{0000},0x0A58
"",{7f04}チキーラ「とーぜん　ニワトリだよなっ！{7f0a}{0000},0x0A69
"",{7f04}エッグラ「おお！　ちょうどいい所に来た！{7f02}おまえ　タマゴとニワトリ{7f02}どっちが好きだ？{7f0a}{0000},0x0A7A
"",{7f04}エッグラ「んん？{7f0b}{0000},0x0A9F
"",{7f04}チキーラ「……ん？{7f0b}{0000},0x0AA7
"",{7f04}エッグラ「あほか　お前は！？{7f02}ニワトリこそ　タマゴから{7f02}生まれるに　きまっとるぞ！{7f0a}{0000},0x0AB0
"",{7f04}チキーラ「いーや　なんと言われようと{7f02}タマゴは　しょせんニワトリには{7f02}かなわんぞっ。{7f0a}{7f02}{7f04}チキーラ「ニワトリがいなければ{7f02}タマゴは　生まれんのだからなっ！{7f0a}{0000},0x0AD3
"",{7f04}エッグラ「タマゴの　美しさ　愛らしさ{7f02}あのつるつるの美学が{7f02}おまえには　わからんのかっ！？{7f0a}{0000},0x0B12
"",{7f04}チキーラ「いーや　ニワトリのほうが{7f02}だんぜん　えらいっ！{7f0a}{0000},0x0B3A
"",{7f04}エッグラ「タマゴは　えらいっ！{7f02}誰が　なんと言おうと{7f02}タマゴのほうが　えらいっ！{7f0a}{0000},0x0B52
"",{7f04}エッグラ「なんだ　もとの世界に{7f02}帰りたいのか？{7f0a}{7f02}{7f04}エッグラ「それなら　階段を登り{7f02}火口の中へ　飛びむのだ！{7f02}わははっ！{7f0b}{0000},0x0B72
"",返事がない……。{7f02}ただの　温泉タマゴのようだ。{7f0b}{0000},0x0BA9
"",返事がない……。{7f02}ただの　味付きタマゴのようだ。{7f0b}{0000},0x0BBE
"",返事がない……。{7f02}ただの　ユデタマゴのようだ。{7f0b}{0000},0x0BD4
"",返事がない……。{7f02}ただの　生タマゴのようだ。{7f0b}{0000},0x0BE9
"",返事がない……。{7f02}ただの　タマゴのようだ。{7f0b}{0000},0x0BFD
"",コ　コッコケッ！{7f02}コッコ　コ　コケーッ！{7f0b}{0000},0x0C0F
"",ケケケッ　コッコッ。{7f02}コケーッ　ケッ！{7f0b}{0000},0x0C20
"",クェーッ！　コッコッコ。{7f0b}{0000},0x0C32
"",コッコッコッコッコッコ。{7f0b}{0000},0x0C3E
"",コケーッ！！{7f0b}{0000},0x0C4A
