"",{7f04}{7f25}「劇場なら　たくさんの{7f02}人が来るし　ここなら{7f02}いつか　見つかるかもって……。{0000},0x0018
"",{7f04}{7f25}「じつは……{7f02}わたしたち　お父さんのカタキを{7f02}探してるんです。{7f0a}{0000},0x0035
"",{7f04}座長「よかったら{7f02}話してみてくれないかな？{7f0a}{0000},0x004F
"",{7f04}座長「う～～～ん。{7f02}なにか　よっぽどの事情が{7f02}あるみたいだね。{7f0a}{0000},0x0060
"",{7f04}{7f26}「ご…ごめんなさいっ！{7f02}もうしませんので　クビだけは{7f02}ゆるしてください。{7f0a}{0000},0x007A
"",{7f04}座長「いくら　売れっ子でも{7f02}今度　こんなことがあったら{7f02}やめてもらうしか……{0000},0x0098
"",{7f04}座長「事情はとにかく　お客さんを{7f02}突き飛ばしちゃ　いけないよ。{7f0a}{0000},0x00B5
