"",{7f04}座長「コ…コラーッ！{7f02}なにを　やってるんだーっ！{0000},0x0018
"",{7f04}{7f26}「しろぉーーっ！{0000},0x002B
"",{7f04}{7f26}「い…いいかげんにぃ……{0000},0x0033
"",ういー　ひっく。それじゃ今度は{7f02}３人で　踊るとしようか～！{0000},0x003E
"",……うはははは。{7f02}{7f26}ちゃん　いきなり{7f02}激しい踊りだね。{7f0a}{0000},0x0055
"",{7f04}{7f26}「ちょっと　あんたっ！{7f02}あたしの妹に　手を出したら{7f02}承知しないわよっ！{0000},0x0069
"",よぉーっし！　それじゃあ{7f02}おねーちゃんから　さきに{7f02}踊ってあげよう。　でへへ。{0000},0x0086
"",おっ。なんだ　なんだ{7f02}こっちの　おねーちゃんも{7f02}結構　いけてるじゃないの。{7f0a}{0000},0x00A3
"",んっ？　なんだぁ？{0000},0x00BF
"",ういーっぷ。{7f02}さあ{7f26}ちゃん　こっちだよ。{0000},0x00C6
"",あんまり　色っぽいから{7f02}オイラ　一緒に踊ってあげちゃう！{7f02}ういー……。{0000},0x00D4
"",{7f26}ちゃーんっ！{7f02}今日も　色っぽいよー。ひっく！{7f0a}{0000},0x00EF
