"",今日は　もう　遅くなったから{7f02}そろそろ　店じまいだ。{7f02}ご苦労だったな。{0000},0x0018
"",邪魔をしたな。また　来るよ。{0000},0x0031
"",おっと　それを買うには{7f02}お金が　足りなかったよ。{0000},0x003C
"",おい　おい。{7f02}冗談言わないで　見せてくれよ。{0000},0x004D
"",いや　いい買い物をした。{7f02}ありがとう。また来るよ。{0000},0x005D
"",{7f17}を　買おう。{7f02}{7f15}Ｇで　いいんだね？{0000},0x006F
"",売ってる物を　見せてくれるかね？{0000},0x007C
"",ここは　武器の店かね？{0000},0x0088
"",じゃあ　しっかり　働くんだぞ！{7f02}オレは　下に　いるからな。{0000},0x0092
"",遅かったじゃないか！{7f02}待っていたんだぜ。{7f0a}{0000},0x00A8
