"",{7f04}{7f23}「このバカ者め！{7f02}えーい！！　姫さま！！{7f02}今度こそ許しませんぞ！！{0000},0x0018
"",{7f04}{7f22}「いえ　私は　その。{7f02}{7f21}姫のご命令で{7f02}かわりに説教を聞いてくれと……。{0000},0x0032
"",{7f04}{7f23}「むむっ！　{7f22}！{7f02}{7f21}姫は　どうしたのじゃ！{0000},0x004F
"",{7f04}{7f23}「なくなられた　お妃様は{7f02}たいそうおしとやかな方{7f02}…む？{0000},0x0060
"",{7f04}{7f23}「城は　抜け出そうとするわ{7f02}兵士長は　泣かすわ……。{7f02}まったくなげかわしい！{0000},0x0076
"",{7f04}{7f23}「まったく　どうしてそう{7f02}姫は　おてんばなのですか！{0000},0x0094
