"",………………。{7f0a}{7f02}{7f31}…さま……。{7f0b}{0000},0x0018
"",{7f04}{7f31}「{7f32}。いつか　お前を{7f02}その村に　招待しよう。{7f0a}{7f02}{7f04}{7f31}「それまで{7f02}人間どもに　つかまらぬよう{7f02}気をつけるのだぞ。{7f0a}{7f02}{7f04}{7f31}「また　会いに来よう。{7f02}わたしの名前は　{7f31}だ。{7f02}おぼえておいてくれ。{7f0b}{0000},0x0022
"",いえ。ただ　今まで人に名前で{7f02}呼ばれたことが　ないので……。{7f0a}{0000},0x006F
"",{7f04}{7f31}「わたしが　地上で{7f02}世話になっている村から{7f02}とった名だ。気に入らないか？{7f0a}{0000},0x0086
"",{7f32}……？{7f0a}{0000},0x00A6
"",{7f04}{7f31}「うーむ　そういうものか。{7f02}しかし　エルフの娘では{7f02}呼ぶにも　面倒だな。{7f0a}{7f02}{7f04}{7f31}「よし。ならば　お前は{7f02}今日から　{7f32}と名乗るといい。{7f0a}{0000},0x00AA
"",……名前？{7f02}わたしたち　森に暮らす者に……{7f02}名前など　ありません。{7f0a}{0000},0x00E1
"",{7f04}{7f31}「………………。{7f0a}{7f02}{7f04}{7f31}「わっはっはっ！{7f02}エルフとは　妙な生き物だな！{7f02}おもしろい！　気に入ったぞ！{7f0a}{7f02}{7f04}{7f31}「エルフの娘。{7f02}名は　なんというのだ。{7f0a}{0000},0x00FC
"",なにも殺さなくても……。{7f02}人間だって　わたしたちと同じ{7f02}生きとし生ける者なのに……。{7f0a}{0000},0x0134
"",{7f04}{7f31}「……ひどい？{7f02}わたしは　お前を助けたのだぞ。{7f02}それを　ひどいというのか？{7f0a}{0000},0x0156
"",ひどい……。なんてことを……。{7f0a}{0000},0x0174
"",{7f04}{7f31}「そうだ。{7f02}欲深い人間の　エルフ狩りが{7f02}目に余ったのでな。{7f0a}{0000},0x0180
"",今のは……　今のは{7f02}あなたが　やったのですか？{7f0a}{0000},0x019B
"",{7f04}{7f31}「あぶないところだったな。{7f0b}{0000},0x01AC
"",う…うわああっ！！{7f0b}{0000},0x01B9
"",なんだ？　だれか　いるのか！？{7f0b}{0000},0x01C1
"",んんっ？{7f0b}{0000},0x01CD
"",お前さえ　ふんづかまえれば{7f02}オレさまも　ルビーの涙で{7f02}大金持ちになれるんだ！{7f0a}{7f02}さあ　いいコだから{7f02}おとなしくするんだぞ。{7f0b}{0000},0x01D1
"",はっはっはっ！{7f02}そんな所に　かくれてやがったか！{7f0b}{0000},0x0206
"",はあ…　はあ……。{7f02}くそっ！　見失ったか！{7f02}逃げ足の速いエルフだぜ……。{7f0b}{0000},0x0219
"",はあ…　はあ…　はあ……。{7f0b}{0000},0x0236
