"",{7f04}{7f31}「………………。{7f0a}{7f02}{7f04}{7f31}「許さん……！{7f0a}{7f02}{7f04}{7f31}「許さんぞ！　人間ども！{7f02}たとえ　この身がどうなろうとも{7f02}ひとり残らず　根絶やしにしてやる！{7f0b}{0000},0x0018
"",{7f04}{7f31}「ロ…{7f32}！！{7f0b}{0000},0x004D
"",{7f04}{7f32}「ピ…サロさ…ま……。{7f02}お願いです……。わたしの…{7f02}最後のわがままを　聞いてください。{7f0a}{7f02}{7f04}{7f32}「ど…どうか……野望を捨てて{7f02}わたしと　ふたりきりで…{7f02}ずっと……{7f0a}{7f02}{7f04}{7f32}「………………。{7f0b}{0000},0x0053
"",{7f04}{7f31}「だいじょうぶか！{7f02}しっかりしろ　{7f32}！{7f0a}{0000},0x0095
"",{7f04}{7f31}「き…きさまら！{7f02}{7f32}に　なにをしたっ！？{7f0b}{0000},0x00A6
"",{7f04}{7f32}「ピ…サロさ…ま……。{7f02}来て…くださったのですね……。{7f0b}{0000},0x00B7
"",{7f04}{7f31}「{7f32}！{7f0b}{0000},0x00CC
"",{7f04}{7f32}「ううっ……。{7f0b}{0000},0x00D0
"",くそっ！　強情なやつめ！{7f02}これでもか！{7f0a}{0000},0x00D7
"",{7f04}{7f32}「う…　うう……。{7f0a}{0000},0x00E8
"",さあ　泣け！{7f02}泣いて　ルビーの涙を流すんだ！{7f0a}{0000},0x00F0
