"",{7f43}{7f04}デスピサロ「おお　でかしたぞ！{7f0a}{7f02}{7f04}デスピサロ「よくぞ　勇者をしとめた！{7f02}貴様には後で　ほうびを取らせよう。{7f02}では　みなの者　引き上げだ！{7f0b}{0000},0x0018
"",{7f45}デスピサロさま！{7f02}勇者　{7f1f}を　しとめました！{7f0a}{0000},0x0053
"",外から　魔物たちの声が聞こえる。{7f0a}{0000},0x0067
"",{7f44}{7f04}シンシア「さようなら　{7f1f}……。{7f0b}{0000},0x0076
"",シンシアは　{7f1f}そっくりに{7f02}姿を変えた！{7f0a}{0000},0x0084
"",シンシアは　モシャスをとなえた！！{7f0b}{0000},0x0094
"",{7f04}シンシア「でも　大丈夫。{7f02}あなたを　殺させはしないわ。{7f0a}{0000},0x00A3
"",{7f04}シンシア「あなたは　とても　かわいいから{7f02}わたし　本当の妹のように思ってた。{7f0a}{0000},0x00BA
"",{7f04}シンシア「{7f1f}……。{7f02}今まで　あなたと一緒に遊べて{7f02}とても　楽しかったわ……。{7f0a}{0000},0x00D8
"",今は　逃げて……　そして{7f02}強くなるのだ　{7f1f}！{7f02}わかったなっ！{7f0b}{0000},0x00F8
"",{7f1f}は　おおきな袋と{7f02}モンスター図鑑を　受け取った！{7f0a}{0000},0x010F
"",いいか　よく聞け　{7f1f}。{7f02}魔物どものねらいは　お前の命！{7f02}魔物どもは　お前がめざわりなのだ。{7f0a}{7f02}お前には　秘められたチカラがある。{7f02}いつの日か　どんな邪悪な者でも{7f02}倒せるぐらい　強くなるだろう。{7f0a}{7f02}しかし　今のお前は　まだ弱い。{7f02}とにかく　逃げて　生きのびるのだ！{7f0a}{7f02}よし！　お前に　これを渡しておく！{7f02}きっと　役にたつが　あるだろう。{7f0b}{0000},0x0126
