"",じつは　ゆうべ　旅の詩人が{7f02}迷いこんできましてな……。{7f0a}{7f02}村のおきてを　やぶって{7f02}つい　助けてしまったのです。{7f0a}{7f02}わざわいの種に{7f02}ならねばよいのですが……。{7f0b}{0000},0x0018
"",ほほう……。{7f02}この村には　キミのような{7f02}子供もいたのですか。{7f0a}{7f02}わたしは　旅の詩人。{7f02}山道で迷ってしまって{7f02}この村に　たどり着いたのです。{7f0a}{7f02}しかし　こんな山奥に{7f02}このような村があったとは……。{7f02}まったく　おどろかされましたよ。{7f0b}{0000},0x0050
"",{0000},0x00A0
"",{0000},0x00A1
"",{0000},0x00A1
"",{0000},0x00A2
