"",{7f1f}や{7f02}ついに　来るべきが来たようだ。{7f0a}{7f02}今まで　黙っていたが{7f02}わしたち夫婦は　お前の本当の{7f02}親ではなかったのだ。{7f0a}{7f02}くわしい話をしたいが{7f02}今は間がない……。{7f02}さあ早く　かくれるんだ！{7f0b}{0000},0x0018
"",くそー！　魔物どもめ！{7f02}ついに　{7f1f}の居場所を{7f02}つきとめたか！{7f0a}{7f02}もう少し　間があれば{7f02}{7f1f}を　りっぱな勇者に{7f02}育てられたものをっ！{7f0a}{7f02}ついてこい　{7f1f}！{7f0b}{0000},0x0062
"",{7f04}シンシア「{7f1f}！{7f02}あなたに　もしもの事があったら{7f02}わたし……。{7f0a}{7f02}{7f04}シンシア「とにかく　かくれて！{7f02}わたしも　すぐに行くから！{7f0b}{0000},0x009F
"",魔物は　オレたちで　くい止める！{7f02}{7f1f}を　早く　安全なところへ！{7f0b}{0000},0x00D0
"",宿屋の主人が　道にまよっていた{7f02}旅の詩人を　助けたそうだな。{7f0a}{7f02}あいつは　商売柄　宿に人を{7f02}泊めたがっていたからなあ……。{7f0b}{0000},0x00EC
"",ところで　{7f1f}や。{7f02}お前も　もう１７才だ。{7f02}そろそろ　おとなの仲間入りだな。{7f0a}{7f02}よいか　{7f1f}。{7f02}強く　正しく　生きるのだぞ。{7f02}たとえ　なにが起こってもな……。{7f0b}{0000},0x011F
"",なんと！？　わしの弁当は{7f02}お前が　食べてしまっただと！？{7f02}とほほ……。{7f0a}{0000},0x015C
"",おお　{7f1f}。{7f02}弁当を持ってきてくれたのか。{7f0a}{0000},0x017A
"",{7f04}シンシア「わたしね　この村が大好き！{7f02}{7f1f}のことも　大好き！{7f0a}{7f02}{7f04}シンシア「だから　いつまでも{7f02}いっしょよ。{7f1f}。{7f0b}{0000},0x018A
"",{7f04}シンシア「おはよう　{7f1f}。{7f02}こうして　寝っ転がっていると{7f02}とても　いい気持ちよ。{7f0a}{7f02}{7f04}シンシア「ねえ　{7f1f}。{7f02}わたしたち　大きくなっても　ずっと{7f02}このままでいられたら　いいね。{7f0a}{7f02}{7f04}シンシア「わたしね　最近　夢をみるの。{7f02}大人になった　私たちが　この村で{7f02}いつまでも　幸せに暮らしてる夢……。{7f0a}{0000},0x01B7
"",わっはっはっ。{7f02}油断したな　{7f1f}。{7f02}剣の修行は　厳しいのだ。{7f0b}{0000},0x0226
"",きえーい！{7f0b}{0000},0x023E
"",うむ　そうだな。{7f02}{7f1f}が　村を出るには{7f02}もっともっと　強くならなくてはな。{7f0b}{0000},0x0244
"",しかし　まだ　そのではない。{7f02}今のお前では　まだまだ{7f02}ちから不足なのだよ。{7f0b}{0000},0x0260
"",ここは　村の入り口。{7f02}あやしいヤツが　入ってこぬよう{7f02}見張っているのだ。{7f0a}{7f02}ところで　{7f1f}。{7f02}村のそとへ　出たいか？{0000},0x027D
"",おっ　{7f1f}。散歩かい？{7f02}今日は　いい天気だね。{7f0b}{0000},0x02AB
