"",さあ　私に　ついてきてください！{7f0b}{0000},0x0018
"",なんですって！　{7f1f}や{7f02}わたしのことは　いいから{7f02}すぐに　お逃げ！　さあ急いで！{7f0b}{0000},0x0024
"",つ　ついに　この村が{7f02}魔物たちに見つかったんです！{7f02}やつらは　村のすぐそばまで来てて！{7f0b}{0000},0x0042
"",大変だ　大変だ！{7f0b}{0000},0x0064
"",じゃあ　そこにお座り。{7f02}すぐに　したくをするから。{7f0b}{0000},0x006C
"",そうかい。{7f02}じゃあ　もう少し遊んどいで。{7f0b}{0000},0x007F
"",おかえり　ご苦労だったね。{7f02}じゃあ　お前もご飯にするかい？{0000},0x0090
"",お弁当を　届けてくれたら{7f02}お前も　すぐ食事にしますからね。{7f0b}{0000},0x00A8
"",あっ　それから{7f02}村のみんなに会ったら{7f02}ちゃんと　あいさつするのよ。{7f0b}{0000},0x00BF
"",{7f1f}や　いい子だから{7f02}このお弁当を　池で釣りをしている{7f02}お父さんに　持っていっておくれ。{7f0b}{0000},0x00D9
"",さあ　できたわ。{7f0b}{0000},0x00FB
"",エンドールから　はるか東の山奥に{7f02}名もない　小さな村がありました。{7f0a}{7f02}その村に住む人々は　けっして{7f02}おもてには出ず　よそ者を寄せつけず{7f02}ひっそりと暮らす毎日。{7f0a}{7f02}村人たち以外は　そんな村が{7f02}あることさえ　知らないはずでした。{7f02}しかし……。{7f0b}{0000},0x0102
