"",{7f04}王「なんと！　子供が消えただと！{0000},0x0018
"",お願いでございます。{7f02}どうか　消えた私たちの子供を{7f02}探してくださいまし！{0000},0x0024
"",{7f04}王「かしこまらずとも　よい。{7f02}して　そなたらの用件とは{7f02}いったい　なんぞや。{0000},0x0040
"",国王陛下に　おかれましては{7f02}ごきげんうるわしく……。{7f0a}{0000},0x005D
"",玉座を守護する　黄金のドラゴン像だ。{7f0b}{0000},0x0073
"",バトランド王家の紋章が　彫られている。{7f0b}{0000},0x0083
