"",{7f04}王「……やれやれ。{0000},0x0018
"",{7f04}{7f21}「…………あら？{0000},0x001F
"",{7f04}{7f21}「クマのおなかに{7f02}わたしは　必殺のキックを{7f02}こんなふうに　おみまいしたの！{0000},0x0027
"",{7f04}{7f21}「すごーく大きなクマと{7f02}わたしは　戦っているの。{7f0a}{0000},0x0046
"",{7f04}{7f21}「わたしも夢を見たわ。{7f02}お父さま！{7f0a}{0000},0x005B
"",{7f04}王「はっきりと　覚えてはいないが{7f02}どうも　いやな予感がする。{7f02}{7f21}　外へ出ては……{0000},0x006B
"",{7f04}王「わしは　最近夢を見るのじゃ。{7f0a}{0000},0x008A
"",{7f04}王「{7f21}よ。どうして　そう{7f02}外へ　出たがるのだ。{7f02}……まあいい。{0000},0x0099
"",{7f04}{7f21}「お父さま！{0000},0x00B0
"",{7f04}王「私は　外へ出るのを{7f02}許した覚えはないぞ。{7f02}{7f21}。{7f0a}{0000},0x00B7
"",ははっ！{0000},0x00CC
"",{7f04}{7f21}「お父さまのお許しは{7f02}いただいてるわ。{7f02}通してちょうだい。{0000},0x00CF
"",これは　{7f21}姫。{7f02}お出かけですか？{7f0a}{0000},0x00E7
"",春の山が描かれた　風景画だ。{7f0b}{0000},0x00F5
"",テーブルには　おいしそうな料理が{7f02}ならべられている。{7f0b}{0000},0x0103
"",「信仰と祈り」という　神学の本がある。{7f02}本の間に　何か　はさまっているようだ。{7f0a}{7f02}なんと　アリーナの　かくしどり{7f02}ブロマイドが出てきた！{7f0b}{0000},0x0119
