"",ダミー{7f0b}{0000},0x0018
"",亡くなった　サントハイム王妃の{7f02}肖像画が　かざられている。{7f0b}{0000},0x001B
"",サントハイム領地の　山々が{7f02}あざやかに　描かれている。{7f0b}{0000},0x0032
"",{7f04}板で　修理してあるだけなので{7f02}けやぶれそうだった。{7f0a}{7f02}{7f04}カベを　けやぶりますか？{0000},0x0047
"",{7f04}開けた穴を　板で{7f02}修理しているようだ。{7f0b}{0000},0x0065
