"",ハクション！　はずかしい話だが{7f02}きつねに　化かされて{7f02}よろいを　なくしてしまったのだ。{7f0a}{7f02}そういえば　化かされたままの{7f02}おっさんも　いたな。{7f02}たしか　ドン・ガアデとか……。{7f0b}{0000},0x0018
"",すると　もしかして{7f02}まだ　橋が　こわれたままだとか……。{7f0a}{7f02}ドン・ガアデが　橋を直しにいったと{7f02}聞いていますが{7f02}どうしたんでしょうねえ……。{7f0b}{0000},0x005C
"",いや～　そうですか。{7f02}にぎやかな所なんでしょうね。{7f0b}{0000},0x0093
"",{7f24}さん{7f02}エンドールには　もう　行きましたか？{0000},0x00A9
"",ほほう……。{7f02}世界一の武器屋になるのが　夢と？{7f0a}{7f02}では　戦いの経験をつみ{7f02}ウデも　みがくことだな。{7f0a}{7f02}武器も　足にあつかえぬ{7f02}武器屋では　世界一とは　言えまいよ。{7f0b}{0000},0x00BB
"",ぐうぐう……。{7f0b}{0000},0x0102
"",トルネコさん。{7f02}鉄の金庫を　手に入れたら{7f02}南に　行くんでしょうね。{7f0a}{7f02}南には　エンドールという{7f02}大きなお城が　あるそうですから{7f02}きっと　大もうけできますよ。{7f0b}{0000},0x0109
"",じつは　ここに泊まった　お客さんから{7f02}聞いたのですが　鉄の金庫が{7f02}北の洞くつに　あるらしいのです。{7f0a}{7f02}なんでも　鉄の金庫を　持っていれば{7f02}怪物に　やられたも{7f02}お金を　半分　盗まれないとか。{7f0a}{7f02}そんな　金庫があったら{7f02}安心して　遠くまで　商売に{7f02}行けるでしょうねえ。{7f0b}{0000},0x0148
"",もし　南に　行くのなら{7f02}鉄の金庫を　手に入れてからが{7f02}いいと思いますよ。{7f0b}{0000},0x01B2
"",トルネコさん　鉄の金庫の話を{7f02}知っていますか？{0000},0x01CE
"",「本当にあった　おそろしい話」と{7f02}書かれた本がある。{7f02}{7f4b}は　手にとって読んだ。{7f0a}{7f02}ある旅の商人が　行商の途中{7f02}夜の森で　道に迷い{7f02}見知らぬ村に　入りこみました。{7f0a}{7f02}その村の村人たちは　みな親切で{7f02}赤の他人の商人をもてなし　{7f02}泊めてくれるとまで申し出ます。{7f0a}{7f02}困っていた商人は　その申し出を{7f02}ありがたく受けることにし{7f02}その日は　村に泊まることにしました。{7f0a}{7f02}そして　次の日の朝……。{7f02}目を覚ますと　そこは　ただの荒れ地。{7f02}村は　跡形もなく消えていたそうです。{7f0b}{0000},0x01E2
