"",{7f04}ネネ「ねえ……。{7f02}わたしたちも　いずれは{7f02}自分のお店を　持ちたいわね。{0000},0x0018
"",{7f04}ネネ「さあ　ゆっくり　休んでくださいな。{7f02}おやすみなさい　あなた……。{0000},0x0032
"",{7f04}ネネ「おかえりなさい。{7f02}すいぶん　遅くまで{7f02}本当に　お疲れさまでした。{7f0a}{0000},0x004C
"",{7f04}ネネ「やっと　起きたわね。{7f02}はい　これ　お弁当。{7f02}今日も　がんばってきてね。{0000},0x0067
"",{7f04}ネネ「ねぇ　あなたったら……。{0000},0x0084
"",{7f04}ネネ「あなた　いつまで　寝てるの？{7f02}早く　お店に　行かないと{7f02}また　親方に　しかられるわよ。{7f0a}{0000},0x0090
"",子供の　らくがき帳がある。{7f02}どのページにも　かわいい動物の絵が　{7f02}いっぱい描かれている。{7f0b}{0000},0x00B3
