"",{7f04}結界に　はばまれて　進めない！{7f0b}{0000},0x0018
"",こうして　マーニャとミネアのふたりは{7f02}思いをとげられぬまま{7f02}ふるさとの国を　出たのでした。{7f0a}{7f02}自分たちを　助けてくれる{7f02}か細く　小さな光とは？{7f0a}{7f02}その光を　探すため{7f02}再び　ふたりの旅が始まったのです。{7f0b}{0000},0x0025
"",{7f43}船が着いたぞー！{7f02}エンドールの国だぞー！{7f0b}{0000},0x0077
"",{7f04}ロレンス「残念ですが{7f02}約束の５日が　すぎました。{7f02}では　私は　これで。さようなら……。{7f0b}{0000},0x008A
"",{7f04}スコット「おお！　どうやら{7f02}約束の５日が　すぎたようだな。{7f02}悪いが　ここでお別れだ。{7f0a}{7f02}{7f04}スコット「では　気をつけてな。{7f02}さらばだ！{7f0b}{0000},0x00AE
"",{7f04}{7f23}と{7f22}が　仲間にくわわった！{0000},0x00E3
"",{7f04}{7f22}「およばずながら　私も{7f02}姫さまの　お供をいたします！{7f02}さあ　参りましょうか。{7f0b}{0000},0x00F1
"",{7f04}{7f23}「姫！　お一人で　旅に出るなど{7f02}とんでもない！　どうしてもと言うなら{7f02}この　じいめも　ついてゆきますぞ！{7f0b}{0000},0x0111
