"",{7f04}{7f23}と{7f22}が　仲間にくわわった！{0000},0x0018
"",{7f04}{7f22}「およばずながら　私も{7f02}姫さまの　お供をいたします！{7f02}さあ　参りましょうか。{7f0b}{0000},0x0025
"",{7f04}{7f23}「姫！　お一人で　旅に出るなど{7f02}とんでもない！　どうしてもと言うなら{7f02}この　じいめも　ついてゆきますぞ！{7f0b}{0000},0x0046
"",ここより　北　コーミズ村。{7f0b}{0000},0x0073
"",橋は　みんなのもの。{7f02}こわさないように　しましょう。{7f0b}{0000},0x0082
"",ここより　東　テンペの村。{7f0b}{0000},0x0098
"",森の　中では{7f02}あそばないように。{7f0b}{0000},0x00A6
"",あやしい者を　見つけたら{7f02}お城まで！　バトランド王{7f0b}{0000},0x00B5
"",{7f04}{7f23}「武術大会で優勝した姫……。{7f02}美しき　とか　たおやかな　とか{7f02}姫らしい肩書きもあろうに。ぶつぶつ。{0000},0x00CE
"",{7f04}{7f23}「もし　最悪の事態でも{7f02}こうして姫が　ご無事なら……。{7f0a}{7f02}{7f04}{7f23}「いや！　そんなはずはない。{7f02}この{7f23}　少々　考えすぎの{7f02}ようですな。{0000},0x00FA
"",{7f04}{7f22}「エンドールで死んだ兵士が{7f02}伝えたかったこととは{7f02}いったい……？{7f0a}{7f02}{7f04}{7f22}「ともかく　早く城へ{7f02}戻りましょう！{0000},0x0132
"",{7f04}{7f22}「こうして歩いていると{7f02}これまであった　色々な事件を{7f02}思い出しますね。{7f0a}{7f02}{7f04}{7f22}「数々の　姫さまの活躍。{7f02}今でも　ドキドキします。{0000},0x0163
"",{7f04}{7f21}「つまらないわ。{7f02}魔物がちっとも出ないじゃない！{7f0a}{7f02}{7f04}{7f21}「私が　あんまり強そうで{7f02}こわがって　かくれてるの？{7f02}それにしても　つまらないわ。{0000},0x019C
"",{7f04}{7f21}「サントハイムのみんなに{7f02}何が　あったというの？{7f0a}{7f02}{7f04}{7f21}「お父さまに　大臣。{7f02}ゴンじいに　神父さまに……{7f02}みんな元気よね？　元気だわよね？{0000},0x01D4
"",{7f04}{7f23}「武術大会で優勝する姫……。{7f02}美しき　とか　たおやかな　とか{7f02}姫らしい肩書きもあろうに。ぶつぶつ。{0000},0x0213
"",{7f04}{7f23}「出場するからには{7f02}かならずや　優勝なさいませ。{7f0a}{7f02}{7f04}{7f23}「まずは　じっくりと{7f02}ちからを　たくわえてから！{7f02}それが　利口と言うもの。{0000},0x023F
"",{7f04}{7f22}「コロシアムに集まった{7f02}たくさんの人々の前で{7f02}姫さまが優勝する……。{7f0a}{7f02}{7f04}{7f22}「ああ　今から　私{7f02}感動のあまり　涙目に{7f02}なってきました。じーん。{0000},0x0276
"",{7f04}{7f22}「武術大会で　姫さまに{7f02}おケガがなければよいのですが。{0000},0x02B6
"",{7f04}{7f21}「魔物と戦うのもいいけど{7f02}武術大会のほうが　ずっと{7f02}ワクワクするのよね。{0000},0x02CF
"",{7f04}{7f21}「早く　エンドールに戻って{7f02}武術大会に出場しましょうよ。{7f02}ねえってば！{0000},0x02F1
"",{7f04}{7f23}「海の底でも　地の果てでも{7f02}どこへなりと　行きましょうぞ。{7f02}えー　どこへでも！{0000},0x0312
"",{7f04}{7f22}「エンドールとわが国は{7f02}親しい間柄です。{7f02}きっと歓迎してくれるでしょう。{0000},0x0336
"",{7f04}{7f21}「まずは　武術大会に出て。{7f02}それからエンドールのある大陸を{7f02}ずーっと冒険するのよ。{7f0a}{7f02}{7f04}{7f21}「世界を一周して{7f02}うーんと強くなって帰ったら{7f02}お父さま　びっくりするわ！{0000},0x0359
"",{7f04}{7f21}「エンドールでは{7f02}何が　私を待ってるのかしら？{7f02}うふふっ　楽しみね！{0000},0x03A2
"",{7f04}{7f22}「これから　世界中{7f02}ずっと姫さまと　いっしょに……。{7f02}ど　どうしようっ　顔が赤くっ。{0000},0x03C2
"",{7f04}{7f21}「お父さまの　お許しも出て{7f02}気分もスッキリ！{7f02}さあ　はりきって　いきましょう。{0000},0x03E6
"",{7f04}{7f23}「はー　やれやれ。{7f02}これでようやく　ひと安心。{7f02}城で　のんびりできますな。{0000},0x040A
"",{7f04}{7f23}「うむ　うむ。{7f02}姫さま　ご立派でしたな。{7f02}この{7f23}　見直しましたぞ。{0000},0x042B
"",{7f04}{7f22}「帰り道は　気がゆるみ{7f02}思わぬケガを　しがちです。{7f02}どうぞ　お気をつけて。{0000},0x0449
"",{7f04}{7f22}「これで　王さまの病気も{7f02}治るんですね。{7f02}そして　私たちの旅も……。{0000},0x046C
"",{7f04}{7f21}「お父さま　もうすぐよ。{7f02}もうすぐ　ご病気を{7f02}治してあげるからね。{0000},0x0489
"",{7f04}{7f21}「サントハイムまで{7f02}行ったり来たり　いそがしいわね。{7f0a}{7f02}{7f04}{7f21}「でも　おかげで{7f02}キック力が　ちょっとだけ{7f02}上がったような気がするわ。{0000},0x04A7
"",{7f04}{7f23}「より道をしている場合では{7f02}ありませんぞ！{7f02}さあさ　急ぎましょう！{0000},0x04E1
"",{7f04}{7f23}「わしがいれば　カンタンに{7f02}さえずりの蜜が手に入るでしょう。{7f0a}{7f02}{7f04}{7f23}「この　頼もしい　じいに{7f02}おまかせくだされ！{0000},0x0500
"",{7f04}{7f22}「さえずりの蜜が{7f02}見つかれば　姫さまとも旅も{7f02}終わってしまうかも……。{7f0a}{7f02}{7f04}{7f22}「いや！　いけない！{7f02}喜ばしいことじゃないか。{7f02}王の病気も治るし　それに……。{0000},0x0530
"",{7f04}{7f22}「エルフは　不思議な種族。{7f02}魔法や　さまざまなチカラを{7f02}持っていると　いいます。{0000},0x0571
"",{7f04}{7f21}「お父さま。{7f02}声が　出せないだなんて{7f02}すごく　つらいはずよ。{7f0a}{7f02}{7f04}{7f21}「助けられるのは{7f02}私たちだけよ。　絶対に{7f02}ご病気を　治してみせるわ！{0000},0x0598
"",{7f04}{7f21}「さえずりの蜜なら{7f02}もしかしたら　お父さまの病気も{7f02}治せるかもしれない。{7f0a}{7f02}{7f04}{7f21}「さあ　急ぎましょう！{0000},0x05D3
"",{7f04}{7f23}「さあ　行きますぞ！{7f02}サランの町へ！{0000},0x05FE
"",{7f04}{7f23}「ええい　マローニめ。{7f02}詩人のぶんざいで　われらに{7f02}足を　はこばせるとは！{7f0a}{7f02}{7f04}{7f23}「城に出向いてくれれば{7f02}話が　早いものを！{7f02}まったく　ナマイキな！{0000},0x0611
"",{7f04}{7f22}「もし　王さまの身に{7f02}何かあれば　姫さまは{7f02}サントハイムの女王に。{7f0a}{7f02}{7f04}{7f22}「ますます　私には{7f02}手のとどかない方に{7f02}なるのか……。ふう……。{0000},0x0653
"",{7f04}{7f22}「あせりは禁物です。{7f02}われわれまで　ケガをしては{7f02}王を助けることも　できません。{0000},0x068D
"",{7f04}{7f21}「ご病気が重くなることは{7f02}ないだろうけど　でも。{7f02}のんびりは　してられないわ。{7f0a}{7f02}{7f04}{7f21}「まずは　サランへ！{7f02}マローニに　話を聞かなくちゃ！{0000},0x06B0
"",{7f04}{7f21}「サランの町にいる{7f02}詩人のマローニね！{7f02}みんな　急いで！{0000},0x06ED
"",{7f04}{7f23}「フム。　このまま旅を{7f02}やめることができれば{7f02}上出来ですな。{7f0a}{7f02}{7f04}{7f23}「王も　なかなか{7f02}タイミングよく……おっと{7f02}これは失言を　いたしました。{0000},0x0709
"",{7f04}{7f22}「もし　王さまの身に{7f02}何かあれば　姫さまは{7f02}サントハイムの女王に。{7f0a}{7f02}{7f04}{7f22}「ますます　私には{7f02}手のとどかない方に{7f02}なるのか……。ふう……。{0000},0x0745
"",{7f04}{7f22}「あせりは禁物です。{7f02}この上　われわれまで{7f02}ケガをしては　なりません。{0000},0x077F
"",{7f04}{7f21}「せっかく　これから{7f02}旅が面白くなるっていう{7f02}ところだったのに！{7f0a}{7f02}{7f04}{7f21}「でも　しかたないわ。{7f02}お父さまのほうが　大事だもの。{7f02}旅はいつでも　できるんだから。{0000},0x079E
"",{7f04}{7f21}「お父さま……。{0000},0x07DF
"",{7f04}{7f21}「何　言ってるのよ。{7f02}私　また　ぐーんと{7f02}強くなったのよ！{7f0a}{7f02}{7f04}{7f21}「{7f23}も　{7f22}も{7f02}ちゃんと　守ってあげるわ。{7f02}心配しないで。{0000},0x07E7
"",{7f04}{7f23}「{7f21}姫さま。{7f02}そろそろ　お城へ戻る決心を{7f02}なさいませ。{7f0a}{7f02}{7f04}{7f23}「フレノールでの一件も{7f02}ありましたし　これ以上{7f02}旅を続けるのは　危険です。{0000},0x081A
"",{7f04}{7f22}「日やけ止め……熱さましと{7f02}えーと　水筒も持ったし……。{7f0a}{7f02}{7f04}{7f22}「さあ　{7f21}姫！{7f02}準備は万全です。{7f02}何でも　言ってくださいね！{0000},0x0858
"",{7f04}{7f23}「やはり　一国の姫君が{7f02}おしのびで旅するなど{7f02}危険すぎる……。{7f0a}{7f02}{7f04}{7f23}「なんとかして　お城に{7f02}戻っていただかなくては！{0000},0x0890
"",{7f04}{7f22}「夜は　魔物たちの間。{7f02}どうか　お気をつけて。{7f0a}{7f02}{7f04}{7f22}「われらが　黄金の腕輪を{7f02}渡すことが　できなければ{7f02}あの娘さんの命もありません。{0000},0x08C3
"",{7f04}{7f23}「腕輪を　渡しても{7f02}やつらが　約束を守るとは{7f02}信じられませんな。{7f0a}{7f02}{7f04}{7f23}「あの　にせ者たちも{7f02}もしや　グルなのかも……。{7f02}いや　これは考えすぎか。{0000},0x08FF
"",{7f04}{7f22}「黄金の腕輪さえ　渡せば{7f02}悪党たちも　きっと{7f02}娘さんを　返してくれるはずです。{7f0a}{7f02}{7f04}{7f22}「夜　町の墓場で。{7f02}さあ　参りましょう！{0000},0x093E
"",{7f04}{7f21}「腕輪を渡すが　勝負ね。{7f02}悪党たち　見てなさい。{7f02}ぜったい泣かせてやるから！{0000},0x0976
"",{7f04}{7f21}「急いで　フレノールの町に{7f02}戻らないと！　早く　早く！{0000},0x099B
"",{7f04}{7f23}「やはり　一国の姫君が{7f02}おしのびで旅するなど{7f02}危険すぎる……。{7f0a}{7f02}{7f04}{7f23}「この事件が　片づいたら{7f02}なんとかして　お城に{7f02}戻っていただかなくては！{0000},0x09B5
"",{7f04}{7f22}「洞くつから　外に出ると{7f02}太陽の　ありがたみが{7f02}よく　わかります。{0000},0x09F2
"",{7f04}{7f23}「にせ者の命よりも　まずは{7f02}自分の命を守るのが　先。{7f02}ムチャは　いけませんぞ。{0000},0x0A10
"",{7f04}{7f23}「悪党どもめ。{7f02}この{7f23}　いや{7f21}姫を{7f02}アゴで使うとは　ナマイキな！{7f0a}{7f02}{7f04}{7f23}「まったく　許しがたいですな！{0000},0x0A35
"",{7f04}{7f21}「腕輪を渡すが　勝負ね。{7f02}悪党たち　見てなさい。{7f02}ぜったい泣かせてやるから！{0000},0x0A62
"",{7f04}{7f21}「急いで！{7f02}黄金の腕輪を　手に入れて{7f02}あの子を　助けなきゃ！{0000},0x0A86
"",{7f04}{7f23}「悪党どもめ。{7f02}この{7f23}の目の前で　若い娘を{7f02}さらうとは　ふとどきな！{7f0a}{7f02}{7f04}{7f23}「必ずや　後悔させてやろうぞ。{0000},0x0AA4
"",{7f04}{7f22}「あの方々が　いなければ{7f02}姫さまが　さらわれていた……。{7f0a}{7f02}{7f04}{7f22}「ああ　神よ！{7f02}{7f21}姫を　お守り下さい！{7f02}そして　あの娘さんも……。{0000},0x0AD4
"",{7f04}{7f21}「絶対　悪党たちから{7f02}あの女の子を　助けてみせる。{7f02}いいわね！？{0000},0x0B0A
"",{7f04}{7f21}「もうー！{7f02}うるさいわね　{7f23}は。{7f02}せっかく　いい気分なのに！{0000},0x0B29
"",{7f04}{7f23}「姫様には　年よりを{7f02}いたわろうという　お気持ちは{7f02}ございませんのですかな？{7f0a}{7f02}{7f04}{7f23}「あー　つかれた。{7f02}あー　眠い。{7f02}おおっ　コシも痛い！{0000},0x0B41
"",{7f04}{7f21}「いつかは　エンドールの国の{7f02}武術大会にも　出てみたいわ。{7f02}うっとり……。{0000},0x0B7C
"",{7f04}{7f21}「夜　こうして　出歩くなんて{7f02}お城にいた頃は　ぜったいに{7f02}許してもらえなかったのよね。{7f0a}{7f02}{7f04}{7f21}「あのの分も{7f02}歩いて　歩いて　歩きましょ！{0000},0x0B9D
"",{7f04}{7f22}「{7f21}姫。{7f02}おケガは　ありませんか？{7f0a}{7f02}{7f04}{7f22}「何かありましたら{7f02}いつでも　この{7f22}が{7f02}手当させて　いただきます！{0000},0x0BD7
"",{7f04}{7f23}「はー　つかれた。{7f02}姫さま！　もっとゆっくり{7f02}歩いてくだされ！{0000},0x0C04
"",{7f04}{7f23}「ふつうの姫なら　そろそろ{7f02}ホームシックにかかっても{7f02}よろしいというのに。ぶつぶつ。{0000},0x0C1E
"",{7f04}{7f23}「お忍びで　旅するなど{7f02}年ごろの　姫君のする事とは{7f02}思えませんな。{7f0a}{7f02}{7f04}{7f23}「亡くなられた　お妃様に{7f02}似ていらっしゃるのは{7f02}お顔だけとは　情けなや。{0000},0x0C44
"",{7f04}{7f22}「{7f21}姫の　強さには{7f02}ほれぼれ　いたします。{7f0a}{7f02}{7f04}{7f22}「つ　強さにだけ　ですよ！{7f02}私など　身分違いですしっ。{0000},0x0C86
"",{7f04}{7f21}「お城の中だけだった世界が{7f02}どんどん　広がってゆくの。{7f02}すっごく　ステキな気分よ。{0000},0x0CB2
"",{7f04}{7f23}「年よりは　眠くなって{7f02}来ましたわい。ぶつぶつ。{0000},0x0CD9
"",{7f04}{7f22}「夜　歩くのは　危険です。{7f02}どこか　宿をとったほうが{7f02}よろしいのでは。{0000},0x0CEF
"",{7f04}{7f21}「夜って　魔物たちが{7f02}たくさん　出るのよね……。{7f0a}{7f02}{7f04}{7f21}「ああ　腕が鳴る！{7f02}さあ　どんどんいらっしゃい！{0000},0x0D0E
"",{7f04}{7f23}「はー　つかれた。{7f02}姫さま！　もっとゆっくり{7f02}歩いてくだされ！{0000},0x0D3A
"",{7f04}{7f22}「{7f21}姫。{7f02}おケガは　ありませんか？{7f0a}{7f02}{7f04}{7f22}「何かありましたら{7f02}いつでも　この{7f22}が{7f02}手当させて　いただきます！{0000},0x0D54
"",{7f04}{7f23}「姫さまには　まったく{7f02}困ったものですな。{7f02}ぶつぶつ……。{0000},0x0D81
"",{7f04}{7f22}「姫と　いっしょに{7f02}旅をすることに　なるとは……。{7f0a}{7f02}{7f04}{7f22}「なんだか　私{7f02}ドキドキしてきました。{7f02}い　いえ　その　変な意味ではなく！{0000},0x0D99
"",{7f04}{7f21}「まったく　どうして{7f02}あなたたちまで{7f02}ついて　来ちゃったのよ。{7f0a}{7f02}{7f04}{7f21}「せっかく　一人で{7f02}気ままに　冒険できると{7f02}思ったのに！　もうー。{0000},0x0DD0
"",{7f04}{7f21}「じいが　何と言おうと{7f02}もう　ぜったい　お城には{7f02}戻らないわ。　ぜったい！{0000},0x0E07
"",{7f04}{7f22}「サントハイムの　領地は{7f02}この大陸全土に　およんでいます。{7f02}私も　城から出るのは初めてですが。{0000},0x0E26
"",{7f04}{7f21}「お城の外って{7f02}広くて　気持ちいーい！{7f0a}{7f02}{7f04}{7f21}「さあ！　魔物たち！{7f02}どこからでも　かかってらっしゃい。{7f02}みんな　やっつけちゃうわよ。{0000},0x0E52
