"",王様は　真夜中{7f02}ときどき　うなされているようです。{7f02}悪い夢でも　見ているのかのう……。{7f0b}{0000},0x0018
"",何とぞ　お気をつけて{7f02}旅を　続けられますように。{7f0b}{0000},0x003D
"",王様から　{7f02}お話は　聞いております。{7f02}さあ　お通りください。{7f0b}{0000},0x0053
"",なんと　王様の{7f02}お声が　出なくなったので{7f02}ございますか！？{7f0a}{7f02}おお！　おお！{7f02}もう　この国もおしまいじゃ！{7f0a}{7f02}………………。{7f0a}{7f02}いや　取り乱して{7f02}ご無礼　つかまつりました。{7f0a}{7f02}そういえば　詩人のマローニも{7f02}昔　のどを　痛めたとか……。{7f0a}{7f02}しかし　今は{7f02}この国いちばんの　美しい声。{7f02}何か知っているかも　しれませんぞ。{7f0b}{0000},0x006C
"",わしは　ゴンじいと申す者。{7f02}気楽な　いんきょの身ですじゃ。{7f02}ほっほっほ。{7f0b}{0000},0x00EE
"",おお　これは姫さま。{7f0a}{7f02}わしは　ゴンじいと申す者。{7f02}気楽な　いんきょの身ですじゃ。{7f02}ほっほっほ。{7f0b}{0000},0x010E
"",この階段をのぼると　玉座の間です。{7f0a}{7f02}しかし　王さまは　すでに{7f02}お休みでございます。{7f0b}{0000},0x0138
"",ふむふむ。　すると　ここの{7f02}お姫さまが　旅に出る。{7f02}もちろん　人には　言いませんよ。{7f0a}{7f02}何しろ　私は　クチがかたいので{7f02}有名なのですから。{7f02}わっはっはっ。{7f0b}{0000},0x015D
"",これは　これは。{7f02}今　ちょうど　姫さまのお話を{7f02}しておったので　ございます。{7f0b}{0000},0x019C
"",ぐうぐう……。{7f02}あっ　姫さま　いけません……。{7f02}むにゃむにゃ……。{7f0b}{0000},0x01BB
"",あー　ハラがへった。{7f02}見回りも　ラクじゃないよ。{7f0b}{0000},0x01D7
"",すやすや……。{7f0b}{0000},0x01EE
"",うちのお姫さまは　どうして{7f02}ああ　おてんば……いえ{7f02}お元気なんでしょうねえ。{7f0b}{0000},0x01F6
"",何やら　胸さわぎがして{7f02}眠れません。{7f02}おお　神よ。アーメン。{7f0b}{0000},0x0215
"",この階段をのぼると　玉座の間です。{7f0b}{0000},0x0231
"",この階段をのぼると　玉座の間です。{7f0a}{7f02}あっ　{7f21}姫さま！{7f02}ごきげん　うるわしゅう。{7f0b}{0000},0x0243
"",もし　姫さまが　旅に出たなどと{7f02}世間に知られたら　悪いやつらが{7f02}姫さまを　ねらうかもしれんのう。{7f0b}{0000},0x0266
"",なんと　姫さまが……！{7f02}おいたわしや……。{7f0b}{0000},0x028E
"",あっ　アリーナ姫さま。{7f02}ごきげん　うるわしゅうございます。{7f0b}{0000},0x029F
"",ああ　ハラがへった。{7f02}早く　メシの時間に{7f02}ならないかな。{7f0b}{0000},0x02B9
"",どうか　お許しください。{7f02}その人は　いい人なのですが{7f02}どうも　クチが悪くて。{7f0b}{0000},0x02D3
"",私は　旅の商人ですが{7f02}この城の　お姫さまは{7f02}とんでもない　おてんばだとか。{7f0a}{7f02}一度　会ってみたいものですな。{7f02}わっはっはっ。{7f0b}{0000},0x02F4
"",さあさ　お食事の仕度を{7f02}しなくては。{7f02}ああ　いそがしい。{7f0b}{0000},0x0325
"",近ごろ　何やら　東の空より{7f02}あやしげな気配が　{7f02}ただよってきます。{7f0a}{7f02}おお　神よ！{7f02}このサントハイムの城を{7f02}守りたまえ。アーメン。{7f0b}{0000},0x033E
"",{7f04}{7f22}「じいやの　{7f23}さまから{7f02}うかがったのですが　{7f21}姫は{7f02}一人旅に出る　おつもりとか。{7f0a}{7f02}{7f04}{7f22}「どうか　そのような{7f02}ムチャを　なさらぬように！{7f0a}{7f02}{7f04}{7f22}「姫に　もしものことがあっては{7f02}この{7f22}……いや　王様が{7f02}どんなに　なげかれることかっ！{7f0b}{0000},0x0378
"",やや！{7f02}よくぞ　戻られました！{7f0b}{0000},0x03D5
"",何とぞ　お部屋に{7f02}戻られますように。{7f0b}{0000},0x03E3
"",王様の　ご命令により{7f02}ここを　通すわけには{7f02}いきませぬ。{7f0b}{0000},0x03F5
"",春の山が描かれた　風景画だ。{7f0b}{0000},0x040E
"",テーブルには　おいしそうな料理が{7f02}ならべられている。{7f0b}{0000},0x041F
"",「信仰と祈り」という　神学の本がある。{7f02}本の間に　何か　はさまっているようだ。{7f0a}{7f02}なんと　アリーナの　かくしどり{7f02}ブロマイドが出てきた！{7f0b}{0000},0x0438
"",{7f04}{7f23}「あの兵士の　最後の言葉は{7f02}この事を　言っておったのか！{7f02}うぬっ。{0000},0x0476
"",{7f04}{7f22}「これは　まぼろしを{7f02}見せられているのですか？{7f02}どうして　誰もいないのです！？{0000},0x0494
"",{7f04}{7f22}「城に　かすかに残る{7f02}この　まがまがしい気配……。{7f02}もしや……！{0000},0x04B6
"",{7f04}{7f21}「やだ　みんなして{7f02}どこかに隠れてるんでしょ？{7f02}私たちを　からかおうとして。{0000},0x04D1
"",{7f04}{7f21}「誰もいない……？{7f02}どういうこと？{7f02}みんな　どこへ行ったの？{0000},0x04F2
"",{7f04}{7f21}「お父さまや　みんなに{7f02}何かおみやげでも　買ってきたら{7f02}よろこんでくれるかしらね？{0000},0x050C
"",{7f04}{7f21}「ふふーん。{7f02}やっと堂々と　正門から{7f02}旅に出られるわね！{7f0a}{7f02}{7f04}{7f21}「カベを　けやぶるのも{7f02}楽しいけど　これはこれで{7f02}新鮮でいいわね。{0000},0x0530
"",{7f04}{7f23}「侍女の入れたお茶を{7f02}ゆーっくりと　すすって{7f02}のんびりとしたかったのに。{7f0a}{7f02}{7f04}{7f23}「読みかけの魔法書も{7f02}たんまり　たまっておったし{7f02}ああ　まったく。ぶつぶつ。{0000},0x056B
"",{7f04}{7f23}「エンドールまで行けば{7f02}気がすむか……いや　すまない。{7f02}姫さまは　そんなに甘くない。{7f0a}{7f02}{7f04}{7f23}「ぶつぶつ……これは　王さまに{7f02}特別年金を　いただかねば。{7f02}ぶつぶつ……。{0000},0x05AF
"",{7f04}{7f22}「まずは　エンドールへ。{7f02}その後も　姫さまのご希望通り{7f02}どこへなりと　参りましょう！{0000},0x05F6
"",{7f04}{7f22}「神よ　サントハイムの城に{7f02}ご加護を……。王さまと姫さまにも。{0000},0x061E
"",{7f04}{7f21}「しばらく帰らないとなると{7f02}お城のみんなの顔も{7f02}なつかしいカンジがするわね。{0000},0x063C
"",{7f04}{7f21}「私は　自由よ！{7f02}もう世界中どこへ行ってもいいのね。{7f02}どこまでも　冒険できるのね！{7f0a}{7f02}{7f04}{7f21}「すごいわ。世界中って{7f02}サントハイムよりも　ずっとずっと{7f02}広いんでしょう？　すごいわ！{0000},0x065E
"",{7f04}{7f23}「エンドールまで行けば{7f02}気がすむか……いや　すまない。{7f02}姫さまは　そんなに甘くない。{7f0a}{7f02}{7f04}{7f23}「ぶつぶつ……これは　王さまに{7f02}特別年金を　いただかねば。{7f02}ぶつぶつ……。{0000},0x06AC
"",{7f04}{7f22}「世界中　どこへなりと{7f02}お供をさせていただきます！{7f02}はあ……しあわせ。{0000},0x06F3
"",{7f04}{7f21}「今度帰ってくる時は{7f02}武術大会に　優勝した時よ！{0000},0x0713
"",{7f04}{7f21}「まずは　エンドールで{7f02}武術大会に　優勝して……{7f02}次は　どこに行こうかな？{0000},0x072E
"",{7f04}{7f23}「ニブい　神父でも{7f02}何かを感じとっているという{7f02}わけですな。{7f0a}{7f02}{7f04}{7f23}「これ以上　国のものを{7f02}不安にさせぬためにも{7f02}早く　さえずりの蜜を　王さまに！{0000},0x0753
"",{7f04}{7f23}「これで　ひさびさに{7f02}城で　のんびりできますな。{7f02}はー　つかれた　つかれた。{0000},0x0793
"",{7f04}{7f22}「ほんとうに　よく{7f02}無事に　戻ってこれたものです。{7f02}神よ　感謝いたします……。{0000},0x07B3
"",{7f04}{7f23}「今回ばかりは　姫さまの{7f02}おてんばに　助けられましたな。{7f02}めずらしいことも　あるものです。{0000},0x07D5
"",{7f04}{7f22}「これで　王さまの{7f02}ご病気も治る……。{7f0a}{7f02}{7f04}{7f22}「いや　喜ばなくては。{7f02}これは国のため。{7f02}姫さまのためでもあるんだ……。{0000},0x07FB
"",{7f04}{7f21}「お父さま　もうすぐ{7f02}これまでのように　お声が{7f02}出るようになります。{7f0a}{7f02}{7f04}{7f21}「だから　もうすこし{7f02}待っていてくださいね。{0000},0x082C
"",{7f04}{7f21}「さあ　あとはお父さまに{7f02}この　さえずりの蜜を{7f02}飲ませるだけよ！{7f0a}{7f02}{7f04}{7f21}「でも　お父さま{7f02}甘いもの　苦手なのよね。{7f02}口をこじあけてでも飲ませなきゃ！{0000},0x085D
"",{7f04}{7f23}「こうなれば　しかたない。{7f02}どうにかして城の外へ出て{7f02}王を　お助けせねば！{0000},0x089C
"",{7f04}{7f21}「もう　もう　もう！{7f02}わからずやっ！！{7f02}ちょっとくらい見逃してよ！{0000},0x08BC
"",{7f04}{7f23}「フム。フレノールの件。{7f02}そして　王さま……。{7f02}関係がないとは思えぬ。{7f0a}{7f02}{7f04}{7f23}「しかし　いかなる者が{7f02}おそれおおくも　姫さまや{7f02}王をねらうというのか？{0000},0x08D9
"",{7f04}{7f22}「ああ　神よ！{7f02}どうか　サントハイム王を{7f02}お守りください！{0000},0x0919
"",{7f04}{7f21}「お父さま　すぐに{7f02}{7f21}が　病気を治して{7f02}さしあげます。{7f0a}{7f02}{7f04}{7f21}「だから　それまで{7f02}お元気でいてください……。{0000},0x0935
"",{7f04}{7f21}「みんな　待っててね。{7f02}次に　お城に戻った時には{7f02}お父さまを　治してみせるから！{0000},0x0962
"",{7f04}{7f22}「ゴン老人は　なにゆえ{7f02}このような裏庭にお住まい{7f02}なのでしょうか？{7f0a}{7f02}{7f04}{7f22}「あの知識　あのお人柄{7f02}国の長老となっても{7f02}おかしくない　お方というのに。{0000},0x0985
"",{7f04}{7f21}「ゴンじいの言う通り{7f02}マローニの話が　役に立ちそうね。{7f0a}{7f02}{7f04}{7f21}「もうすぐよ　お父さま。{7f02}もうすぐ　治してあげるわ。{7f02}待っててね……！{0000},0x09C6
"",{7f04}{7f23}「フム。ごくつぶしの詩人も{7f02}たまには　役に立つと。{7f02}マローニに　会いにゆきますか。{0000},0x0A02
"",{7f04}{7f22}「なるほど　詩人なら{7f02}のどの病気にもくわしいはず。{7f02}サランへ　行きましょう！{0000},0x0A28
"",{7f04}{7f21}「マローニって　あの{7f02}サランの町にいる　マローニ？{7f0a}{7f02}{7f04}{7f21}「歌ばっかり歌ってる{7f02}あの人が　何か{7f02}知ってるとでもいうの？{7f0a}{7f02}{7f04}{7f21}「……でも　他に{7f02}手がかりは　ないわね。{7f02}行ってみましょう！{0000},0x0A4B
"",{7f04}{7f23}「フム。ゴンじいめ。{7f02}まだ生きておったか！{7f02}しぶとい　やつめ。{0000},0x0A9C
"",{7f04}{7f21}「ゴンじいねえ……。{7f02}{7f23}と　どっちが{7f02}おじいちゃんかしら？{0000},0x0AB9
"",{7f04}{7f22}「なっ　なんと　ふしだらなっ！{7f02}いち兵士の　ぶんざいで{7f02}なんという　うらやましい夢をっ！？{7f0a}{7f02}{7f04}{7f22}「はっ……！{7f02}い　いえ　失礼しましたっ。{7f02}なんでもありませんから！{0000},0x0AD3
"",{7f04}{7f23}「ニブい　神父でも{7f02}何かを感じとっているという{7f02}わけですな。{7f0a}{7f02}{7f04}{7f23}「これ以上　国のものを{7f02}不安にさせぬためにも{7f02}王さまを！{0000},0x0B14
"",{7f04}{7f23}「うーむ。やはり　一国の姫とも{7f02}あろう方が　旅に出るのは{7f02}良いこととは　言えませんな。{0000},0x0B4B
"",{7f04}{7f21}「悪いやつらも{7f02}私だけを　ねらえばいいのよ！{7f02}私は　強いもの。私なら……。{7f0a}{7f02}{7f04}{7f21}「お父さま……。{0000},0x0B70
"",{7f04}{7f23}「われらは　東へ旅立ち{7f02}そして　いくつものわざわいが{7f02}姫と　王さまとを襲った。{7f0a}{7f02}{7f04}{7f23}「うーむ……。{7f02}これで　わざわいが{7f02}終わればよいのですがな。{0000},0x0B99
"",{7f04}{7f21}「そうね　今はたしかに{7f02}お父さまのいいつけを{7f02}守らなくちゃ。{0000},0x0BD7
"",{7f04}{7f23}「フム。フレノールの件。{7f02}そして　王さま……。{7f02}関係がないとは思えぬ。{7f0a}{7f02}{7f04}{7f23}「しかし　いかなる者が{7f02}おそれおおくも　姫さまや{7f02}王をねらうというのか？{0000},0x0BF1
"",{7f04}{7f22}「ああ　神よ！{7f02}どうか　サントハイム王を{7f02}お守りください！{0000},0x0C32
"",{7f04}{7f21}「お父さまのことは{7f02}みんな　知らないのね。{7f0a}{7f02}{7f04}{7f21}「心配をかけないように{7f02}気をつかうだなんて。{7f02}お父さま……。{0000},0x0C4D
"",{7f04}{7f21}「やっと　お城に{7f02}戻ってこれたわ。{7f02}ずいぶん遅くなったけど。{0000},0x0C7A
"",{7f04}{7f22}「商人の方々の{7f02}クチがかたい　という言葉は{7f02}信用ならないような……。{0000},0x0C94
"",{7f04}{7f21}「私たちの　数々の{7f02}すばらしい戦いぶりが{7f02}伝わっているみたいね。{0000},0x0CB4
"",{7f04}{7f22}「テンペの村の怪物は{7f02}退治したというのに……。{7f02}まだ　何か　あるのでしょうか？{0000},0x0CD2
"",{7f04}{7f22}「王様も　やはり{7f02}本心では　姫さまに{7f02}外に出てほしくないようですね。{0000},0x0CF7
"",{7f04}{7f21}「お父さまの　わからずや！{7f02}いいわ　また壁をけやぶって{7f02}外に　出てやるんだから！{0000},0x0D14
"",{7f04}{7f23}「ほっほっほ　これで{7f02}城の外へは　戻れませんぞ。{0000},0x0D36
"",{7f04}{7f21}「こらー！{7f02}道を　ふさぐんじゃなーい！{7f02}まったくもう　頭きちゃうわ。{0000},0x0D4D
"",{7f04}{7f23}「うーむ。やはり　一国の姫とも{7f02}あろう方が　旅に出るのは{7f02}良いこととは　言えませんな。{0000},0x0D6C
"",{7f04}{7f21}「悪いやつらが{7f02}私を　ねらったとしても{7f02}返りうちに　しちゃうから！{0000},0x0D92
"",{7f04}{7f23}「ほっほっほ　これで{7f02}城の外へは　戻れませんぞ。{0000},0x0DAF
"",{7f04}{7f23}「はぁ……。{7f02}姫の　教育係になったばかりに{7f02}ひどい目に　あわされますわい。{0000},0x0DC5
"",{7f04}{7f23}「うむ。　城の者たちは{7f02}変わりないようですな。{7f02}けっこう　けっこう。{0000},0x0DE6
"",{7f04}{7f21}「どうも　お城の中って{7f02}きゅうくつで　キライなのよね。{0000},0x0E03
"",{7f04}{7f21}「みんな　お城の中にいて{7f02}よく　たいくつにならないわね。{7f0a}{7f02}{7f04}{7f21}「たまには　外に出て{7f02}冒険したくならないのかしら？{0000},0x0E1C
"",{7f04}{7f22}「なつかしき　わが城……。{7f02}うーん　のんびりしますね。{0000},0x0E4A
"",{7f04}{7f22}「あまり　たくさんの人に{7f02}姫の旅が　知られてはなりません。{7f0a}{7f02}{7f04}{7f22}「まあ　この方は{7f02}クチが　かたいそうなので{7f02}心配はないでしょうが。{0000},0x0E61
"",{7f04}{7f21}「私たちの事{7f02}もうウワサに　なってるのね。{7f02}ふふっ　人気者のしるし？{0000},0x0E98
"",{7f04}{7f23}「どういうウワサか{7f02}だいたいの　見当がつきますな。{7f02}やれやれ……。{0000},0x0EB7
"",{7f04}{7f22}「なっ　なんと　ふしだらなっ！{7f02}いち兵士の　ぶんざいで{7f02}なんという　うらやましい夢をっ！？{7f0a}{7f02}{7f04}{7f22}「はっ……！{7f02}い　いえ　失礼しましたっ。{7f02}なんでもありませんから！{0000},0x0ED5
"",{7f04}{7f21}「べつに　私　自分は{7f02}ふつうの姫だと思うけどな。{7f02}元気があるのって　いいことだし！{0000},0x0F15
"",{7f04}{7f23}「元気だけが　とりえの{7f02}姫君とは　まったく{7f02}なげかわしいものですな。{0000},0x0F3A
"",{7f04}{7f22}「神父様の胸さわぎ　とは？{7f02}{7f21}姫の　身に{7f02}何事もなければ　よいのですが。{0000},0x0F57
"",{7f04}{7f23}「うーむ。やはり　一国の姫とも{7f02}あろう方が　旅に出るのは{7f02}良いこととは　言えませんな。{0000},0x0F78
"",{7f04}{7f21}「悪いやつらが{7f02}私を　ねらう……。{7f0a}{7f02}{7f04}{7f21}「……うふふふふ。{7f02}そうこなくっちゃ！{7f02}ああ　腕が鳴るわ～。{0000},0x0F9E
"",{7f04}{7f23}「しもじもの　者にまで{7f02}このようなウワサを　されるとは。{7f02}はぁー　なんとも　なげかわしい。{0000},0x0FCB
"",{7f04}{7f21}「とんでもない　おてんば！？{7f02}失礼ね。私は　この国いちの{7f02}おてんば姫　なんだから！{0000},0x0FF1
"",{7f04}{7f22}「ご安心ください　姫さまは{7f02}命にかえても　この{7f22}が{7f02}お守りいたします。{7f0a}{7f02}{7f04}{7f22}「い　いえ　{7f23}様も{7f02}もちろん　お守りいたしますよ！{0000},0x1013
"",{7f04}{7f23}「ふーむ。　東で何かが　とは。{7f02}気をつけねば　なりませんな。{7f0a}{7f02}{7f04}{7f23}「いちばんいいのは{7f02}この城から　出ぬことだと{7f02}思いますがな。{0000},0x1048
"",{7f04}{7f23}「ほっほっほ　これで{7f02}城の外へは　戻れませんぞ。{0000},0x107C
"",{7f04}{7f22}「王様も　やはり{7f02}本心では　姫さまに{7f02}外に出てほしくないようですね。{0000},0x1093
"",{7f04}{7f21}「お父さまの　わからずや！{7f02}いいわ　また壁をけやぶって{7f02}外に　出てやるんだから！{0000},0x10B1
"",{7f04}{7f23}「ほれ　姫さま。{7f02}兵士も　こう申しておりますし{7f02}このまま　お城にお戻りなされ。{0000},0x10D2
"",{7f04}{7f21}「お父さまの　わからずや！{7f02}いいわ　また壁をけやぶって{7f02}外に　出てやるんだから！{0000},0x10F3
"",{7f04}{7f23}「はぁ……。{7f02}姫の　教育係になったばかりに{7f02}ひどい目に　あわされますわい。{0000},0x1115
"",{7f04}{7f23}「うむ。　城の者たちは{7f02}変わりないようですな。{7f02}けっこう　けっこう。{0000},0x1136
"",{7f04}{7f22}「お城に　もどってくると{7f02}なんだか　ほっとしますね。{0000},0x1153
"",{7f04}{7f21}「どうも　お城の中って{7f02}きゅうくつで　キライなのよね。{0000},0x1168
"",{7f04}{7f21}「もう　お城なんかに{7f02}用はないわ。{7f02}さあ　冒険に出かけましょう！{0000},0x1181
