"",{7f04}{7f23}「これは　きっかいな！{7f02}いったい　どうしたというのじゃ！{7f0b}{0000},0x0018
"",ともかく　よかった！{7f02}しかし　王様が見た夢のこと{7f02}気になりまする……。{7f0b}{0000},0x002F
"",王さまの命により{7f02}エンドールへの　ほこらの{7f02}通行許可を出しておきました。{7f0a}{7f02}どうか　お気をつけて{7f02}いかれますように。{7f0b}{0000},0x004B
"",{7f04}王「くれぐれも　気をつけて{7f02}旅を　続けるのじゃぞ。{7f0a}{7f02}{7f04}王「わしは　夢のことを{7f02}考えることに　しよう。{7f0a}{7f02}{7f04}王「恐ろしい夢を　見た時{7f02}別の夢も　見た気がするのだが{7f02}どうしても思い出せぬのじゃ……。{7f0b}{0000},0x007F
"",{7f04}王「わしは　もう　止めはせぬ。{7f02}わが娘　{7f21}の{7f02}思う通りに　するがよい。{7f0a}{7f02}{7f04}王「おまえの父が{7f02}その目で世界を見てまいれ　と{7f02}言っておったと　伝えてくれ！{7f0b}{0000},0x00D2
"",{7f04}王「{7f21}よ。{7f02}わしは　もう　止めはせぬ。{7f02}その目で世界を　見てまいれ。{7f0a}{7f02}{7f04}王「{7f23}に　{7f22}。{7f02}{7f21}を　頼んだぞよ！{7f0b}{0000},0x0112
"",{7f04}王「おおっ！？　こ　声が出るぞ！{7f02}治った　治った！{7f0a}{7f02}{7f04}王「そうか　お前たちが……。{7f02}ともかく　礼を言おう。{7f0a}{7f02}{7f04}王「じつは　わしは　とてつもなく{7f02}恐ろしい夢を　見たのじゃ。{7f0a}{7f02}{7f04}王「巨大な怪物が{7f02}地獄から　よみがえり{7f02}すべてを　破壊していた。{7f0a}{7f02}{7f04}王「はじめは　わしの胸だけに{7f02}おさめておくつもりだったが……{7f0a}{7f02}{7f04}王「あまりにも　同じ夢を何回も見るのだ。{7f02}なにやら　不安になっての。{7f0a}{7f02}{7f04}王「大臣に　夢の話をしようとした{7f02}そのとたん{7f02}声が　出なくなったのじゃ。{7f0a}{7f02}{7f04}王「…………。もしかすると{7f02}何かが　起ころうとしているのかも{7f02}しれん……。{7f0a}{0000},0x013F
"",{7f04}王「…………。{7f0a}{7f02}{7f04}王「ん？　あー　あー。{7f0a}{0000},0x021D
"",この国は　王様でもっています。{7f02}みなに不安を　抱かせないように{7f02}何とぞ　ご内密に……。{7f0b}{0000},0x022F
"",おお　なんとしたことじゃ！{7f02}お声が　出なくなるとは！{7f0a}{7f02}このこと　城の　他の者には{7f02}知れぬようにしたが{7f02}このままでは……。{7f0a}{7f02}おお　そうじゃ　そうじゃ！{7f02}裏庭の部屋に住む　ゴンじいなら{7f02}何かわかるかも　知れませんぞ！{7f0b}{0000},0x0256
"",大変です！{7f02}じつは　王様の　お声が{7f02}出なくなってしまったのです！{7f0b}{0000},0x02B0
"",王さまは　何か言いたそうに{7f02}こっちを見ている。{7f0b}{0000},0x02CB
"",{7f04}王「……………………。{7f0a}{0000},0x02E0
"",ああ　よかった。{7f02}よくぞ　ご無事で……。{7f0b}{0000},0x02E9
"",{7f04}{7f23}「姫！{7f02}少しは　女らしくして{7f02}いただかないと。{7f0a}{7f02}{7f04}{7f23}「お亡くなりになった{7f02}お妃さまは　{7f02}とても　上品な方でしたのに。{7f0a}{7f02}{7f04}{7f23}「姫の　教育係として{7f02}この　じいは　王様に{7f02}合わせる顔が　ありませぬぞ。{7f0b}{0000},0x02FB
"",この上は　王様とお姫さまの{7f02}寝室で　ございます。{7f0b}{0000},0x034F
"",ここは{7f02}サントハイムの　お城です。{7f0b}{0000},0x0365
"",やや！　姫さまが……！{7f02}なんとしても　姫を{7f02}生き返らすのじゃ！　たのんだぞ！{7f0b}{0000},0x0377
"",王様は　姫さまのことを思って{7f02}ああ言って　おられるのです。{7f02}なにとぞ　聞きわけられますよう。{7f0b}{0000},0x0397
"",{7f04}王「おお　{7f21}！{7f02}なんという　あわれな姿に……。{7f02}だからあれほど　申したのに……。{7f0b}{0000},0x03BE
"",{7f04}王「おお　戻ってきてくれたか。{7f02}{7f21}。{7f0a}{7f02}{7f04}王「いや　言わずともよい。{7f02}どうせ　お前のことだから　止めても{7f02}またすぐに　出てゆくつもりであろう。{7f0a}{7f02}{7f04}王「しかし　わしの目のとどかぬ{7f02}よその大陸だけには{7f02}行くでないぞ。{7f0b}{0000},0x03DF
"",{7f04}王「おお！　聞き分けてくれたか！{7f02}それでこそ　わしのかわいい娘じゃ。{7f02}ささ　部屋で　休むがよい。{7f0b}{0000},0x0437
"",{7f04}王「ならぬっ。ならぬぞ！{7f02}どうして　お前は　{7f02}そう　おてんばなのじゃ……。{7f0b}{0000},0x0461
"",{7f04}王「どうした　{7f21}？{7f02}まだ　外に出たいと申すのか？{0000},0x0480
"",{7f04}王「おお　{7f21}か！？　じいから{7f02}聞いたのだが　ちからだめしの旅に{7f02}出たいと　申しているとか……。{7f0a}{7f02}{7f04}王「ならぬっ。ならぬぞ。{7f02}お前は　女。{7f02}しかも　わが国の姫なのだぞ。{7f0a}{7f02}{7f04}王「怪物どもが住む　外の世界へ{7f02}ちからだめしに　出るなど{7f02}このわしが　ゆるさん！{7f0a}{7f02}{7f04}王「よいなっ！？{7f02}この城から　出てはならぬぞ。{7f02}では　下がってよい……。{7f0b}{0000},0x0494
"",{7f43}姫さま！　アリーナ姫さま！{7f02}お父上が　お呼びですぞ！{7f0b}{0000},0x051C
"",むかしむかし　ある所に{7f02}アリーナ姫という　それはそれは{7f02}おてんばな　お姫さまが　おったそうじゃ。{7f0a}{7f02}その国の王様は　姫の　おてんばさに{7f02}頭をかかえる　毎日。{7f02}ある朝　姫を　呼びつけたのじゃよ……。{7f0a}{0000},0x0538
"",{7f04}{7f23}「あの兵士の　最後の言葉は{7f02}この事を　言っておったのか！{7f02}うぬっ。{0000},0x058C
"",{7f04}{7f23}「姫さまが　ご無事なのが{7f02}せめてもの救いか。{7f02}しかし　きっかいな……。{0000},0x05AB
"",{7f04}{7f22}「神かくし……？{7f02}いや　わが神は　このような{7f02}ひどい仕打ちはされないはず。{7f0a}{7f02}{7f04}{7f22}「神でないとすれば{7f02}では……。{0000},0x05C8
"",{7f04}{7f21}「やだ　みんなして{7f02}どこかに隠れてるんでしょ？{7f02}私たちを　からかおうとして。{0000},0x05F8
"",{7f04}{7f21}「お父さまに　優勝したって{7f02}私　お知らせに来たのよ。{7f02}なのに　どうして？{7f0a}{7f02}{7f04}{7f21}「お父さま……どうして{7f02}いらっしゃらないの？{0000},0x0619
"",{7f04}{7f23}「この{7f23}めの{7f02}目の黒いうちは　姫さまに{7f02}そうそうムチャはさせませんぞ！{0000},0x064C
"",{7f04}{7f22}「恐ろしい夢のために{7f02}お声が　出なくなるとは。{7f02}いったい　どのような……？{0000},0x066C
"",{7f04}{7f21}「夢ねえー？{7f02}そんなの　気にしないわ！{7f02}ねっ　平気よねっ。{0000},0x068C
"",{7f04}{7f23}「サントハイムの城も{7f02}これでまた　しばらくは{7f02}お別れですかな。フーム。{0000},0x06A5
"",{7f04}{7f23}「エンドールまで行けば{7f02}気がすむか……いや　すまない。{7f02}姫さまは　そんなに甘くない。{7f0a}{7f02}{7f04}{7f23}「ぶつぶつ……これは　王さまに{7f02}特別年金を　いただかねば。{7f02}ぶつぶつ……。{0000},0x06C6
"",{7f04}{7f22}「まずは　エンドールへ。{7f02}その後も　姫さまのご希望通り{7f02}どこへなりと　参りましょう！{0000},0x070D
"",{7f04}{7f22}「世界中　どこへなりと{7f02}お供をさせていただきます！{7f02}はあ……しあわせ。{0000},0x0735
"",{7f04}{7f21}「まずは　エンドールで{7f02}武術大会に　優勝して……{7f02}次は　どこに行こうかな？{0000},0x0754
"",{7f04}{7f21}「私は　自由よ！{7f02}もう世界中どこへ行ってもいいのね。{7f02}どこまでも　冒険できるのね！{7f0a}{7f02}{7f04}{7f21}「すごいわ。世界中って{7f02}サントハイムよりも　ずっとずっと{7f02}広いんでしょう？　すごいわ！{0000},0x0778
"",{7f04}{7f23}「今回ばかりは　姫さまの{7f02}おてんばに　助けられましたな。{7f02}めずらしいことも　あるものです。{0000},0x07C8
"",{7f04}{7f22}「これで　王さまの{7f02}ご病気も治る……。{7f0a}{7f02}{7f04}{7f22}「いや　喜ばなくては。{7f02}これは国のため。{7f02}姫さまのためでもあるんだ……。{0000},0x07EE
"",{7f04}{7f21}「さあ　あとはお父さまに{7f02}この　さえずりの蜜を{7f02}飲ませるだけよ！{7f0a}{7f02}{7f04}{7f21}「でも　お父さま{7f02}甘いもの　苦手なのよね。{7f02}口をこじあけてでも飲ませなきゃ！{0000},0x081F
"",{7f04}{7f21}「お父さまは　ご自分の{7f02}お部屋に　いらっしゃるのね。{0000},0x085D
"",{7f04}{7f23}「なんということか！{7f02}これで　やっと城に戻れると{7f02}思ったというのに！{7f0a}{7f02}{7f04}{7f23}「むむ……王じきじきの頼みを{7f02}断るわけにも　ゆかぬし{7f02}姫さまは　あぶなっかしいし……。{7f0a}{7f02}{7f04}{7f23}「ええい　もうヤケです。{7f02}どこへなりと　お供しましょう！{7f02}さあ　エンドールへ！{0000},0x0875
"",{7f04}{7f22}「姫さまが　聞いたら{7f02}どれほど　およろこびに{7f02}なることか！{7f0a}{7f02}{7f04}{7f22}「ああ　また姫さまと{7f02}旅ができるんですね。{7f02}……じーん。{0000},0x08DC
"",{7f04}{7f23}「なんということか！{7f02}これで　やっと城に戻れると{7f02}思ったというのに！{7f0a}{7f02}{7f04}{7f23}「むむ……王じきじきの頼みを{7f02}断るわけにも　ゆかぬし{7f02}姫さまは　あぶなっかしいし……。{7f0a}{7f02}{7f04}{7f23}「ええい　もうヤケです。{7f02}どこへなりと　お供しましょう！{7f02}さあ　エンドールへ！{0000},0x090E
"",{7f04}{7f22}「また　姫さまと旅が{7f02}できるだなんて……。{7f02}どうしよう　涙がっ。{0000},0x0975
"",{7f04}{7f21}「その目で世界を　って{7f02}じゃあ　エンドールに行けるのね！{7f02}武術大会にも出られるのね！{7f0a}{7f02}{7f04}{7f21}「やった　やったわ！{7f02}さあ　行きましょう。{7f02}今度は　堂々と　正門から！{0000},0x0990
"",{7f04}{7f23}「フム。フレノールの件。{7f02}そして　王さま……。{7f02}関係がないとは思えぬ。{7f0a}{7f02}{7f04}{7f23}「しかし　いかなる者が{7f02}おそれおおくも　姫さまや{7f02}王をねらうというのか？{0000},0x09DA
"",{7f04}{7f21}「みんなにも{7f02}ずいぶん心配をかけたけど{7f02}もう　だいじょうぶよ！{0000},0x0A18
"",{7f04}{7f23}「フム。ゴンじいめ。{7f02}なかなか　やりおるわい。{0000},0x0A34
"",{7f04}{7f21}「大臣や　ゴンじい。{7f02}マローニのおかげで{7f02}お父さまの病気も治るわ！{7f0a}{7f02}{7f04}{7f21}「もちろん　{7f23}や{7f02}{7f22}のおかげでも{7f02}あるけどね。{0000},0x0A49
"",{7f04}{7f23}「フム。フレノールの件。{7f02}そして　王さま……。{7f02}関係がないとは思えぬ。{7f0a}{7f02}{7f04}{7f23}「しかし　いかなる者が{7f02}おそれおおくも　姫さまや{7f02}王をねらうというのか？{0000},0x0A7F
"",{7f04}{7f22}「ああ　神よ！{7f02}王さまを　お守りくださり{7f02}ありがとうございます。{0000},0x0ABD
"",{7f04}{7f21}「さあ　あとはお父さまに{7f02}この　さえずりの蜜を{7f02}飲ませるだけよ！{7f0a}{7f02}{7f04}{7f21}「でも　お父さま{7f02}甘いもの　苦手なのよね。{7f02}口をこじあけてでも飲ませなきゃ！{0000},0x0AD9
"",{7f04}{7f21}「お父さま　ちょっぴり{7f02}やつれたみたいだわ。{7f02}おかわいそうに……。{0000},0x0B17
"",{7f04}{7f22}「ああ　神よ！{7f02}どうか　サントハイム王を{7f02}お守りください！{0000},0x0B34
"",{7f04}{7f21}「お父さまは　ご自分の{7f02}お部屋に　いらっしゃるのね。{7f02}ああ　お父さま……。{0000},0x0B4F
"",{7f04}{7f22}「ゴンじいどのは{7f02}たしかに　物知りですね。{7f02}さあ　急ぎましょう！{0000},0x0B6E
"",{7f04}{7f21}「お父さまは　きっと{7f02}私が　治してみせるわ。{7f02}ぜったいに　治してみせるわ。{0000},0x0B8B
"",{7f04}{7f23}「ううむ……。{7f02}ただの病気ならばよいが。{7f02}これは　しかし……ぶつぶつ。{0000},0x0BAA
"",{7f04}{7f22}「国のものたちが{7f02}この異変に　気づかぬうちに{7f02}なんとかしなければ。{0000},0x0BC7
"",{7f04}{7f21}「すぐよ。もうすぐ。{7f02}すぐに私が　お父さまを{7f02}治してみせるんだから！{7f0a}{7f02}{7f04}{7f21}「さあ！　急ぎましょう。{0000},0x0BE6
"",{7f04}{7f23}「王のまわり　まがまがしき{7f02}気配が　見えます。{7f02}何者のしわざか。むう……。{0000},0x0C11
"",{7f04}{7f22}「王さまの　お心。{7f02}目を見ればわかります。{7f0a}{7f02}{7f04}{7f22}「姫さまは　私が{7f02}命にかえても　お守りいたします！{0000},0x0C30
"",{7f04}{7f21}「お父さま。{7f02}もう少しだけ待っててね。{7f02}次に　帰ってきた時は　きっと。{7f0a}{7f02}{7f04}{7f21}「きっと　{7f21}が{7f02}お父さまのご病気を{7f02}治して　さしあげます！{0000},0x0C5A
"",{7f04}{7f21}「みんな　待っててね。{7f02}次に　お城に戻った時には{7f02}お父さまを　治してみせるから！{0000},0x0C93
"",{7f04}{7f23}「フム。フレノールの件。{7f02}そして　王さま……。{7f02}関係がないとは思えぬ。{7f0a}{7f02}{7f04}{7f23}「しかし　いかなる者が{7f02}おそれおおくも　姫さまや{7f02}王をねらうというのか？{0000},0x0CB6
"",{7f04}{7f22}「ああ　神よ！{7f02}どうか　サントハイム王を{7f02}お守りください！{0000},0x0CF4
"",{7f04}{7f21}「お父さま　すぐに{7f02}{7f21}が　病気を治して{7f02}さしあげます。{7f0a}{7f02}{7f04}{7f21}「だから　それまで{7f02}お元気でいてください……。{0000},0x0D0F
"",{7f04}{7f23}「フム。フレノールの件。{7f02}そして　王さま……。{7f02}関係がないとは思えぬ。{7f0a}{7f02}{7f04}{7f23}「しかし　いかなる者が{7f02}おそれおおくも　姫さまや{7f02}王をねらうというのか？{0000},0x0D3C
"",{7f04}{7f21}「お父さまは　ご自分の{7f02}お部屋に　いらっしゃるのね。{7f02}ああ　お父さま……。{0000},0x0D7A
"",{7f04}{7f22}「ああ　神よ！{7f02}どうか　サントハイム王を{7f02}お守りください！{0000},0x0D98
"",{7f04}{7f21}「お父さまのことは{7f02}みんな　知らないのね。{7f0a}{7f02}{7f04}{7f21}「心配をかけないように{7f02}気をつかうだなんて。{7f02}お父さま……。{0000},0x0DB4
"",{7f04}{7f23}「なんと　ゴンじいが！{7f02}うむ。やつなら　きっと{7f02}何か知っているでしょう！{0000},0x0DE0
"",{7f04}{7f22}「裏庭の　ゴンじい？{7f02}私は　お会いしたことは{7f02}ございませんが……。{0000},0x0DFF
"",{7f04}{7f21}「裏庭の　ゴンじいね。{7f02}その人に会えば　お父さまの声も{7f02}きっと　治せるのね！{7f0a}{7f02}{7f04}{7f21}「さあ　行きましょう！{7f02}急いで！！{0000},0x0E1D
"",{7f04}{7f23}「ううむ……。{7f02}ただの病気ならばよいが。{7f02}これは　しかし……ぶつぶつ。{0000},0x0E50
"",{7f04}{7f22}「そのような病気{7f02}聞いたことが　ありません。{7f02}声が　出なくなるなど！{0000},0x0E6D
"",{7f04}{7f21}「お声が出なくなった！？{7f02}まさか　そんなことが！{0000},0x0E8B
"",{7f04}{7f23}「王のまわり　まがまがしき{7f02}気配が　見えます。{7f02}何者のしわざか。むう……。{0000},0x0EA0
"",{7f04}{7f22}「王さま……。{7f02}おいたわしや。{0000},0x0EBF
"",{7f04}{7f21}「お父さまは　どうして{7f02}何も　おっしゃってくれないの？{7f02}何があったの？　ねえ！{0000},0x0ECC
"",{7f04}{7f23}「フム。フレノールの件。{7f02}そして　王さま……。{7f02}関係がないとは思えぬ。{7f0a}{7f02}{7f04}{7f23}「しかし　いかなる者が{7f02}おそれおおくも　姫さまや{7f02}王をねらうというのか？{0000},0x0EEB
"",{7f04}{7f22}「ああ　神よ！{7f02}どうか　サントハイム王を{7f02}お守りください！{0000},0x0F29
"",{7f04}{7f21}「お父さまのことは{7f02}みんな　知らないのね。{7f0a}{7f02}{7f04}{7f21}「心配をかけないように{7f02}気をつかうだなんて。{7f02}お父さま……。{0000},0x0F45
"",{7f04}{7f21}「お父さま　なんて{7f02}苦しそうなお顔なの？{7f02}ああ　お父さま……。{0000},0x0F71
"",{7f04}{7f23}「年よりは　夜が早いのです。{7f02}あー　眠い。あーつらい。{7f02}ぶつぶつぶつ。{0000},0x0F8B
"",{7f04}{7f22}「こんな　夜ふけまで{7f02}兵士どの　ご苦労様ですね。{0000},0x0FAA
"",{7f04}{7f21}「お父さまは　もう{7f02}お休みの　時間みたいね。{7f02}私も　ちょっと眠いかな……。{0000},0x0FC3
"",{7f04}{7f23}「王様も　甘いですな。{7f02}姫を止めてくだされば{7f02}よろしいものを。ぶつぶつ。{0000},0x0FE3
"",{7f04}{7f22}「{7f21}姫の身を{7f02}だれより　案じているのが{7f02}王様で　ありましょう。{0000},0x1002
"",{7f04}{7f21}「{7f21}よ　すっかり{7f02}たくましく　なりおって……とか{7f02}ほめてくれてもいいのに。{7f0a}{7f02}{7f04}{7f21}「お父さま　娘の変化に{7f02}もっと　ビンカンであるべきよ！{0000},0x101E
"",{7f04}{7f23}「ふつうの姫君ならば{7f02}あの玉座に　しとやかに{7f02}こしかけて　いるでしょうに。{7f0a}{7f02}{7f04}{7f23}「このじいの　育て方が{7f02}悪かったのでは……いやいや{7f02}そんなことはないはず。ぶつぶつ。{0000},0x1058
"",{7f04}{7f21}「誰が　なんと言おうと{7f02}まだまだ　お城には{7f02}戻らないわよ。{0000},0x109D
"",{7f04}{7f21}「旅の間に　私{7f02}ずいぶん強くなったと{7f02}思うのよね。{7f0a}{7f02}{7f04}{7f21}「そろそろ　お父さまも{7f02}ほかの大陸へ行くのを{7f02}許してくれないかしら？{0000},0x10B6
"",{7f04}{7f23}「姫と　旅をしていると{7f02}命が　いくつあっても{7f02}たりませんわい。{0000},0x10EE
"",{7f04}{7f21}「大臣も　お父さまも{7f02}心配しすぎなのよ。{7f02}私を　信じてほしいわ。{0000},0x1108
"",{7f04}{7f23}「ふつうの姫君ならば{7f02}あの玉座に　しとやかに{7f02}こしかけて　いるでしょうに。{7f0a}{7f02}{7f04}{7f23}「どうして　わが姫は……。{7f02}ぶつぶつ……。{0000},0x1125
"",{7f04}{7f23}「はぁ……。{7f02}姫の　教育係になったばかりに{7f02}ひどい目に　あわされますわい。{0000},0x1158
"",{7f04}{7f22}「こんな　夜ふけまで{7f02}兵士どの　ご苦労様ですね。{0000},0x1179
"",{7f04}{7f21}「お父さまは　もう{7f02}お休みの　時間みたいね。{7f02}私も　ちょっと眠いかな……。{0000},0x1192
"",{7f04}{7f21}「大臣って　ホント{7f02}うるさいのよねー。{7f02}{7f23}よりは　マシだけど。{0000},0x11B1
"",{7f04}{7f23}「王様も　甘いですな。{7f02}姫を止めてくだされば{7f02}よろしいものを。ぶつぶつ。{0000},0x11CF
"",{7f04}{7f22}「大陸中を　{7f21}姫と{7f02}旅をしてもよい　と{7f02}王様の　おゆるしが……。{7f0a}{7f02}{7f04}{7f22}「ああ　私は{7f02}なんという　幸せ者でしょう！{7f02}うっうっ　涙がっ。{0000},0x11EF
"",{7f04}{7f21}「いっそ　お父さまも{7f02}いっしょに　旅をすればいいのよ。{7f0a}{7f02}{7f04}{7f21}「そうすれば　世界中{7f02}どこにだって行けるわ！{7f02}お父さまの目がとどくんだから。{0000},0x1226
