"",しかし　返事はなかった……。{7f0b}{0000},0x0018
"",{7f04}{7f22}「みんな　どこに{7f02}行ってしまったんでしょうか……？{7f02}おーい　おーい！{7f0a}{0000},0x0024
"",{7f04}王「うーん　うーん……。{7f02}ぐうぐう……。{7f0b}{0000},0x0041
"",やっと　王様から{7f02}お声をかけて　もらえましたわ。{7f02}ああ　なんてすてきなお声でしょう。{7f0b}{0000},0x0051
"",{7f04}王「……………………。{7f0b}{0000},0x0074
"",この国は　王様でもっています。{7f02}みなに不安を　抱かせないように{7f02}何とぞ　ご内密に……。{7f0b}{0000},0x007D
"",さいきん　王様から{7f02}お声をかけて　いただけません。{7f02}何か　あったのでしょうか。{7f0b}{0000},0x00A3
"",{7f04}王「むにゃむにゃ……。{7f02}うーん　{7f21}{7f02}気をつけるのじゃ……むにゃ。{7f0b}{0000},0x00C2
"",王様は　すでに{7f02}おやすみに　ございます。{7f02}お話なら　また明日おいでください。{7f0b}{0000},0x00DE
"",なんと　姫さまが……！{7f02}おいたわしや……。{7f0b}{0000},0x00FE
"",まったく　姫さまの{7f02}おてんばにも　困ったものだ。{7f0a}{7f02}ありゃりゃ　姫さま！？{7f02}これは　失礼いたしました……。{7f0b}{0000},0x010F
"",すー　すー。{7f0b}{0000},0x013A
"",姫さまの　寝室のカベは{7f02}修理を頼んで　おきました。{7f0a}{7f02}もう　カベを　{7f02}けり飛ばして　壊したり{7f02}なさりませぬように。{7f0b}{0000},0x0140
"",これは　姫さま。{7f02}カベを修理しておりますので{7f02}いま　しばらく　ご辛抱を。{7f0b}{0000},0x0170
"",亡くなった　サントハイム王妃の{7f02}肖像画が　かざられている。{7f0b}{0000},0x018F
"",サントハイム領地の　山々が{7f02}あざやかに　描かれている。{7f0b}{0000},0x01AB
"",{7f04}板で　修理してあるだけなので{7f02}けやぶれそうだった。{7f0a}{7f02}{7f04}カベを　けやぶりますか？{0000},0x01C6
"",{7f04}開けた穴を　板で{7f02}修理しているようだ。{7f0b}{0000},0x01E8
"",{7f04}{7f23}「姫さまが　ご無事なのが{7f02}せめてもの救いか。{7f02}しかし　きっかいな……。{0000},0x01FB
"",{7f04}{7f23}「王さまも　大臣も{7f02}兵士も残っておらぬとは。{7f02}むう……。{0000},0x0218
"",{7f04}{7f22}「城中　そろって{7f02}姫の優勝を祝うため{7f02}エンドールへ……いや　ちがう。{7f0a}{7f02}{7f04}{7f22}「それならば　われわれにも{7f02}知らせが　あったはず。{7f02}では　どこへ消えたと？{0000},0x0232
"",{7f04}{7f21}「ここにも　いない……。{7f02}どうして？　ねえ　みんな{7f02}どこに行ってしまったの？{0000},0x0275
"",{7f04}{7f21}「大臣も　お父さまも{7f02}考えすぎなのよ。{7f02}もっと明るくいかなくちゃ！{7f0a}{7f02}{7f04}{7f21}「せっかく　私が{7f02}病気も治したんだし{7f02}ほら　ぱーっとぱーっと　ね！{0000},0x0293
"",{7f04}{7f23}「さあさ　王さまの病気を{7f02}早く　その　さえずりの蜜で{7f02}治して　さしあげてはいかがか？{0000},0x02D1
"",{7f04}{7f22}「なんとか　国のみなにも{7f02}知られずに　すみそうですね。{0000},0x02F5
"",{7f04}{7f21}「ただいま　私の部屋！{7f02}私　また　ちょっぴり{7f02}強くなって　帰ってきたわ！{0000},0x030D
"",{7f04}{7f23}「フム。フレノールの件。{7f02}そして　王さま……。{7f02}関係がないとは思えぬ。{7f0a}{7f02}{7f04}{7f23}「しかし　いかなる者が{7f02}おそれおおくも　姫さまや{7f02}王をねらうというのか？{0000},0x032D
"",{7f04}{7f21}「お父さまのことは{7f02}みんな　知らないのね。{7f0a}{7f02}{7f04}{7f21}「心配をかけないように{7f02}気をつかうだなんて。{7f02}お父さま……。{0000},0x036B
"",{7f04}{7f23}「フム。フレノールの件。{7f02}そして　王さま……。{7f02}関係がないとは思えぬ。{7f0a}{7f02}{7f04}{7f23}「しかし　いかなる者が{7f02}おそれおおくも　姫さまや{7f02}王をねらうというのか？{0000},0x0396
"",{7f04}{7f22}「ああ　神よ！{7f02}どうか　サントハイム王を{7f02}お守りください！{0000},0x03D4
"",{7f04}{7f21}「お父さまのことは{7f02}みんな　知らないのね。{7f0a}{7f02}{7f04}{7f21}「心配をかけないように{7f02}気をつかうだなんて。{7f02}お父さま……。{0000},0x03EF
"",{7f04}{7f21}「お父さまのことは{7f02}みんな　知らないのね。{7f0a}{7f02}{7f04}{7f21}「心配をかけないように{7f02}気をつかうだなんて。{7f02}お父さま……。{0000},0x041B
"",{7f04}{7f23}「フム。フレノールの件。{7f02}そして　王さま……。{7f02}関係がないとは思えぬ。{7f0a}{7f02}{7f04}{7f23}「しかし　いかなる者が{7f02}おそれおおくも　姫さまや{7f02}王をねらうというのか？{0000},0x0447
"",{7f04}{7f22}「ああ　神よ！{7f02}どうか　サントハイム王を{7f02}お守りください！{0000},0x0485
"",{7f04}{7f21}「お父さまのことは{7f02}みんな　知らないのね。{7f0a}{7f02}{7f04}{7f21}「心配をかけないように{7f02}気をつかうだなんて。{7f02}お父さま……。{0000},0x04A0
"",{7f04}{7f23}「板どころか　鉄のカベにでも{7f02}せぬかぎり　姫様を　止めることは{7f02}できないでしょうな……。はあー。{0000},0x04CB
"",{7f04}{7f21}「私が　悪いんじゃないわ。{7f02}壁が　こわれやすいのが{7f02}悪いのよ。ねっ？{0000},0x04F6
"",{7f04}{7f23}「うむ。　城の者たちは{7f02}変わりないようですな。{7f02}けっこう　けっこう。{0000},0x0513
"",{7f04}{7f22}「私のような身分の者が{7f02}王様と姫の　お部屋に{7f02}入っても　いいものだろうか……。{0000},0x052F
"",{7f04}{7f21}「私の部屋！{7f02}キレイに　かたづけておいて{7f02}くれてるのね。うれしいわ。{0000},0x0550
"",{7f04}{7f23}「亡くなられた　お妃様は{7f02}それはそれは　おしとやかな{7f02}美しい方でしたのに。ぶつぶつ。{0000},0x056E
"",{7f04}{7f22}「この人は　わかっていない。{7f02}おてんばな　所こそが{7f02}{7f21}姫の……。{7f0a}{7f02}{7f04}{7f22}「えっ？　わ　私は{7f02}何も言っておりませんよ！{0000},0x0592
"",{7f04}{7f21}「おてんば　おてんばって{7f02}耳に　タコができちゃうわ。{0000},0x05C2
"",{7f04}{7f23}「うむ。　城の者たちは{7f02}変わりないようですな。{7f02}けっこう　けっこう。{0000},0x05DA
"",{7f04}{7f22}「もう　王様は{7f02}お休みのようですね。{0000},0x05F6
"",{7f04}{7f21}「たまには　お城の{7f02}フカフカのベッドで{7f02}ぐっすり　眠りたいわ。{0000},0x0606
"",{7f04}{7f22}「私は　神官ですから{7f02}壁を　けやぶるなんて{7f02}とても　できません。{7f0a}{7f02}{7f04}{7f22}「さすがは　姫！{7f02}やっぱり　ステキです！！{0000},0x0622
"",{7f04}{7f23}「亡くなられた　お妃様は{7f02}それはそれは　おしとやかで{7f02}美しい方でしたのに。ぶつぶつ。{0000},0x0653
"",{7f04}{7f21}「私が　悪いんじゃないわ。{7f02}壁が　こわれやすいのが{7f02}悪いのよ。ねっ？{0000},0x0677
"",{7f04}{7f23}「うむ。　城の者たちは{7f02}変わりないようですな。{7f02}けっこう　けっこう。{0000},0x0695
"",{7f04}{7f22}「私のような身分の者が{7f02}王様と姫の　お部屋に{7f02}入っても　いいものだろうか……。{0000},0x06B1
"",{7f04}{7f21}「もう　お城なんかに{7f02}用はないわ。{7f02}さあ　冒険に出かけましょう！{0000},0x06D2
"",{7f04}{7f21}「たまには　お城の{7f02}フカフカのベッドで{7f02}ぐっすり　眠りたいわ。{0000},0x06EE
