"",にゃん　にゃん　にゃん！{7f0b}{0000},0x0018
"",にゃ～ん。{7f0b}{0000},0x0022
"",{7f04}{7f22}「たった一匹だけ{7f02}とりのこされて　かわいそうに。{0000},0x0028
"",{7f04}{7f21}「ネコの言葉がわかれば{7f02}手がかりも　つかめたのに！{7f02}お父さま……。{0000},0x003E
"",{7f04}{7f23}「王のお許しも出たというのに{7f02}何ゆえ　正門を通らず{7f02}このような所から……ぶつぶつ。{0000},0x005B
"",{7f04}{7f21}「やっぱり　初心にかえって{7f02}カベは　けやぶるべきよ！{7f0a}{7f02}{7f04}{7f21}「あのときの　キックから{7f02}冒険は　始まったんですもの。{0000},0x007E
"",{7f04}{7f21}「夜の　サントハイム城って{7f02}あらためて見ると　きれいね。{0000},0x00B0
"",{7f04}{7f23}「王のお許しも出たというのに{7f02}何ゆえ　正門を通らず{7f02}このような所から……ぶつぶつ。{0000},0x00C9
"",{7f04}{7f21}「もうカベをけやぶる必要は{7f02}ないんだけど……。{7f02}なんとなく　やっちゃうのよね。{0000},0x00EC
"",{7f04}{7f21}「これからは　どこへでも{7f02}好きなように　旅できるわ。{7f02}なんて　いい気分！{0000},0x010F
"",{7f04}{7f22}「まだサントハイム王は{7f02}うなされておられるとは。{7f02}……気になりますね。{0000},0x012D
"",{7f04}{7f21}「夜　うなされるのは{7f02}だいたい食べ過ぎのよ。{7f02}お父さま　食い意地が……。{0000},0x014C
"",{7f04}{7f23}「さあさ　王さまの病気を{7f02}早く　その　さえずりの蜜で{7f02}治して　さしあげてはいかがか？{0000},0x016C
"",{7f04}{7f21}「そうね　ゴンじいにも{7f02}報告しておきましょう。{7f02}お礼も　言いたいし。{0000},0x018F
"",{7f04}{7f23}「この先は　このじいも{7f02}止めだては　いたしませぬ。{7f0a}{7f02}{7f04}{7f23}「さあ　行きましょう！{7f02}そして　王さまを{7f02}お助けするのです！！{0000},0x01AD
"",{7f04}{7f22}「ああ　神よ！{7f02}われらの　いない間も{7f02}サントハイムをお守り下さい。{0000},0x01DF
"",{7f04}{7f21}「さあ　急がないと！{7f02}いちにちも早く　お父さまの{7f02}ご病気を　治すのよ！{0000},0x01FC
"",{7f04}{7f21}「あら　あのネコも{7f02}元気そうね。うふふっ。{0000},0x021A
"",{7f04}{7f23}「年よりは　そろそろ{7f02}眠たくなってきましたぞ。{7f02}ふわ～　ねむいねむいっ。{0000},0x022C
"",{7f04}{7f21}「今夜は　月も星も{7f02}よーく　見えるのね。{7f0a}{7f02}{7f04}{7f21}「城の屋上を{7f02}私の部屋にしたら　毎晩{7f02}星を見ながら　眠れるわ。{0000},0x024D
"",{7f04}{7f21}「あら　こんな所に{7f02}ネコがいたのね。{7f02}かわいいー。{0000},0x027D
"",{7f04}{7f23}「本来なら　城でのんびりと{7f02}お茶を飲んでいる間だというに{7f02}なにゆえ　このような……ぶつぶつ。{0000},0x0292
"",{7f04}{7f21}「お日さま　ポカポカで{7f02}気持ちいいわねー。{7f02}うーん　いい天気！{0000},0x02BA
