"",{7f04}マローニ「そうです。マローニは私です。{7f0a}{7f02}{7f04}マローニ「は？　なぜ　このように{7f02}美しい声をしているのかですって？{7f0a}{7f02}{7f04}マローニ「それは　さえずりの蜜という{7f02}エルフの薬を　飲んだためでしょう。{7f0a}{7f02}{7f04}マローニ「その昔　旅をしている{7f02}たまたま　砂漠のバザーの道具屋で{7f02}見つけたのでございます。ララララー。{7f0b}{0000},0x0018
"",マローニの歌は{7f02}いつ　聞いても　ステキ。{7f02}ウットリ……。{7f0b}{0000},0x0096
"",{7f04}マローニ「かがやくー　みかーづきー{7f02}またたくー　ほしーぼしー　ラララ。{7f0b}{0000},0x00B0
"",私は　詩人のマローニです。{7f0a}{7f02}{7f04}マローニ「あおーい　そーらとー{7f02}ながれるー　くもーたちー　ラララ。{7f0b}{0000},0x00CF
"",ふみゃー。{7f0b}{0000},0x00F6
"",わんわんわん！{7f0b}{0000},0x00FD
"",おしろの{7f21}さま　みたいに{7f02}つよーく　なるんだから！{7f02}てやーっ！　たーっ！！{7f0b}{0000},0x0104
"",商人仲間から聞いたのですが{7f02}となりの城のお姫さまが　旅に{7f02}出たとか。あっ　ないしょですよ。{7f0b}{0000},0x0123
"",こんにちは。{7f02}サランの町に　ようこそ。{7f0b}{0000},0x0149
"",みらいの　ボクの娘へ{7f0a}{7f02}今　キミは{7f02}きっと困ってるはずだから{7f02}いいこと　教えてあげるね。{7f0a}{7f02}お空の　ずっと上には{7f02}天空のお城があって{7f02}竜の神さまが　住んでるんだって。{7f0a}{7f02}竜の神さまは　とても強くて{7f02}おおむかし　地獄の帝王を{7f02}闇に　封じこめたくらいなんだ。{7f0a}{7f02}天空のお城のことは{7f02}北の海の　スタンシアラの人々が{7f02}くわしいと思うよ。{7f0a}{7f02}サントハイムの　王さまより{7f0b}{0000},0x015A
"",{7f04}ちょっと待て！{7f02}そんな装備じゃ　危ないぞ！{7f02}　　　　　サラン武器防具連盟{7f0b}{0000},0x01FB
"",{7f04}{7f23}「詩人の中にも　わずかに{7f02}役に立つ者もいると{7f02}マローニには教えられましたな。{0000},0x0220
"",{7f04}{7f21}「この人　さえずりの蜜を{7f02}飲まなかったら　もしかして{7f02}ヘタクソだったんじゃないの？{0000},0x0241
"",{7f04}{7f23}「……やれやれ。{7f02}{7f21}姫に　あこがれるとは。{7f02}将来が　おそろしいですな。{0000},0x0266
"",{7f04}{7f22}「やはり　{7f21}姫は{7f02}みなの　あこがれなんですね！{7f02}じーん……。{0000},0x0285
"",{7f04}{7f21}「この子が大きくなったら{7f02}やっぱり　武術大会に{7f02}出たいって思うのかしら？{0000},0x029E
"",{7f04}{7f21}「商人たちって　世界中で{7f02}うわさ話ばっかりしてるのかしら？{0000},0x02C0
"",{7f04}{7f23}「サランの町に　異常はない。{7f02}となると　城の中で{7f02}何かが起こったのか？　フム。{0000},0x02DC
"",{7f04}{7f22}「エンドールで死んだ兵士が{7f02}伝えたかったこととは{7f02}いったい……？{7f0a}{7f02}{7f04}{7f22}「ともかく　早く城へ{7f02}戻りましょう！{0000},0x02FE
"",{7f04}{7f22}「サランまで来れば{7f02}サントハイムに着いたも同じ。{7f02}なんだか　ほっとしますね。{0000},0x0330
"",{7f04}{7f21}「サントハイムのみんなに{7f02}何が　あったというの？{7f0a}{7f02}{7f04}{7f21}「お父さまに　大臣。{7f02}ゴンじいに　神父さまに……{7f02}みんな元気よね？　元気だわよね？{0000},0x0353
"",{7f04}{7f21}「サランだわ！{7f02}教会も　川も　なつかしい。{7f02}ようやく　帰ってきたのね。{0000},0x0391
"",{7f04}{7f23}「わたしは　やはり{7f02}静かな所でないと{7f02}よく寝つけませんがな。{0000},0x03AF
"",{7f04}{7f22}「きっと　今夜は{7f02}よい夢が　見られますね。{0000},0x03CB
"",{7f04}{7f23}「フム。この者の声は{7f02}エルフの薬のせいだったと。{7f02}まあ　多くは語るまいて。{0000},0x03DF
"",{7f04}{7f22}「詩人のマローニには{7f02}助けられましたね。{7f02}感謝せねばなりません。{0000},0x0400
"",{7f04}{7f21}「さえずりの蜜のおかげで{7f02}お父さまの声も　治った。{7f02}エルフの薬って　すごいわ……。{0000},0x041D
"",{7f04}{7f21}「他に　お父さまを治す{7f02}手がかりはないわ。{7f02}さえずりの蜜に　かけてみましょう。{0000},0x0442
"",{7f04}{7f23}「詩人など　何の役にも{7f02}立たぬと　思っておりましたが{7f02}たまには良いこともしますな。{0000},0x0464
"",{7f04}{7f22}「マローニのおかげで{7f02}さえずりの蜜のことを{7f02}知ることができました。{7f0a}{7f02}{7f04}{7f22}「これも神のお導き。{7f02}神よ　感謝いたします……。{0000},0x0488
"",{7f04}{7f21}「もう　サランには{7f02}用事は　ないわね。{7f02}さあ　行きましょう！{0000},0x04BD
"",{7f04}{7f23}「フム。この者の声は{7f02}エルフの薬のせいだったと。{7f0a}{7f02}{7f04}{7f23}「まあ　多くは語るまいて。{7f02}今は　砂漠のバザーにて{7f02}さえずりの蜜を手に入れるが先。{0000},0x04D7
"",{7f04}{7f22}「エルフの薬。{7f02}なるほど　それなら王の病気も！{7f02}さあ行きましょう　砂漠のバザーへ！{0000},0x0515
"",{7f04}{7f21}「さえずりの蜜があれば{7f02}お父さまも　治るかもしれない。{7f02}……なら　試してみるしかないわ！{7f0a}{7f02}{7f04}{7f21}「砂漠のバザーへ戻って{7f02}さえずりの蜜を　探しましょう！{0000},0x053C
"",{7f04}{7f23}「あの詩人めが　本当に{7f02}役に立つか　あやしいものですな。{7f02}じゃが　しかたない。{7f0a}{7f02}{7f04}{7f23}「ワラをもすがる気持ちとは{7f02}まさに　このこと。{7f02}さあ　マローニを探しましょう。{0000},0x057E
"",{7f04}{7f22}「まずは　詩人のマローニに{7f02}話を聞いてみなくては。{7f02}さて　マローニはどこに？{0000},0x05C3
"",{7f04}{7f21}「マローニは　たしか{7f02}教会にいたはずよ。{7f0a}{7f02}{7f04}{7f21}「さっさと　声のひみつを{7f02}白状させましょう！{7f02}言わなきゃ　とっちめてやるわ。{0000},0x05E4
"",{7f04}{7f23}「およそ　女人というものは{7f02}ムードに弱いものと{7f02}決まっておりますからな。{7f0a}{7f02}{7f04}{7f23}「{7f21}姫様は……{7f02}まあ　置いておいて。{0000},0x061A
"",{7f04}{7f21}「うーん……。{7f02}シスターって　変わってるわね。{0000},0x064B
"",{7f04}{7f22}「美しい歌声と{7f02}美しい三日月……。{7f02}ロマンティックですね。{0000},0x0660
"",{7f04}{7f21}「マローニって　ほんと{7f02}わからないわ。{7f0a}{7f02}{7f04}{7f21}「歌じゃ　スライムも{7f02}倒せないのっていうのに。{0000},0x067C
"",{7f04}{7f23}「いつもなら　とっくに{7f02}眠っている間だというのに。{7f02}あー　疲れましたぞ。{0000},0x06A3
"",{7f04}{7f22}「町の　みなさんも{7f02}もう　お休みのようですね。{0000},0x06C3
"",{7f04}{7f21}「夜のサランって{7f02}ちょっと　ロマンティックね。{0000},0x06D7
"",{7f04}{7f23}「フム。この者が　マローニか。{7f02}国でも　ひょうばんの詩人と{7f02}聞いております。{0000},0x06ED
"",{7f04}{7f21}「いつ　来ても{7f02}歌ってるだなんて{7f02}よっぽどの　ヒマ人なのね。{0000},0x070E
"",{7f04}{7f23}「……やれやれ。{7f02}{7f21}姫に　あこがれるとは。{7f02}将来が　おそろしいですな。{0000},0x0729
"",{7f04}{7f22}「やはり　{7f21}姫は{7f02}みなの　あこがれなんですね！{7f02}じーん……。{0000},0x0747
"",{7f04}{7f21}「私を　目指すなんて{7f02}いい心がけね！{7f02}でも　道は遠いわよ。{0000},0x0760
"",{7f04}{7f23}「商人というのは{7f02}どうも　おしゃべりで{7f02}いけませんな。ぶつぶつ。{0000},0x077B
"",{7f04}{7f21}「この人　私が　その{7f02}{7f21}だと知ったら{7f02}どんな顔するかしら？{0000},0x0798
"",{7f04}{7f22}「サランは　美しくて{7f02}よい町ですね。{7f0a}{7f02}{7f04}{7f22}「私は　幼い頃{7f02}この町の教会で　神の道を{7f02}教えて　いただいたのです。{0000},0x07B2
"",{7f04}{7f21}「いーい？{7f02}私が　{7f21}姫だってことは{7f02}町のみんなには　秘密よ。{0000},0x07E1
"",{7f04}{7f23}「ひとまず　われわれの身分は{7f02}知られては　いないようですな。{7f0a}{7f02}{7f04}{7f23}「とはいえ　油断は禁物。{7f02}目立たぬよう　行動せねば。{0000},0x07FA
"",{7f04}{7f22}「サランの　みなさんも{7f02}変わりないようですね。{7f02}よいことです。{0000},0x0830
"",{7f04}{7f21}「初めて　サランの町に{7f02}来たは　ちょっとだけ{7f02}ドキドキしたものよ。{7f0a}{7f02}{7f04}{7f21}「でも　今は{7f02}もっとすごい　ドキドキが{7f02}私を　待っているのよね。{0000},0x084A
"",{7f04}{7f23}「およそ　女人というものは{7f02}ムードに弱いものと{7f02}決まっておりますからな。{7f0a}{7f02}{7f04}{7f23}「{7f21}姫様は……{7f02}まあ　置いておいて。{0000},0x0886
"",{7f04}{7f21}「歌ねえー？{7f02}私なら　あきるわ。すぐ。{0000},0x08B7
"",{7f04}{7f22}「美しい歌声と{7f02}美しい三日月……。{7f02}ロマンティックですね。{0000},0x08C9
"",{7f04}{7f21}「一日中　歌ってて{7f02}よく　あきないわね。{7f0a}{7f02}{7f04}{7f21}「たまには　ぱーっと{7f02}あばれたくならないのかしら？{0000},0x08E5
"",{7f04}{7f23}「いつもなら　とっくに{7f02}眠っている間だというのに。{7f02}あー　疲れましたぞ。{0000},0x090E
"",{7f04}{7f22}「町の　みなさんも{7f02}もう　お休みのようですね。{0000},0x092E
"",{7f04}{7f21}「夜の町　なんて{7f02}ちょっと　ワクワクするわ。{7f02}やっぱり旅ってステキ！{0000},0x0942
"",{7f04}{7f23}「フム。この者が　マローニか。{7f02}国でも　ひょうばんの詩人と{7f02}聞いております。{0000},0x0962
"",{7f04}{7f21}「マローニって　わりと{7f02}いい声　してるわね。{0000},0x0983
"",{7f04}{7f23}「……やれやれ。{7f02}{7f21}姫に　あこがれるとは。{7f02}将来が　おそろしいですな。{0000},0x0996
"",{7f04}{7f22}「やはり　{7f21}姫は{7f02}みなの　あこがれなんですね！{7f02}じーん……。{0000},0x09B4
"",{7f04}{7f21}「うふふっ　かーわいいっ！{7f02}この子が　大きくなったら{7f02}一度　勝負してみたいわ。{0000},0x09CE
"",{7f04}{7f23}「商人というのは{7f02}どうも　おしゃべりで{7f02}いけませんな。ぶつぶつ。{0000},0x09F1
"",{7f04}{7f21}「やだ　もうサランでも{7f02}ウワサになってるの？{7f0a}{7f02}{7f04}{7f21}「人気者は　つらいわねー。{7f02}でも　ま　とぼけとけば{7f02}バレないわよね。{0000},0x0A0E
"",{7f04}{7f23}「フム。商売上手めが。{7f02}見えすいた事を　やりおる。{0000},0x0A41
"",{7f04}{7f22}「備えあれば　うれいなし。{7f02}この町の人たちは　親切ですね。{0000},0x0A5A
"",{7f04}{7f23}「そろそろ　お城に{7f02}戻ってくださればよいものを……。{0000},0x0A75
"",{7f04}{7f22}「サランは　美しくて{7f02}よい町ですね。{7f0a}{7f02}{7f04}{7f22}「私は　幼い頃{7f02}この町の教会で　神の道を{7f02}教えて　いただいたのです。{0000},0x0A8D
"",{7f04}{7f21}「いーい？{7f02}私が　{7f21}姫だってことは{7f02}町のみんなには　秘密よ。{0000},0x0ABC
"",{7f04}{7f23}「ひとまず　われわれの身分は{7f02}知られては　いないようですな。{7f0a}{7f02}{7f04}{7f23}「とはいえ　油断は禁物。{7f02}目立たぬよう　行動せねば。{0000},0x0AD6
"",{7f04}{7f22}「たしかに　たまには{7f02}こうして　城の外に出るのも{7f02}息抜きに　なりますね。{0000},0x0B0B
"",{7f04}{7f21}「サランの町なんて{7f02}城の庭みたいな　ものだわ。{7f02}もっと　遠くへ行きましょ！{0000},0x0B2A
"",{0000},0x0B4B
