"",くそー　マローニのやつ{7f02}うまいこと　やりやがって。{7f0a}{7f02}ああ　俺も　あいつくらい{7f02}歌が　上手かったらなあ……。{7f0b}{0000},0x0018
"",ほう。　どこからともなく{7f02}澄みきった歌声が　聞こえる。{7f02}これは　気持ちよく眠れそうだ。{7f0b}{0000},0x0041
"",ぐうぐう……。{7f0b}{0000},0x0065
"",ほう？　女だてらに　{7f02}ちからだめしの旅に……？{7f0a}{7f02}しかし　しばらくは　町のまわりで{7f02}ちからを　つけることだな。{7f0b}{0000},0x006C
"",{7f04}{7f23}「アホ詩人め　居おったな。{7f02}ささ！　行きましょう！{7f02}やつから　話を聞かねば！{0000},0x0097
"",{7f04}{7f22}「あの歌声は！{7f02}まちがいない　マローニです。{7f02}マローニが　歌っているのです！{0000},0x00B9
"",{7f04}{7f23}「だいたい　この者が{7f02}よけいな事を　言わなければ{7f02}よかったのです。{7f0a}{7f02}{7f04}{7f23}「城の近くで痛い目にあって{7f02}そうそうに　旅など{7f02}あきらめていれば　今ごろは……。{0000},0x00D8
"",{7f04}{7f21}「もう私　きっと{7f02}この人より　強くなったわ！{7f02}勝負してみたいな。{0000},0x0115
"",{7f04}{7f23}「わたしは　やはり{7f02}静かな所でないと{7f02}よく寝つけませんがな。{0000},0x0130
"",{7f04}{7f22}「きっと　今夜は{7f02}よい夢が　見られますね。{0000},0x014A
"",{7f04}{7f23}「この者の言うことも{7f02}もっともですな。{7f02}いきなりの遠出は　危険ですぞ。{0000},0x015C
"",{7f04}{7f21}「女だてらに　って{7f02}失礼な人ねー。{7f02}私　すっごく強いんだから！{0000},0x017A
