"",この町より　北に進み{7f02}東の山奥に{7f02}小さな村が　ありますわ。{7f0b}{0000},0x0018
"",慈愛の笑みをうかべた　女神像だ。{7f0b}{0000},0x002F
"",{7f04}{7f22}「テンペの　みなさんは{7f02}その後　お元気でしょうか？{0000},0x003E
"",{7f04}{7f21}「東の山奥の村って{7f02}あの　テンペの村のことよね。{0000},0x0052
"",{7f04}{7f22}「テンペの　みなさんは{7f02}その後　お元気でしょうか？{0000},0x0064
"",{7f04}{7f21}「東の山奥の村って{7f02}あの　テンペの村のことよね。{0000},0x0078
"",{7f04}{7f22}「山道は　険しいはず。{7f02}薬草を　たくさん{7f02}買っておかなくては。{0000},0x008A
"",{7f04}{7f21}「東の山奥の村……。{7f02}これは　ぜひ行ってみなくちゃ！{0000},0x00A3
