"",すやすや……。{7f0b}{0000},0x0018
"",いけませんわ。{7f02}私は　神に　お仕えする者。{7f02}神にささげた身で　ございます。{7f0b}{0000},0x001E
"",俺は　この尼さんに{7f02}ひとめぼれ　しちまったんだ。{7f02}結婚して　くれねえかなあ。{7f0b}{0000},0x003C
"",{7f04}{7f22}「そうです　マローニは{7f02}もう　そこにいるはず！{0000},0x005B
"",{7f04}{7f21}「あら？　この歌声。{7f02}マローニじゃないかしら。{7f02}どこから聞こえてくるの？{0000},0x006F
"",{7f04}{7f23}「この{7f23}も　若いころは{7f02}いろいろと　浮き名を流したもの。{7f02}なつかしいですな。ほっほっほ。{0000},0x008D
"",{7f04}{7f22}「やはり　神に仕える身では{7f02}恋をしては　ならぬのでしょうか……。{7f02}はあー……。{0000},0x00AF
"",{7f04}{7f23}「姫様のご結婚までは{7f02}この{7f23}　死んでも{7f02}死にきれませんぞ！{7f0a}{7f02}{7f04}{7f23}「とはいえ　いったい{7f02}いつになることやら。{7f02}ぶつぶつ。{0000},0x00CF
