"",きれいな　月夜ですね。{7f02}こんな安らかなきもち{7f02}何年ぶりでしょう……。{7f0b}{0000},0x0018
"",ワンワン　アオーン！{7f0b}{0000},0x0035
"",まさか　本当にあの怪物を{7f02}倒してしまわれるとは！{7f02}まったく　おどろきましたぞ。{7f0a}{7f02}あなたがたは　私の娘を……いや{7f02}この村を　救ってくださった！{7f0a}{7f02}道具屋の主人も　元のように{7f02}商売を　やり始めたし{7f02}このテンペの村も　生き返ります。{7f0a}{7f02}何もない村ですが{7f02}道具屋で売る　品々は　きっと{7f02}旅のお役に　立つことでしょう。{7f0a}{7f02}本当に　ありがとうございました。{7f0b}{0000},0x0041
"",もう　かいぶつは{7f02}いなくなったんだよね。{7f02}わーい　わーい。{7f0b}{0000},0x00D1
"",ここは　テンペの村。{7f0a}{7f02}死んだ　わたしの娘も{7f02}ようやく　安らかに{7f02}眠れることでしょう。{7f0b}{0000},0x00E7
"",グルルルルル……。{7f0b}{0000},0x010A
"",村長さんの一人娘　ニーナが{7f02}いけにえに　なってしまうのです。{7f0a}{7f02}わたしの息子は　もうすぐニーナと{7f02}結婚するはずだったのに……。{7f02}とても　商売どころじゃありません。{7f0b}{0000},0x0115
"",ねーねー　わるい　かいぶつを{7f02}やっつけに　きてくれたんだよね！{7f02}わーい　わーい。{7f0b}{0000},0x015B
"",ここは　呪われし村　テンペ。{7f0a}{7f02}この村に　生まれなければ{7f02}私の娘も死なずにすんだものを…。{7f0b}{0000},0x017B
"",なんと　井戸の中から{7f02}いどまねきが　あらわれた！！{7f0b}{0000},0x01A1
"",{7f34}は　井戸のなかを{7f02}のぞきこんだ。{7f0b}{0000},0x01B7
"",村のため　死んだ娘たちに{7f02}安らかな眠りが　あらんことを{7f0a}{7f02}墓には　そう彫ってあった。{7f0b}{0000},0x01C7
"",{7f04}{7f23}「王さまや　城のみなの無事を{7f02}早く　確かめとうございます。{7f02}ささ　急ぎましょうぞ！{0000},0x01EA
"",{7f04}{7f23}「やれやれ。この年よりには{7f02}山道は　ちと　こたえましたわい。{7f02}はー　疲れた　疲れた。{0000},0x0210
"",{7f04}{7f22}「エンドールで死んだ兵士が{7f02}伝えたかったこととは{7f02}いったい……？{7f0a}{7f02}{7f04}{7f22}「ともかく　早く城へ{7f02}戻りましょう！{0000},0x0233
"",{7f04}{7f21}「サントハイムのみんなに{7f02}何が　あったというの？{7f0a}{7f02}{7f04}{7f21}「お父さまに　大臣。{7f02}ゴンじいに　神父さまに……{7f02}みんな元気よね？　元気だわよね？{0000},0x0263
"",{7f04}{7f22}「神よ　これからも{7f02}この村と　{7f21}姫を{7f02}お守りください……。{0000},0x02A1
"",{7f04}{7f21}「これからは　みんな{7f02}安心して　ぐっすり{7f02}眠れるわよね。{0000},0x02BA
"",{7f04}{7f22}「このような子供まで{7f02}怪物に　おびえていたのですね。{0000},0x02D3
"",{7f04}{7f21}「この村の怪物は{7f02}もういなくなったわね。{7f02}よかった……。{7f0a}{7f02}{7f04}{7f21}「さあ！　出発よ。{7f02}旅を　続けましょう。{0000},0x02EB
"",{7f04}{7f23}「道具屋のご主人も{7f02}元気になったようで。{7f02}フム。よかったですな。{0000},0x0315
"",{7f04}{7f21}「お礼なんて　テレちゃうわ。{7f02}でも　本当によかった……。{0000},0x0332
"",{7f04}{7f22}「私も　神に祈りましょう。{7f02}村の平和と　娘さん方の魂が{7f02}安らかならんことを。{0000},0x034C
"",{7f04}{7f21}「怪物を　倒しても{7f02}死んでしまった人は　戻らない……。{7f0a}{7f02}{7f04}{7f21}「もっと早く　私が{7f02}お城を　抜け出していれば{7f02}きっと　助けられたのに。{0000},0x036E
"",{7f04}{7f23}「これで　姫様が{7f02}調子に乗らないとよいが。{7f02}ぶつぶつ……。{0000},0x03A5
"",{7f04}{7f23}「やれやれ。この年よりには{7f02}ちと　こたえましたわい。{7f02}はー　疲れた　疲れた。{0000},0x03C0
"",{7f04}{7f22}「これで　亡くなられた{7f02}娘さんたちも　浮かばれましょう。{0000},0x03DE
"",{7f04}{7f21}「怪物なんて　ほーんと{7f02}大したこと　なかったわね。{7f0a}{7f02}{7f04}{7f21}「私が　強すぎるのかしら？{0000},0x03F7
"",{7f04}{7f22}「みなさんの　輝く笑顔が{7f02}何より　うれしいですね。{0000},0x041B
"",{7f04}{7f21}「村に　活気がもどったわ。{7f02}やったぁ！{0000},0x0432
"",{7f04}{7f21}「私たちが　旅に出たのは{7f02}きっと　この村を救うため{7f02}だったんだわ！{0000},0x0443
"",{7f04}{7f22}「ああ　もっと早くに{7f02}われわれが　この村のことを{7f02}知っていれば……。{0000},0x045F
"",{7f04}{7f21}「この人の　娘さんのカタキ{7f02}ぜったい　とってあげるわ！{0000},0x047B
"",{7f04}{7f23}「あせる気持ちは{7f02}ありましょうが　まずは{7f02}準備を　ととのえてから。{7f0a}{7f02}{7f04}{7f23}「体調　装備　すべてが{7f02}最上の状態で　なければ。{7f02}油断は禁物ですぞ。{0000},0x0494
"",{7f04}{7f22}「もしもの時は　私が{7f02}命にかえても　{7f21}姫を{7f02}お守りしなくては……ぶつぶつ。{0000},0x04D6
"",{7f04}{7f21}「さあ！　教会へ行くわよ！{7f02}いけにえだなんて　許せない。{7f02}怪物を　やっつけるんだから。{0000},0x04F7
"",{7f04}{7f21}「北の森の　怪物が{7f02}この村を　苦しめているのね。{7f0a}{7f02}{7f04}{7f21}「でも　もうだいじょうぶ。{7f02}私が来たからには　好きなようには{7f02}させないんだから！{0000},0x051D
"",{7f04}{7f22}「村の方々は　怪物に{7f02}苦しめられていると？{7f0a}{7f02}{7f04}{7f22}「怪物め……。{7f02}なんと　バチあたりな！{0000},0x0556
"",{7f04}{7f21}「怪物ですって！？{7f02}これは　やっぱり{7f02}私たちの　出番よね！{0000},0x057C
"",{7f04}{7f23}「ここが　テンペの村とは。{7f02}……ふーむ。{7f02}そういうことですか。{0000},0x0597
"",{7f04}{7f22}「娘さんを　先に{7f02}亡くされるとは……。{7f02}なんという　悲しい宿命でしょう。{0000},0x05B2
"",{7f04}{7f21}「呪われし村　なんて{7f02}ずいぶん　おどかすわね。{7f0a}{7f02}{7f04}{7f21}「もっと　いろんな人から{7f02}話を　聞いてみなくちゃ！{0000},0x05D1
"",{7f04}{7f23}「感じますぞ。{7f02}村の奥に　われらを待ちかまえる{7f02}おそろしい気配を！{0000},0x05FD
"",{7f04}{7f23}「この村は　いろいろと{7f02}事情があるようですな。{7f02}ふーむ。{0000},0x061C
"",{7f04}{7f22}「村の入口にある{7f02}たくさんの墓……。{7f02}いやな予感がします。{0000},0x0635
"",{7f04}{7f21}「私たちは　あくまで{7f02}名もない旅人として{7f02}この村に　来たのよ。{7f0a}{7f02}{7f04}{7f21}「姫だってことは　ぜったい{7f02}秘密にしておいてね。{7f02}いーい？　わかったわね！{0000},0x0650
"",{7f04}{7f21}「この村の人たち　みんな{7f02}悲しそうな顔をしてるわ。{7f02}ちからになって　あげましょう！{0000},0x068A
