"",そのせつは{7f02}どうも　お世話になりました。{7f0b}{0000},0x0018
"",やっと商売に　身が入ります。{7f02}ありがとうございました。{7f0b}{0000},0x0029
"",{7f04}ニーナ「お父様や　お母様のいる{7f02}この村を　見捨てるなんて{7f02}私には　できない。{7f0a}{7f02}{7f04}ニーナ「おねがい　悲しまないで。{7f02}いけにえになった　娘たちは{7f02}帰ってこないだけ……。{7f0a}{7f02}{7f04}ニーナ「死んでしまうと{7f02}決まったわけじゃないわ……。{7f0b}{0000},0x0042
"",俺は　いやだ！{7f02}ニーナを　怪物のエサにするなんて！{7f02}二人で　村を出てしまえば……。{7f0b}{0000},0x009C
"",{7f04}{7f23}「むさくるしい若者に{7f02}感謝されても　ちっとも{7f02}うれしくありませんな。{0000},0x00BF
"",{7f04}{7f21}「好きなだけ　あばれて{7f02}かつ感謝されちゃう！{7f02}いい事も　するものだわ。{0000},0x00DC
"",{7f04}{7f23}「うむ　うむ。{7f02}民草の幸せあればこそ{7f02}王家も　栄えるのです。{7f0a}{7f02}{7f04}{7f23}「姫様にしては{7f02}よい事を　なさいましたな。{0000},0x00FA
"",{7f04}{7f22}「なんという　優しい方。{7f02}神よ　どうか　われらにチカラを。{7f02}この村を　救いたいのです。{0000},0x0128
"",{7f04}{7f21}「いけにえ　ですって！？{7f02}そんなの　必要ないわ！{7f02}怪物を　やっつければいいのよ！{7f0a}{7f02}{7f04}{7f21}「この人が　ぎせいになる{7f02}必要は　ないはずよ。{7f02}私たちが　なんとかしましょう！{0000},0x014B
"",{7f04}{7f23}「男にくらべて　なんと立派な。{7f02}この{7f23}　かような　けなげな女性を{7f02}見殺しには　できませんな。{0000},0x018A
"",{7f04}{7f22}「なんという　優しい方。{7f02}神よ　どうか　われらにチカラを。{7f02}この村を　救いたいのです。{0000},0x01B1
"",{7f04}{7f21}「いけにえ　ですって！？{7f02}そんなの　必要ないわ！{7f02}怪物を　やっつければいいのよ！{7f0a}{7f02}{7f04}{7f21}「この人が　ぎせいになる{7f02}必要は　ないはずよ。{7f02}私たちが　なんとかしましょう！{0000},0x01D4
"",{7f04}{7f23}「この二人が逃げれば{7f02}残された村人が　どうなることか。{7f0a}{7f02}{7f04}{7f23}「だからといって　われらが{7f02}手助けをせねばならぬわけでは{7f02}ありませんがな。{0000},0x0213
"",{7f04}{7f21}「怪物のエサに　だなんて{7f02}ゆるせないわ！{7f02}私が　やっつけてやる！{0000},0x024B
