"",すやすや……。{7f0b}{0000},0x0018
"",いやはや　たいしたお方じゃ！{7f02}なんと　ちからだめしの旅を？{7f0a}{7f02}それなら　東の国{7f02}エンドールで開かれているという{7f02}武術大会に　出てみなされ。{7f0a}{7f02}エンドールには{7f02}この国の　南東のほこらから{7f02}行けるはずじゃ。{7f0b}{0000},0x001F
"",いつの頃からか　{7f02}村の北の森に　怪物が{7f02}住みつくように　なったのじゃ。{7f0a}{7f02}怪物は　若い娘を　{7f02}いけにえに　出さないと　村ごと{7f02}襲ってしまうと　ゆうてきてのう。{7f0a}{7f02}この村に　残っている娘は{7f02}もう　ニーナさん　だけじゃ。{7f0b}{0000},0x0071
"",「世界の不思議を旅しよう！」と{7f02}書かれた本がある。{7f02}{7f4b}は　手にとって読んだ。{7f0a}{7f02}世界には　さまざまな不思議が{7f02}われわれを　待ち受けている。{7f0a}{7f02}巨大な神の像　天をつく大樹{7f02}岩山に閉ざされた王国{7f02}地図にはのらない　いくつもの町。{7f0a}{7f02}わたしの言葉が　真実かどうかは{7f02}自分の目で　確かめてみるといい。{7f0a}{7f02}旅はいい！　さあ　旅に出よう！{7f02}世界が　キミを待っている！{7f0b}{0000},0x00C6
"",{7f04}{7f21}「その武術大会で{7f02}この私が優勝した　だなんて{7f02}思いもよらないみたいね。{0000},0x015B
"",{7f04}{7f23}「武術大会など　とんでもない。{7f02}このご老人も　いらん事を{7f02}言いおってからに。ぶつぶつ。{0000},0x0179
"",{7f04}{7f21}「エンドールの国で{7f02}武術大会ですって！？{7f0a}{7f02}{7f04}{7f21}「ああ……　エンドールが{7f02}まだ見ぬライバルたちが{7f02}私を　呼んでる。{7f0a}{7f02}{7f04}{7f21}「エンドール……。{7f02}エンドールに　行きたい。{7f02}武術大会……　うっとり。{0000},0x019E
"",{7f04}{7f23}「敵は　手強そうですな。{7f02}気を　ひきしめて向かわねば。{0000},0x01EE
"",{7f04}{7f23}「なんと　怪物のため{7f02}何人もの娘子が　いけにえに！？{7f0a}{7f02}{7f04}{7f23}「おお！　もっと早くに{7f02}この事を　知っておれば！{0000},0x0208
"",{7f04}{7f21}「怪物は　北の森ね！{7f02}行くわよ！！{0000},0x0236
