"",そなたの　はたらき{7f02}きっと神様も　見ていたでしょう。{7f02}ところで……。{7f0a}{0000},0x0018
"",うむ……　そうであったな。{7f0b}{0000},0x0033
"",神父さん！{7f02}シャレを言ってる場合じゃ{7f02}ありませんよ。{7f0b}{0000},0x003E
"",おお！　{7f02}神のごカゴが　ありますように！{7f0b}{0000},0x0057
"",なにとぞ　お気をつけて！{7f0b}{0000},0x0067
"",この　ご恩は{7f02}一生　忘れません！{7f0b}{0000},0x0072
"",さあ　どうか　あのカゴの中へっ。{7f0b}{0000},0x0081
"",そうであろうな。　誰とて{7f02}自分の命は　かわいいもの。{7f02}それは　さておき……。{7f0a}{0000},0x008F
"",では　しばし待たれよ！{7f0b}{0000},0x00AD
"",おおっ　それは　まことかっ！？{7f02}なんと　ありがたいことじゃ！{7f0a}{7f02}では　さっそく　いけにえのカゴを{7f02}呼ぶとしようぞ。{7f02}準備は　よろしいかな？{0000},0x00B7
"",なんと　怪物退治を！？{7f02}しかし　怪物が姿を見せるのは{7f02}いけにえが　ささげられただけ……。{7f0a}{7f02}それとも　そなた{7f02}いけにえの　身代わりに{7f02}なってもよいと　申されるか？{0000},0x00EC
"",慈愛の笑みをうかべた　女神像だ。{7f0b}{0000},0x012E
"",{7f04}{7f23}「王さまや　城のみなの無事を{7f02}早く　確かめとうございます。{7f02}ささ　急ぎましょうぞ！{0000},0x013E
"",{7f04}{7f22}「神よ　どうか{7f02}{7f21}姫と　わがサントハイムを{7f02}お守りください……。{0000},0x0163
"",{7f04}{7f23}「怪物よりも　神父どのの{7f02}だじゃれを　思い出すと{7f02}寒気がしてきますな。{0000},0x0181
"",{7f04}{7f22}「あのは　戦いの前で{7f02}気がつきませんでしたが{7f02}せまいカゴの中に　姫様と……。{7f0a}{7f02}{7f04}{7f22}「ど　どうしよう。{7f02}今ごろ　心臓がっ。{0000},0x01A0
"",{7f04}{7f21}「カゴに入れって{7f02}言われたときは　正直{7f02}ちょっとだけ　こわかったわ。{0000},0x01D3
"",{7f04}{7f23}「カゴの中に入れば{7f02}後もどりは　できませんぞ。{7f02}覚悟は　よろしいですかな。{0000},0x01F0
"",{7f04}{7f22}「おお　神よ！{7f02}{7f21}姫を　お守りください……。{0000},0x0211
"",{7f04}{7f21}「あの　カゴの中に{7f02}入ればいいのね！{7f0a}{7f02}{7f04}{7f21}「怪物め　待ってなさい。{7f02}ぜったいに　やっつけてやるわ！{0000},0x0224
"",{7f04}{7f23}「感じますぞ。{7f02}村の奥に　われらを待ちかまえる{7f02}おそろしい気配を！{0000},0x024D
"",{7f04}{7f22}「この村には　ただならぬ{7f02}事情があるようですが{7f02}首をつっこんで　いいものか……。{0000},0x026B
