"",すーすー。{7f0b}{0000},0x0018
"",今　娘と　あなた様のウワサを{7f02}していたところです。{7f0a}{7f02}そういえば　前にも　どこかで{7f02}お見かけしたような……。{7f0a}{7f02}あれは　お城に行っただったか。{7f02}うーむ　思い出せんわい。{7f0b}{0000},0x001D
"",{7f04}ニーナ「ありがとうございました。{7f02}どうか　お気をつけて{7f02}旅を　続けてくださいませ。{7f0b}{0000},0x0062
"",もう　あきらめていましたのに{7f02}お礼の言葉も　ございません。{7f02}ありがとうございました。{7f0b}{0000},0x0085
"",この　ご恩は{7f02}一生　忘れません！{7f0b}{0000},0x00A8
"",{7f04}ニーナ「私たち　結婚するんです！{7f0b}{0000},0x00B7
"",怪物退治を　引き受けてくださるとは{7f02}なんと　心やさしい方々だ！{7f0a}{7f02}くわしいことは　教会の神父さんが{7f02}知っています。{7f02}ぜひ　神父さんに　会ってくだされ！{7f0b}{0000},0x00C7
"",うーん　ニーナ……。うーん。{7f0b}{0000},0x0106
"",そうじゃろうなあ……。{7f0b}{0000},0x0112
"",なんと　あなたがたが！？{7f0a}{7f02}見たところ　あまり強そうには……。{7f02}いや　今は　ワラにもすがる思い！{7f0a}{7f02}それが　まことなら　ぜひとも　{7f02}神父さんに　会ってくだされ！{7f0b}{0000},0x011C
"",村のため　娘のニーナを{7f02}いけにえに　{7f02}出さねばならんのです。{7f0a}{7f02}おお！　どこかに{7f02}怪物を　退治してくれるような{7f02}強いお方が　おらぬものか？{0000},0x015C
"",{7f04}{7f22}「……うらやましい。{0000},0x0193
"",{7f04}{7f22}「いかに　身をやつしても{7f02}姫様の　貴品は{7f02}隠せないものなんですね。{0000},0x019D
"",{7f04}{7f21}「いいこと？{7f02}私が　姫だっていうことは{7f02}ぜったいに　秘密にしてね！{0000},0x01BA
"",{7f04}{7f23}「できれば　もう旅を{7f02}終わりにしたいもの{7f02}ですがな。ぶつぶつ。{0000},0x01D6
"",{7f04}{7f21}「よかった。{7f02}ニーナさん　幸せそうね。{0000},0x01F2
"",{7f04}{7f23}「しかし　あの腰ぬけ男と{7f02}いっしょになって　果たして{7f02}幸せなのやら。{0000},0x0203
"",{7f04}{7f22}「……うらやましい。{0000},0x0220
"",{7f04}{7f21}「よかった。{7f02}ニーナさん　幸せそうね。{0000},0x022A
"",{7f04}{7f23}「あせる気持ちは{7f02}ありましょうが　まずは{7f02}準備を　ととのえてから。{7f0a}{7f02}{7f04}{7f23}「体調　装備　すべてが{7f02}最上の状態で　なければ。{7f02}油断は禁物ですぞ。{0000},0x023B
"",{7f04}{7f21}「さあ！　教会へ行くわよ！{7f02}いけにえだなんて　許せない。{7f02}怪物を　やっつけるんだから。{0000},0x027A
"",{7f04}{7f23}「村長どのの　お気持ちは{7f02}いたいほど　分かる。が……。{7f0a}{7f02}{7f04}{7f23}「悲しいかな　今のわれらでは{7f02}勝算が　ありませぬ。{7f02}情けなや……。{0000},0x029E
"",{7f04}{7f22}「ニーナさんを　助ければ{7f02}{7f21}姫が　危険にさらされる。{7f02}……ああ　どうすればいいんだ！{0000},0x02D4
"",{7f04}{7f21}「村のみんなを{7f02}助けてあげたいけど{7f02}今の私たちじゃ　危険だわ。{7f0a}{7f02}{7f04}{7f21}「ニーナさんが　いけにえに{7f02}されるまでの間に　なんとか{7f02}もっと強く　ならなくちゃ！{0000},0x02F6
