"",では　そういう事に{7f02}しておきましょう。{7f02}お気をつけて　旅の人。{7f0b}{0000},0x0018
"",なんと！　お姫様でございましたか！{7f02}旅に出たという　おウワサは{7f02}私も　聞いておりました！{7f0b}{0000},0x0030
"",どうも　私には{7f02}あなた方が　ふつうの人には{7f02}見えません。{7f0a}{7f02}もしや　身分のある　お方では？{0000},0x0054
"",この森を抜け{7f02}東に行くと　フレノールです。{7f0b}{0000},0x0079
"",{7f04}怪物をやっつけたという　知らせは　　　　　　　{7f02}またたく間に　村中に　広がった。{7f0a}{7f02}そして　夜があけた……。{7f0b}{0000},0x008D
"",{7f04}{7f23}「王さまや　城のみなの無事を{7f02}早く　確かめとうございます。{7f02}ささ　急ぎましょうぞ！{0000},0x00B7
"",{7f04}{7f22}「エンドールで死んだ兵士が{7f02}伝えたかったこととは{7f02}いったい……？{7f0a}{7f02}{7f04}{7f22}「ともかく　早く城へ{7f02}戻りましょう！{0000},0x00DB
"",{7f04}{7f22}「こうして　国中に{7f02}{7f21}姫の　すばらしさが{7f02}広まってゆく……じーん。{0000},0x010A
"",{7f04}{7f21}「ま　一人くらいなら{7f02}正体を明かしてもいいわよね。{0000},0x0126
"",{7f04}{7f21}「今度は　フレノール！{7f02}東のほうに行くのは{7f02}初めてだわ。楽しみ！{0000},0x013D
"",{7f04}{7f23}「やれやれ　アホ詩人め{7f02}よけいな事を{7f02}ふきこんでくれおって……。{0000},0x015A
"",{7f04}{7f23}「怪物めの　気配も{7f02}すっかり　消えております。{7f02}これでひと安心ですな。{0000},0x0177
"",{7f04}{7f22}「祭壇の前に　散った{7f02}娘さんたちの魂も　ようやく{7f02}安らかに　眠れましょう。{0000},0x0196
"",{7f04}{7f21}「ここで怪物に{7f02}私が　必殺のキックを{7f02}おみまいしたのよね。{0000},0x01B6
