"",わんわん。{7f0b}{0000},0x0018
"",南の砂漠で　バザーが{7f02}開かれてるんだってね。{7f02}えっ？これから行くの？{7f0b}{0000},0x001D
"",南の砂漠で　バザーが{7f02}開かれてるんだってね。{7f02}お姉ちゃんたちも行くの？　いいなあ。{7f0b}{0000},0x003C
"",ふにゃーん。{7f0b}{0000},0x0061
"",じつは　わしは{7f02}あのお姫さまに　たくわえを{7f02}差し出そうとしたんじゃ。{7f0a}{7f02}しかし　断られてのう……。{7f02}にせ者だったと言うが　あの娘さん{7f02}そんな　悪い人じゃなかったのう。{7f0b}{0000},0x0068
"",あのお姫さまは　にせ者だったとか。{7f02}そうよねえ。本物の　お姫さまが{7f02}こんな町に　来るはずないわよね。{7f0b}{0000},0x00AC
"",ここは　フレノールの町よ。{7f0b}{0000},0x00D6
"",{7f04}こうして　にせ者の姫　メイたちは{7f02}町から　姿を消した。{7f0a}{7f02}そして　夜が明けた……。{7f0b}{0000},0x00E3
"",{7f04}メイ「さようなら……。{7f0b}{0000},0x0107
"",{7f04}メイ「じゃあね。{7f02}本物の　お姫さま……。{7f0a}{0000},0x0112
"",{7f04}メイ「さあ　お迎えも来たようだし{7f02}あたし　そろそろ　行くわ。{7f0a}{7f02}{7f04}メイ「お礼と言っては　なんだけど{7f02}この　とうぞくのカギを{7f02}あなたに　あげる。{7f0b}{0000},0x0125
"",あたしの名前は　メイ。{7f02}ただの　旅芸人よ。{7f0a}{7f02}{7f04}メイ「お姫さまの　フリをしたら{7f02}みんな　よくしてくれるから{7f02}つい　調子に乗っちゃっただけ……。{7f0b}{0000},0x0163
"",助けてくれて　ありがとう。{7f02}あ～あ　もう　お姫さまなんて{7f02}こりごりだわ。{7f0a}{7f02}ごめんね。　{7f02}あたし　ほんとは{7f02}お姫さまじゃないの。{7f0a}{0000},0x01A0
"",たしかに　受け取ったぜ！{7f02}じゃあ　姫を返してやる。{7f02}あばよ！{7f0b}{0000},0x01D4
"",姫が死んでも　いいって言うのか？{7f02}早く　こっちへ渡すんだ！{0000},0x01EF
"",どうやら　約束の物を{7f02}持ってきたらしいな。{7f02}早く　こっちへ　よこしな！{0000},0x0209
"",ねえ　さっき　犬のコロが{7f02}こんな手紙を　くわえてきたんだ。{7f02}読んでみるね。{7f0a}{7f02}姫を　返してほしくば　明日の夜{7f02}この村の宝　黄金の腕輪を{7f02}村の墓場まで　持って来い。{7f0a}{7f02}なんだろ　これ？{7f02}うん。だれにも言わないよ。{7f0b}{0000},0x0226
"",アオンッ！{7f0b}{0000},0x0281
"",にー　にゃーん。{7f0b}{0000},0x0289
"",お姫さまともなると　悪い奴に{7f02}ねらわれちゃうんだねえ。{7f02}おお　こわい。{7f0b}{0000},0x0291
"",今ごろ　お姫さまは{7f02}何をされていることか……。{7f02}ああ　お姫さま……。{7f0b}{0000},0x02AF
"",もう　びっくりですよ！{7f02}なんと　宿屋にいた　お姫さまが{7f02}さらわれてしまったとか！{7f0a}{7f02}大胆なことをする人も{7f02}いるもんですねえ……。{7f02}やっぱ身代金が　目的なのかなあ。{7f0b}{0000},0x02CB
"",きゃー　たいへん！{7f02}お姫さまが　さらわれたんだって！{7f0b}{0000},0x0310
"",ねえ。{7f02}ぼくの犬{7f02}どこにいったか　知らない？{7f0b}{0000},0x0326
"",ワンッ！{7f0b}{0000},0x033A
"",フニャアアアア。{7f0b}{0000},0x0340
"",ふ～ん。お姫さまっていうから{7f02}どんなに　きれいだろうって思ったけど{7f02}たいしたことないんだねえ……。{7f0b}{0000},0x034B
"",ああ！{7f02}お姫さまと　お近づきになりたい！{7f0b}{0000},0x0374
"",あんたらも　{7f02}お姫さまを　見に来たのか？{7f02}この　宿屋の２階に　いるそうだ。{7f0b}{0000},0x0386
"",宿屋のご主人は　お姫さまたちを{7f02}たいそう　もてなしたそうじゃ。{7f0a}{7f02}わしも　少しばかりのたくわえを{7f02}お姫さまに　差し出そうかのう。{7f0b}{0000},0x03A6
"",お姫さまたち{7f02}この町に　なんの用かしらね！{7f0b}{0000},0x03DD
"",ここは　フレノール。{7f02}今　この町に　サントハイムの{7f02}お姫さまが　来てるの！{7f0a}{7f02}はやく　見にゆかなくっちゃ！{7f0b}{0000},0x03EF
"",こけむした墓が{7f02}ひっそりと　たたずんでいる。{7f0b}{0000},0x041E
"",{7f04}{7f23}「王さまや　城のみなの無事を{7f02}早く　確かめとうございます。{7f02}ささ　急ぎましょうぞ！{0000},0x0432
"",{7f04}{7f22}「エンドールで死んだ兵士が{7f02}伝えたかったこととは{7f02}いったい……？{7f0a}{7f02}{7f04}{7f22}「ともかく　早く城へ{7f02}戻りましょう！{0000},0x0458
"",{7f04}{7f21}「サントハイムのみんなに{7f02}何が　あったというの？{7f0a}{7f02}{7f04}{7f21}「お父さまに　大臣。{7f02}ゴンじいに　神父さまに……{7f02}みんな元気よね？　元気だわよね？{0000},0x048A
"",{7f04}{7f23}「フム。今のところ　町は{7f02}平和そのものに　見えますな。{7f02}よきかな　よきかな。{0000},0x04C9
"",{7f04}{7f22}「きっと噴水の水には{7f02}月や星とともに　姫さまの笑顔が{7f02}きらきらと　映し出され……。{7f0a}{7f02}{7f04}{7f22}「はぁーっ。{7f02}いい夜ですねえ……ぼーっ。{0000},0x04EA
"",{7f04}{7f21}「フレノールの南に{7f02}ほこらが　あったわよね？{7f0a}{7f02}{7f04}{7f21}「エンドールに通じる{7f02}旅の扉がある所！{7f02}今度は　通してもらえるわ。{0000},0x0523
"",{7f04}{7f21}「静かね……。{7f02}これが　ふつうなのかな？{0000},0x055A
"",{7f04}{7f23}「フム。今のところ　町は{7f02}平和そのものに　見えますな。{7f02}よきかな　よきかな。{0000},0x056C
"",{7f04}{7f22}「落ちついて見ると{7f02}なかなか　美しい町では{7f02}ありませんか。{7f0a}{7f02}{7f04}{7f22}「あの噴水の　あたりを{7f02}ふたりきりで　散歩したり……。{7f02}い　いえ　何でもありません！{0000},0x058D
"",{7f04}{7f21}「フレノールの南に{7f02}ほこらが　あったわよね？{7f0a}{7f02}{7f04}{7f21}「エンドールに通じる{7f02}旅の扉がある所！{7f02}今度は　通してもらえるわ。{0000},0x05CB
"",{7f04}{7f21}「フレノールも　ひさしぶり。{7f02}今日は　私のにせ者は……{7f02}なーんだ　いないわ。つまらないの。{0000},0x0602
"",{7f04}{7f23}「しかし　どうしてこう{7f02}夜中に　出歩くのが好きなのか。{7f02}若い者は　わかりませんな。{0000},0x062A
"",{7f04}{7f22}「いかなる空の下でも{7f02}神は　われらの旅を{7f02}見守っていてくださいます。{0000},0x064D
"",{7f04}{7f21}「月も　星も　これからの旅を{7f02}祝福してくれてるみたい！{7f02}きれいね！{0000},0x066C
"",{7f04}{7f23}「ささ　先を急ぎましょうぞ！{0000},0x068A
"",{7f04}{7f21}「砂漠のバザーは{7f02}楽しそうだったけど{7f02}今は　それどころじゃないわ。{0000},0x0699
"",{7f04}{7f23}「フム。城にもどり{7f02}このまま旅をやめることが{7f02}できれば　上出来ですな。{7f0a}{7f02}{7f04}{7f23}「王も　なかなか{7f02}タイミングよく……おっと{7f02}これは失言を　いたしました。{0000},0x06B9
"",{7f04}{7f21}「せっかく　これから{7f02}旅が面白くなるっていう{7f02}ところだったのに！{7f0a}{7f02}{7f04}{7f21}「でも　しかたないわ。{7f02}たった一人のお父さまですもの。{0000},0x06FA
"",{7f04}{7f21}「お父さまが　心配だわ。{7f02}さあ　急ぎましょう！{0000},0x072E
"",{7f04}{7f22}「きっと噴水の水には{7f02}月や星とともに　姫さまの笑顔が{7f02}きらきらと　映し出され……。{7f0a}{7f02}{7f04}{7f22}「はぁーっ。{7f02}いい夜ですねえ……ぼーっ。{0000},0x0744
"",{7f04}{7f21}「静かね……。{7f02}これが　ふつうなのかな？{0000},0x077D
"",{7f04}{7f23}「クソガキめ　またもや{7f02}よけいな事を……。{7f0a}{7f02}{7f04}{7f23}「話しかける　村人は{7f02}よーく　選ばないと{7f02}いけませんな。ぶつぶつ。{0000},0x078F
"",{7f04}{7f22}「世界各地を　めぐる{7f02}バザーのことは　聞いたことが{7f02}ありますが　実物は。{7f0a}{7f02}{7f04}{7f22}「ちょっと　興味が{7f02}ありますね。{7f02}南の砂漠か。ふむ。{0000},0x07C4
"",{7f04}{7f21}「バザー？　砂漠？{7f02}面白そう！　行きましょ！{0000},0x0801
"",{7f04}{7f23}「フム。路銀に困ったときは{7f02}そういう手があるか……。{7f02}いやいや　何でもありませんぞ！{0000},0x0818
"",{7f04}{7f22}「ご老人も　にせのご一行も{7f02}心正しき者には　かならずや{7f02}神のご加護が　あるのです。{0000},0x083D
"",{7f04}{7f21}「メイたち　やっぱり{7f02}いい人だったのね。{7f0a}{7f02}{7f04}{7f21}「私たちの　にせ者だもの{7f02}当たり前か！{0000},0x0864
"",{7f04}{7f22}「しもじもの者には{7f02}{7f21}姫の　気品など{7f02}感じとれないのでしょう。{0000},0x088A
"",{7f04}{7f21}「本物の　お姫さまも{7f02}ここに　いるんだけどな～。{7f02}うふふっ　正体　バラしちゃう？{0000},0x08A5
"",{7f04}{7f23}「この町に　来なければ{7f02}あのような事件には{7f02}巻き込まれなかった。{7f0a}{7f02}{7f04}{7f23}「いやその前に　テンペに……{7f02}サランに……いーや！　姫さまが{7f02}城を出なければ　よかったのです！{0000},0x08CA
"",{7f04}{7f21}「さあ！　次は　どんな町が{7f02}私たちを　待ってるのかしら？{0000},0x0912
"",{7f04}{7f22}「落ちついて見ると{7f02}なかなか　美しい町では{7f02}ありませんか。{7f0a}{7f02}{7f04}{7f22}「あの噴水の　あたりを{7f02}ふたりきりで　散歩したり……。{7f02}い　いえ　何でもありません！{0000},0x092B
"",{7f04}{7f21}「この町の人たちって{7f02}いいことでも　悪いことでも{7f02}おおさわぎが　好きなのね。{0000},0x0969
"",{7f04}{7f23}「黄金の腕輪は　手にいれた。{7f02}あとは墓場へ行かねば。{7f02}あー　まったく　いまいましい！{0000},0x0989
"",{7f04}{7f22}「この子供さん　ちゃんと{7f02}約束を守って　みんなには{7f02}だまっていてくれたようですね。{7f0a}{7f02}{7f04}{7f22}「約束を　守るものには{7f02}神のご加護がありましょう。{7f02}きっと　いいことがありますよ。{0000},0x09AE
"",{7f04}{7f21}「手紙を　渡されたのが{7f02}この子じゃなくて　犬でよかった！{7f02}何をされたか　わからないわ。{0000},0x09F6
"",{7f04}{7f23}「にせ者など　少しは{7f02}いたい目を見ればよいのです。{7f02}いい薬になることでしょう。{7f0a}{7f02}{7f04}{7f23}「まあ　死なない程度に。{0000},0x0A1B
"",{7f04}{7f21}「もう　墓場に{7f02}来てるかもしれないわ。{7f02}急いで行きましょう！{0000},0x0A49
"",{7f04}{7f23}「にせ者にも　悪党にも{7f02}情けは無用ですぞ！{7f0a}{7f02}{7f04}{7f23}「こちらの身が{7f02}あやうくなるようでしたら{7f02}すぐに　逃げるのです！{0000},0x0A63
"",{7f04}{7f22}「この町の　どこかから{7f02}悪者たちは　われわれのことを{7f02}見はって　いるのでしょうか？{0000},0x0A97
"",{7f04}{7f21}「いよいよね……。{7f02}準備運動は　できた？{7f02}さあ　深呼吸して！{7f0a}{7f02}{7f04}{7f21}「黄金の腕輪を持って{7f02}墓場へ行くわよ！{0000},0x0AB9
"",{7f04}{7f23}「黄金の腕輪は　手にいれた。{7f02}あとは夜の墓場へ行かねば。{7f02}あー　まったく　いまいましい！{0000},0x0AEC
"",{7f04}{7f22}「この子供さん　ちゃんと{7f02}約束を守って　みんなには{7f02}だまっていてくれたようですね。{7f0a}{7f02}{7f04}{7f22}「約束を　守るものには{7f02}神のご加護がありましょう。{7f02}きっと　いいことがありますよ。{0000},0x0B12
"",{7f04}{7f21}「この子の犬のおかげで{7f02}なんとか　女の子を助けることが{7f02}できそうね。感謝しなきゃ。{0000},0x0B5A
"",{7f04}{7f23}「にせ者など　少しは{7f02}いたい目を見ればよいのです。{7f02}いい薬になることでしょう。{7f0a}{7f02}{7f04}{7f23}「まあ　死なない程度に。{0000},0x0B7E
"",{7f04}{7f21}「あの子……。{7f02}今ごろ　どうしてるのかしら。{0000},0x0BAC
"",{7f04}{7f21}「黄金の腕輪のために{7f02}あの女の子は　さらわれた。{7f0a}{7f02}{7f04}{7f21}「こんな　ありふれた腕輪。{7f02}どこが　ありがたいっていうの？{7f02}黄金なんて　めずらしくもない。{0000},0x0BC0
"",{7f04}{7f23}「お天道様の　明るいうちは{7f02}悪党め　はずかしくて{7f02}姿は　出せますまい。{7f0a}{7f02}{7f04}{7f23}「フン！　夜まで　どこかで{7f02}時間をつぶしませんとな。{0000},0x0BFC
"",{7f04}{7f22}「もしや　改心した彼らが{7f02}娘さんを返してくれて{7f02}いないかと思いましたが……。{7f0a}{7f02}{7f04}{7f22}「やはり　そう{7f02}うまくは　いきませんよね。{7f02}夜を　待つしかないのか。{0000},0x0C36
"",{7f04}{7f21}「とうとう　黄金の腕輪は{7f02}手に入れたわ。{7f02}あとは　夜を待って墓場へ。{7f0a}{7f02}{7f04}{7f21}「そして　悪者たちから{7f02}あの子を　助けなくっちゃ！{0000},0x0C75
"",{7f04}{7f23}「黄金の腕輪をよこせ　とは……。{7f02}何やら　いやな予感がしますぞ。{0000},0x0CAC
"",{7f04}{7f23}「フン。めんどうな仕事をわれらに{7f02}押しつけて　宝だけを手に入れようと{7f02}考えたわけですな。{7f0a}{7f02}{7f04}{7f23}「腹は立ちますが　どうやら{7f02}言う事を　聞いてやるほか{7f02}方法は　ありますまい。{0000},0x0CC9
"",{7f04}{7f22}「村の宝　黄金の腕輪。{7f02}たしか　わざわいを呼ぶという{7f02}おそろしい宝物です。{7f0a}{7f02}{7f04}{7f22}「黄金の腕輪のせいで{7f02}姫にまで　わざわいが{7f02}ふりかからねば　よいのですが。{0000},0x0D17
"",{7f04}{7f21}「黄金の腕輪！？{7f02}そんなものの　ために{7f02}あの子を　さらったの！？{7f0a}{7f02}{7f04}{7f21}「……しかたないわ。{7f02}何とかして　黄金の腕輪を{7f02}手にいれましょう。{0000},0x0D5A
"",{7f04}{7f23}「にせ者など　少しは{7f02}いたい目を見ればよいのです。{7f02}いい薬になることでしょう。{0000},0x0D93
"",{7f04}{7f21}「あの子……。{7f02}今ごろ　どうしてるのかしら。{0000},0x0DB4
"",{7f04}{7f22}「これまで　サントハイムで{7f02}このような事件が　起きたことは{7f02}なかったというのに……。{7f0a}{7f02}{7f04}{7f22}「やつらの　真のねらいが{7f02}気にかかります。うーむ……。{0000},0x0DC7
"",{7f04}{7f21}「どんな理由があろうと{7f02}女の子を　さらうなんて{7f02}許せないわ！{0000},0x0E05
"",{7f04}{7f23}「やはり　一国の姫君が{7f02}おしのびで旅するなど{7f02}危険すぎる……。{7f0a}{7f02}{7f04}{7f23}「この事件が　片づいたら{7f02}なんとかして　お城に{7f02}戻っていただかなくては！{0000},0x0E20
"",{7f04}{7f23}「姫とわれらの名をかたった{7f02}バチが　当たったようですな。{7f02}少々　キツすぎましたが。{0000},0x0E5F
"",{7f04}{7f22}「町の　みなさんも{7f02}さぞや　心を痛めて{7f02}いらっしゃるでしょうね。{7f0a}{7f02}{7f04}{7f22}「なんとかして{7f02}早く　あの娘さんを助けねば！{0000},0x0E85
"",{7f04}{7f21}「あの子……心配だわ。{7f0a}{7f02}{7f04}{7f21}「私が　つかまったんなら{7f02}悪者をぶちのめして　すぐに{7f02}帰って来るんだけど　あの子は……。{0000},0x0EB7
"",{7f04}{7f21}「私の　目の前で{7f02}女の子を　さらうだなんて{7f02}いいどきょうだわ。{7f0a}{7f02}{7f04}{7f21}「あいつら　ぜったいに{7f02}見つけだして　泣いてあやまるまで{7f02}とっちめてやる！{0000},0x0EEA
"",{7f04}{7f21}「犬ねえ……。{7f02}どの犬が　この子の犬なのか{7f02}わからないわ。{0000},0x0F26
"",{7f04}{7f22}「にせの姫が{7f02}{7f21}姫に　かなうはずは{7f02}ありません！　当然ですよね。{0000},0x0F3F
"",{7f04}{7f21}「私のことじゃないと{7f02}わかっては　いるけど{7f02}ちょっと　腹がたつわね。{0000},0x0F5B
"",{7f04}{7f22}「……しがない町の{7f02}商人のぶんざいで{7f02}なんたる　ナマイキな！{0000},0x0F78
"",{7f04}{7f22}「この方は　何を{7f02}言っているのでしょう？{7f02}姫が　宿屋の２階に？{0000},0x0F94
"",{7f04}{7f21}「もしかして　私の{7f02}にせ者が　いるってこと？{7f02}……面白そう！{0000},0x0FB1
"",{7f04}{7f23}「やれやれ。いつかは{7f02}こんな事が　起こるのではと{7f02}思っておりましたよ。{0000},0x0FCB
"",{7f04}{7f21}「ちょっと　話が{7f02}おかしくなって来たわね。{7f0a}{7f02}{7f04}{7f21}「とにかく　宿屋へ{7f02}行ってみましょう！{0000},0x0FE9
"",{7f04}{7f23}「フム。{7f02}何やら　悪い予感がしますな。{0000},0x100F
"",{7f04}{7f22}「姫様の　お姿を{7f02}ひと目　見ようと{7f02}町のみなが　集まるとは。{7f0a}{7f02}{7f04}{7f22}「やはり　姫様の人気は{7f02}すばらしいですね。{7f02}じーん……。{0000},0x1022
"",{7f04}{7f21}「サントハイムの{7f02}お姫さまが……って{7f02}どういうことなの！？{0000},0x1057
"",{7f04}{7f23}「遠くはなれている　とはいえ{7f02}この町も　サントハイムの一部。{7f02}ウワサはすぐに　城に届きます。{7f0a}{7f02}{7f04}{7f23}「旅先とはいえ{7f02}あまり　羽目をはずしては{7f02}なりませぬぞ。{0000},0x1071
"",{7f04}{7f23}「フン。どうせ{7f02}ロクでもない事で　さわいで{7f02}いるのでしょうな。{0000},0x10B8
"",{7f04}{7f22}「町のみなさんは　ずいぶん{7f02}お祭り好きというか{7f02}明るい方々　なのですね。{0000},0x10D3
"",{7f04}{7f21}「ひとまずは　宿屋に{7f02}行ってみましょうよ。ねっ？{0000},0x10F3
"",{7f04}{7f21}「なんだか　すごいさわぎね。{7f02}面白そうだわ！{0000},0x110A
