"",あのお姫さまは　にせ者だったとか。{7f02}そうよねえ。本物の　お姫さまが{7f02}こんな町に　来るはずないわよね。{7f0b}{0000},0x0018
"",ぐうぐう……。{7f0b}{0000},0x0040
"",すやすや……。{7f0b}{0000},0x0047
"",ところで　南の砂漠のオアシスで{7f02}バザーが　開かれているそうです。{7f0a}{7f02}もし　あちらに行くことがあったら{7f02}寄ってみると　いいでしょう。{7f02}掘り出し物が　あるかもしれません。{7f0b}{0000},0x004E
"",{7f04}{7f23}「クソいまいましい　村人め！{7f02}どうしてこう　次から次へと{7f02}いらんことを　ふきこむか！{7f0a}{7f02}{7f04}{7f23}「砂漠がどうした！{7f02}バザーが何だ！　城へ戻るのが{7f02}また　おくれるではないか！？{0000},0x0090
"",{7f04}{7f22}「砂漠は　気温も高く{7f02}体調を　崩しがちです。{7f02}姫さまは　だいじょうぶだろうか。{0000},0x00D4
"",{7f04}{7f21}「南の砂漠のバザー！{7f02}すてきなひびきね。{7f02}さっ　早く　行きましょう！{0000},0x00F5
