"",どうも　目がさえて　眠れんのう。{7f02}こういう夜は　昔のことが{7f02}思い出されてならん。{7f0a}{7f02}わしは　若いころ　東の都{7f02}エンドールに　住んでいてのう。{7f02}よく武術大会を見に行ったもんじゃ。{7f0b}{0000},0x0018
"",宿屋のご主人は　お姫さまたちを{7f02}たいそう　もてなしたそうじゃ。{7f0a}{7f02}わしも　少しばかりのたくわえを{7f02}お姫さまに　差し出そうかのう。{7f0b}{0000},0x005C
"",{7f04}{7f23}「また　いらん事を……。{7f02}しばらく　町の者とは{7f02}クチをきかぬほうが良いですぞ。{0000},0x008F
"",{7f04}{7f21}「エンドールの武術大会が{7f02}私を　呼んでいるのに……。{7f0a}{7f02}{7f04}{7f21}「でも　お父さまのほうが{7f02}ずっと大切ですもの。{7f02}しかたないわね。{0000},0x00AF
"",{7f04}{7f23}「また　いらん事を……。{7f02}しばらく　町の者とは{7f02}クチをきかぬほうが良いですぞ。{0000},0x00E1
"",{7f04}{7f21}「あんな　おじいさんも{7f02}見たことが　あるなんて！{7f0a}{7f02}{7f04}{7f21}「エンドールの武術大会！{7f02}出たーい！　見たーい！{7f02}エンドールに行きたーい！{0000},0x0101
