"",なんと　黄金の腕輪を{7f02}人さらいに　渡してしまったのか？{7f02}うーむ……。{7f0a}{7f02}実は　あの腕輪は{7f02}不思議な魔力を　持っていたのだ。{7f0a}{7f02}悪いことが　起きなければよいが。{7f0b}{0000},0x0018
"",黄金の腕輪は　たしかに{7f02}この町の　宝だった。{7f0a}{7f02}しかし　その宝があるばっかりに{7f02}争いがたえず　ついに　その宝を{7f02}南の洞くつに　封印したそうだ。{7f0b}{0000},0x0057
"",{7f04}{7f23}「あの悪党ども。{7f02}魔法の使い手には　見えません{7f02}でしたな。すると。{7f0a}{7f02}{7f04}{7f23}「裏で　糸をひくものが{7f02}どこかにいるというわけか。{7f02}もしや　あやつが……うーむ。{0000},0x0091
"",{7f04}{7f22}「人さらいたちが{7f02}腕輪の魔力を　知っていたら。{7f02}……おそろしいことです。{0000},0x00CF
"",{7f04}{7f23}「このような間に{7f02}外に出歩くのは　犬猫ぐらい。{7f02}ささっ　宿に泊まりましょうぞ！{0000},0x00ED
"",{7f04}{7f21}「猫は　これからが{7f02}遊ぶ間なのよね。{7f02}私も　もうひと暴れしたーい！{0000},0x0112
"",{7f04}{7f23}「あの悪党ども。{7f02}魔法の使い手には　見えません{7f02}でしたな。すると……。{7f0a}{7f02}{7f04}{7f23}「裏で　糸をひくものが{7f02}どこかにいるというわけか。{7f02}うーむ。ぶつぶつ……。{0000},0x0130
"",{7f04}{7f22}「人さらいたちが{7f02}腕輪の魔力を　知っていたら。{7f02}……おそろしいことです。{0000},0x016E
"",{7f04}{7f21}「もう　過ぎたことは{7f02}気にしなくて　いいじゃない？{7f02}考えすぎよ　みんな。{7f0a}{7f02}{7f04}{7f21}「女の子は　助かったし{7f02}悩んだって　黄金の腕輪は{7f02}戻ってこないんだから。{0000},0x018C
"",{7f04}{7f23}「この　年よりを{7f02}このような夜ふけまで{7f02}働かせおって！　ぶつぶつ……。{0000},0x01CB
"",{7f04}{7f22}「私が　ひとりで{7f02}黄金の腕輪を持ってゆけば{7f02}最悪の事態は避けられるのでは……。{7f0a}{7f02}{7f04}{7f22}「いや　あの悪者といえど{7f02}約束は　守ってくれるでしょう。{7f02}信じなければ。{0000},0x01E9
"",{7f04}{7f21}「この扉から　外に出れば{7f02}やつらが　待っている墓場だわ。{7f02}気をひきしめて　いかなくちゃ。{0000},0x022C
"",{7f04}{7f23}「姫さまも　人がよすぎです。{7f02}あのような　えたいの知れぬ{7f02}にせ者のため……。ぶつぶつ。{0000},0x0253
"",{7f04}{7f21}「封印をといて　腕輪を{7f02}持ってきてしまったけど{7f02}人の命には　かえられないわよね！{0000},0x0277
"",{7f04}{7f23}「この年で　洞くつへ　とは。{7f02}まったく　いまいましい{7f02}にせ者と　悪党どもめ！{0000},0x0299
"",{7f04}{7f22}「黄金の腕輪は{7f02}わざわいを　呼ぶ　と{7f02}伝えられております。{7f0a}{7f02}{7f04}{7f22}「黄金の腕輪のせいで{7f02}姫にまで　わざわいが{7f02}ふりかからねば　よいのですが。{0000},0x02B8
"",{7f04}{7f21}「黄金の腕輪は　洞くつね！{7f02}さあ　急いで行きましょう！{0000},0x02F0
"",{7f04}{7f22}「黄金の腕輪は{7f02}わざわいを　呼ぶ　と{7f02}伝えられております。{7f0a}{7f02}{7f04}{7f22}「この町に　あったとは{7f02}知りませんでしたが。{0000},0x0308
"",{7f04}{7f21}「洞くつ！{7f02}ステキな　ひびき……。{7f02}行ってみたいわ。ねえねえ！{0000},0x0334
