"",人さらいって　こわいわね。{7f02}あたしも　さらわれたら{7f02}どうしましょ！？{7f0b}{0000},0x0018
"",お姫さま……いや　にせの姫を{7f02}助けたそうですね！{7f02}町中　その話で　もちきりですよ！{7f0a}{7f02}と　それはさておき……{7f0a}{0000},0x0033
"",おはようございます。{7f02}お姫さま……いや　にせの姫を{7f02}助けたそうですね！{7f0a}{7f02}町中　その話で　もちきりですよ！{7f0b}{0000},0x005D
"",ひ　姫さまが　さらわれたって！？{7f02}なんてことでしょう　オロオロ……。{7f0b}{0000},0x0087
"",とほほほほ……。{7f0a}{0000},0x00A4
"",ふたりもお供が　いるなんて{7f02}さすが　お姫さまねえー。{7f0b}{0000},0x00AD
"",旅人の宿に　ようこそ。{7f0a}{7f02}と　言いたいのですが{7f02}今日は　お姫さまがお泊まりなので…。{7f02}どうも　すいません。{7f0b}{0000},0x00C3
"",{7f04}{7f23}「姫さまならば　ともかく{7f02}あのような　とうのたった婦人を{7f02}誰が　さらうものか……もごもご。{0000},0x00EC
"",{7f04}{7f23}「今回は　にせ者ですんだから{7f02}いいようなものの……。{7f02}また同じようなことが　あったら。{7f0a}{7f02}{7f04}{7f23}「早々に　姫さまには{7f02}城に　戻っていただかなければ！{0000},0x0110
"",{7f04}{7f22}「娘さんは　助かったし{7f02}{7f21}姫の身も　無事でした。{7f02}神よ……　感謝いたします。{0000},0x014B
"",{7f04}{7f23}「悪党どもめ。{7f02}黄金の腕輪を　いったい{7f02}何に使うというのだ？　ぶつぶつ……。{0000},0x016B
"",{7f04}{7f21}「ああ～っ！　くやしいっ！{7f02}ぜったい　あの　悪者を{7f02}ギタギタにしてやりたかったのに！{0000},0x018D
"",{7f04}{7f21}「メイ　行っちゃったわね。{7f02}もう少し　話がしてみたかったな。{0000},0x01B3
"",{7f04}{7f23}「姫とわれらの名をかたった{7f02}バチが　当たったようですな。{7f02}少々　キツすぎましたが。{0000},0x01CD
"",{7f04}{7f21}「宿の人たちも　ずいぶん{7f02}責任を感じてるみたいね。{7f02}悪いのは　悪党たちなのに！{0000},0x01EF
"",{7f04}{7f23}「姫とわれらの名をかたった{7f02}バチが　当たったようですな。{7f02}少々　キツすぎましたが。{0000},0x0211
"",{7f04}{7f21}「町の人たちも　ずいぶん{7f02}不安になってるみたいね。{7f02}早く　助けなきゃ！{0000},0x0234
"",{7f04}{7f23}「この{7f23}の{7f02}にじみ出る知性と　品の良さは{7f02}にせ者には　まねできまいて。{7f0a}{7f02}{7f04}{7f23}「ふふん。にせ者めの顔を{7f02}早く　おがんでみようでは{7f02}ありませんか。{0000},0x0253
"",{7f04}{7f23}「さてさて。{7f02}では　そのお姫様の　お顔を{7f02}拝見しに　うかがいましょうぞ。{0000},0x028E
"",{7f04}{7f22}「にせの姫のせいで{7f02}{7f21}姫が{7f02}宿に　泊まれぬとはっ！{7f0a}{7f02}{7f04}{7f22}「われらは　野宿でも{7f02}姫様は　そうはいきません。{7f02}むむっ　にせ姫め！{0000},0x02AC
"",{7f04}{7f21}「この宿ね。{7f02}にせのお姫さまが　いるのは。{7f0a}{7f02}{7f04}{7f21}「いいこと？　私たちは{7f02}ただの旅人として　その{7f02}にせの姫に　会うのよ！{0000},0x02DE
