"",お前たち　どうか{7f02}姫を　助け出してほしい。{7f02}さすれば　ほうびは　思いのままだ。{7f0a}{7f02}ん？　何を　けげんそうな顔を{7f02}しておる？　無礼であろう。{7f02}私は　お城の神官であるぞ。{7f0b}{0000},0x0018
"",なんとしたことじゃ。{7f02}メイが……　いや{7f02}姫が　さらわれてしまった。{7f0b}{0000},0x005D
"",止まれ！{7f02}それ以上　近付くと{7f02}姫の命は　ないぞ！{7f0a}{7f02}しかし　こんな宿屋に{7f02}まさか　お姫さまが来ているとはな！{7f0a}{7f02}よし　ものども　いくぞ！{7f0b}{0000},0x0077
"",どなたかは　知らぬが　姫をっ！{7f02}姫を助けてくだされっ！{7f0b}{0000},0x00AE
"",うーん　やられた……。{7f0a}{7f02}突然　ヤツらが　あらわれて{7f02}姫を無理矢理……。{7f0b}{0000},0x00C3
"",おお！　姫が！{7f02}姫が　人さらいの手に！{7f0a}{7f02}どなたかは　知らぬが　姫を{7f02}姫を　助けてくだされっ！{7f0b}{0000},0x00E3
"",いやー！　はなしてー！{7f02}誰か　助けてー！{7f0b}{0000},0x0107
"",{7f04}{7f23}「にせ者が　いなくなって{7f02}まったく　せいせいしましたぞ！{7f02}あー　空気が　うまいっ。{0000},0x0117
"",{7f04}{7f22}「あの　にせのご一行。{7f02}無事に　旅を続けていると{7f02}よいのですが……。{7f0a}{7f02}{7f04}{7f22}「もちろん　人をだますのは{7f02}感心しませんけど。{0000},0x0137
"",{7f04}{7f21}「もう　誰もいないわ。{7f02}私のにせ者も　あとのふたりも。{7f02}なんだか　さみしいわね。{0000},0x016B
"",{7f04}{7f23}「この　くたびれた　おいぼれが{7f02}わしの名を　かたったですと！？{7f02}助ける気が　なくなりますな。{0000},0x018C
"",{7f04}{7f21}「もうすぐ　メイを{7f02}助けてあげられるのね。{7f02}夜に　墓場。待ってらっしゃい！{0000},0x01B0
"",{7f04}{7f23}「フン！　にせ者も悪党も{7f02}まったく　いまいましい！！{0000},0x01D1
"",{7f04}{7f22}「ほうびを　チラつかせねば{7f02}人助けもできぬ人間に{7f02}私は　見えるのでしょうか……。{0000},0x01E7
"",{7f04}{7f23}「この　くたびれた　おいぼれが{7f02}わしの名を　かたったですと！？{7f02}助ける気が　なくなりますな。{0000},0x020C
"",{7f04}{7f21}「あの子　メイって言うのね。{7f02}今ごろ　どうしてるかしら。{7f02}心配だわ……。{0000},0x0231
"",{7f04}{7f23}「さらわれたのが　本物の{7f02}{7f21}姫で　なかったのが{7f02}不幸中の幸いか……。{7f0a}{7f02}{7f04}{7f23}「どちらにせよ　悪党どもは{7f02}きつーく　こらしめてやらねば{7f02}なりませんな！{0000},0x0251
"",{7f04}{7f22}「若い娘さんを　さらうとは{7f02}なんたる　ひきょう者！{7f02}許せません！{0000},0x028E
"",{7f04}{7f21}「なんてこと……。{7f02}早く　後を追いかけましょう！{7f02}ほら　かけ足よ！{0000},0x02AA
"",{7f04}{7f23}「お待ちなされ！{7f02}今は　早く　あの者共を{7f02}止めるのが　先ですぞ！{0000},0x02C6
"",{7f04}{7f21}「悪者が　女の子をっ！{7f02}早く　助けないと！！{0000},0x02E2
"",{7f04}{7f23}「なんと！{7f02}やはり　悪党めらが{7f02}姫を　ねらっておったか！{0000},0x02F4
"",{7f04}{7f22}「これは　いったい！？{7f02}……はっ　あの男たちは！？{0000},0x030C
"",{7f04}{7f21}「悪者が　女の子をっ！{7f02}早く　助けないと！！{0000},0x0321
