"",ダミー{7f0b}{0000},0x0018
"",{7f04}{7f23}「洞くつはキライです。{7f02}城の中のほかは　みーんな{7f02}キライですぞ！{0000},0x001D
"",{7f04}{7f22}「われわれも　以前より{7f02}強くなりましたが{7f02}ゆだんは　禁物です。{7f0a}{7f02}{7f04}{7f22}「足元や　魔物たちに{7f02}どうぞ　お気をつけて。{0000},0x0039
"",{7f04}{7f21}「もう　この洞くつじゃ{7f02}ぜんぜん　面白くないわ！{7f02}他の場所に　行きましょう！{0000},0x0069
"",{7f04}{7f23}「ふー　やれやれ。{7f02}この年よりの身には　いささか{7f02}大変でしたわい。{0000},0x008A
"",{7f04}{7f23}「苦労して手に入れても{7f02}黄金の腕輪は　悪党のものに。{7f02}まったく　なんと腹立たしい！{0000},0x00A6
"",{7f04}{7f21}「もっと　急いで！{7f02}早くしないと　あの子の命が{7f02}あぶないわ！！{0000},0x00CA
"",{7f04}{7f21}「こんな事がなければ{7f02}もっとじっくりと　洞くつの中を{7f02}探険できたのに！{7f0a}{7f02}{7f04}{7f21}「ああっ　くやしーい！{7f02}ますます　悪党たちが{7f02}ゆるせなくなってきたわ！{0000},0x00E5
"",{7f04}{7f23}「ふー　やれやれ。{7f02}この年よりの身には　いささか{7f02}大変でしたわい。{0000},0x0121
"",{7f04}{7f23}「洞くつの魔物は　地上よりも{7f02}タチの悪いものが　多いのです。{7f02}じゅうぶんに　ご注意めされよ。{0000},0x013C
"",{7f04}{7f23}「やれやれ。洞くつに潜るなど{7f02}何十年ぶりですかな。{7f02}まったく　悪党どもめ。ぶつぶつ。{0000},0x0164
"",{7f04}{7f22}「どうか足元に　お気をつけて。{7f02}転んだすきを見て　魔物たちが{7f02}襲ってくるかもしれません。{0000},0x0186
"",{7f04}{7f21}「洞くつなんて　今まで{7f02}物語の中でしか　知らなかったわ。{7f02}なんだか　ドキドキする……。{0000},0x01AB
"",{7f04}{7f23}「洞くつの魔物は　地上よりも{7f02}タチの悪いものが　多いのです。{7f02}じゅうぶんに　ご注意めされよ。{0000},0x01CE
"",{7f04}{7f23}「やれやれ。洞くつに潜るなど{7f02}何十年ぶりですかな。{7f02}まったく　悪党どもめ。ぶつぶつ。{0000},0x01F5
"",{7f04}{7f22}「この洞くつに　ちる{7f02}聖なる気配……。{7f0a}{7f02}{7f04}{7f22}「どうやら　ここは{7f02}ただならぬ場所のようですね。{0000},0x0218
"",{7f04}{7f22}「どうか足元に　お気をつけて。{7f02}転んだすきを見て　魔物たちが{7f02}襲ってくるかもしれません。{0000},0x0241
"",{7f04}{7f21}「洞くつなんて　今まで{7f02}物語の中でしか　知らなかったわ。{7f02}なんだか　ドキドキする……。{0000},0x0266
