"",ダミー{7f0b}{0000},0x0018
"",泥にまみれた骨が　転がっている……。{7f0b}{0000},0x001D
"",{7f04}{7f23}「洞くつはキライです。{7f02}城の中のほかは　みーんな{7f02}キライですぞ！{0000},0x002E
"",{7f04}{7f22}「われわれも　以前より{7f02}強くなりましたが{7f02}ゆだんは　禁物です。{7f0a}{7f02}{7f04}{7f22}「足元や　魔物たちに{7f02}どうぞ　お気をつけて。{0000},0x004B
"",{7f04}{7f21}「もう　この洞くつじゃ{7f02}ぜんぜん　面白くないわ！{7f02}他の場所に　行きましょう！{0000},0x007D
"",{7f04}{7f23}「苦労して手に入れても{7f02}黄金の腕輪は　悪党のものに。{7f02}まったく　なんと腹立たしい！{0000},0x009E
"",{7f04}{7f22}「この黄金の腕輪。{7f02}たしかに　売れば{7f02}かなりのお金になるでしょう。{7f0a}{7f02}{7f04}{7f22}「やつらのねらいは{7f02}お金なのか　それとも　腕輪の持つ{7f02}わざわいのチカラなのか……。{0000},0x00BF
"",{7f04}{7f21}「グズグズしてられないわ。{7f02}早く　町に戻って{7f02}あの子を　助けなきゃ！{0000},0x00FD
"",{7f04}{7f23}「さあ　次は　町に戻って{7f02}悪党どもと　にせ者どもを{7f02}こらしめてやりましょうぞ！{0000},0x011B
"",{7f04}{7f21}「やったわ！{7f02}この黄金の腕輪を持って{7f02}町の墓場に　行けばいいのね！{7f0a}{7f02}{7f04}{7f21}「そして　あいつら……{7f02}あの悪党たちを　こてんぱんに{7f02}やっつけてやるんだから！{0000},0x013D
"",{7f04}{7f21}「黄金の腕輪って{7f02}いったい　何なのかしら？{0000},0x017B
"",{7f04}{7f23}「苦労して手に入れても{7f02}黄金の腕輪は　悪党のものに。{7f02}まったく　なんと腹立たしい！{0000},0x018D
"",{7f04}{7f22}「感じます。{7f02}洞くつの　聖なる気にまじった{7f02}邪悪なチカラを……。{7f0a}{7f02}{7f04}{7f22}「きっと　すぐ近くに{7f02}黄金の腕輪があるはずです！{0000},0x01AF
"",{7f04}{7f23}「洞くつの魔物は　地上よりも{7f02}タチの悪いものが　多いのです。{7f02}じゅうぶんに　ご注意めされよ。{0000},0x01E1
"",{7f04}{7f21}「広いわね……。{7f02}迷わないように　気をつけなきゃ。{7f02}私に　ちゃんとついてきてね！{0000},0x020A
"",{7f04}{7f22}「感じます。{7f02}洞くつの　聖なる気にまじった{7f02}邪悪なチカラを……。{0000},0x022C
