"",王様の　使いの者より{7f02}お話は　聞いています。{7f02}さあ　お通りください。{7f0b}{0000},0x0018
"",ここは　エンドールに通じる{7f02}旅のほこら。{7f0a}{7f02}しかし　くれぐれも{7f02}姫さまたちを　通すなとの{7f02}王様のご命令で　ございます。{7f0b}{0000},0x0034
"",石づくりの賢者の像は{7f02}あちこち　ひびわれている。{7f0b}{0000},0x0066
"",{7f04}{7f23}「王さまや　城のみなの無事を{7f02}早く　確かめとうございます。{7f02}ささ　急ぎましょうぞ！{0000},0x007D
"",{7f04}{7f22}「サントハイム側の空気は{7f02}おいしい気がします。{7f02}なつかしい　というか。{0000},0x00A2
"",{7f04}{7f21}「ここからは　サントハイムね。{7f02}なんだか　なつかしいわ。{0000},0x00C0
"",{7f04}{7f23}「…………。{7f0a}{7f02}{7f04}{7f23}「……ああ　イヤな物を見た。{7f02}うえーっぷ。{0000},0x00D8
"",{7f04}{7f22}「旅の扉は　きっと{7f02}神の御手によって　作られたもの。{7f02}ああ　何たる神秘！　感動です！{0000},0x00F3
"",{7f04}{7f21}「クマもトラもこわくないけど{7f02}どうも　あの旅の扉だけは　ダメ。{7f02}私　苦手だわ……。{0000},0x0117
"",{7f04}{7f23}「年よりの　体には{7f02}旅の扉は　少々こたえるのではと。{7f0a}{7f02}{7f04}{7f23}「あー　はいはい！{7f02}わかっております。{7f02}ちゃんと　ついてゆきますとも！{0000},0x013C
"",{7f04}{7f22}「あれが　旅の扉。{7f02}こうして旅をするまで　実物を{7f02}見たことはありませんでした。{7f0a}{7f02}{7f04}{7f22}「なんと神秘的な。{0000},0x0170
"",{7f04}{7f21}「この先は　あこがれの{7f02}エンドールに通じてるのね。{7f0a}{7f02}{7f04}{7f21}「行きましょう！{7f02}あの　旅の扉をくぐって{7f02}エンドールの国へ！{0000},0x019A
"",{7f04}{7f23}「あの悪党ども。{7f02}魔法の使い手には　見えません{7f02}でしたな。すると……。{7f0a}{7f02}{7f04}{7f23}「裏で　糸をひくものが{7f02}どこかにいるというわけか。{7f02}うーむ。ぶつぶつ……。{0000},0x01CC
"",{7f04}{7f22}「人さらいたちが{7f02}腕輪の魔力を　知っていたら。{7f02}……おそろしいことです。{0000},0x020B
"",{7f04}{7f21}「もう　過ぎたことは{7f02}気にしなくて　いいじゃない？{7f02}考えすぎよ　みんな。{7f0a}{7f02}{7f04}{7f21}「女の子は　助かったし{7f02}悩んだって　黄金の腕輪は{7f02}戻ってこないんだから。{0000},0x022B
"",{7f04}{7f23}「ささ　先を急ぎましょうぞ！{0000},0x026B
"",{7f04}{7f22}「あれが　旅の扉。{7f02}こうして旅をするまで　実物を{7f02}見たことはありませんでした。{7f0a}{7f02}{7f04}{7f22}「なんと神秘的な。{0000},0x0279
"",{7f04}{7f21}「この先は　あこがれの{7f02}エンドールに通じてるのね。{7f0a}{7f02}{7f04}{7f21}「でも　お父さまが{7f02}大変な時に　国をはなれるなんて{7f02}私には　できないわ。{0000},0x02A3
"",{7f04}{7f23}「けっこうけっこう。{7f02}サントハイムの　衛兵は{7f02}まこと　優秀ですな。{0000},0x02D9
"",{7f04}{7f22}「あれが　旅の扉。{7f02}こうして旅をするまで　実物を{7f02}見たことはありませんでした。{7f0a}{7f02}{7f04}{7f22}「なんと神秘的な。{0000},0x02F6
"",{7f04}{7f21}「何よ　何よ。{7f02}こっそり　通してくれても{7f02}いいのに！　わからずや！{0000},0x031F
