"",次は　どこでバザーを開こうか{7f02}今　相談しているところなんです。{7f0b}{0000},0x0018
"",私たちは　こうして{7f02}バザーを開きながら{7f02}いろんな所を　回っています。{7f0b}{0000},0x0034
"",さえずりの蜜？{7f02}ああ　この店にも　{7f02}昔　１つだけあったっけ。{7f0a}{7f02}エルフが来るという{7f02}西の塔に　行けば{7f02}今も　手に入るかもね。{7f0a}{7f02}でも　昔と違って{7f02}あの塔には　魔物が住み始めたし{7f02}やめたほうが　いいと思うよ。{7f0b}{0000},0x0051
"",悪いね。{7f02}今日は　もう　おしまいだよ。{7f0b}{0000},0x00AB
"",ミー　ミー。{7f0b}{0000},0x00BC
"",こんなに　星のきれいな夜は{7f02}遠い　ふるさとのことを{7f02}思い出すな。{7f0b}{0000},0x00C3
"",ぐうぐう……。{7f0b}{0000},0x00DE
"",にゃんっ！{7f0b}{0000},0x00E6
"",なーご。{7f0b}{0000},0x00EB
"",おお！　お戻りですか！{7f02}王様は　いかがでしたか？{7f02}もう　心配で　心配で……。{7f0b}{0000},0x00F0
"",あ！　姫さま！{7f02}王様は　いかがでしたか？{7f02}もう　心配で　心配で……。{7f0b}{0000},0x010F
"",みなさま！{7f0a}{7f02}すぐに　お城に　お戻りください！{7f02}王様が　王様が　大変なのです！{7f0b}{0000},0x012C
"",あ！　姫さま　探しましたぞ！{7f0a}{7f02}すぐに　お城に　お戻りください！{7f02}王様が　王様が　大変なのです！{7f0b}{0000},0x014D
"",いや～　いろいろ買いすぎちゃって{7f02}重いの　なんのって。{7f02}まいった　まいった。{7f0b}{0000},0x0176
"",この砂漠で　バザーを開くのは{7f02}ずいぶん　ひさしぶりです。{7f02}なにしろ世界中を　旅してますから。{7f0b}{0000},0x0195
"",さあさ　めずらしいツボは　いかが？{7f02}見るだけでも　見てってちょうだい。{7f0b}{0000},0x01BE
"",うわさでは　ここからずっと東に{7f02}エンドールへの　ほこらが{7f02}あるそうです。{7f0b}{0000},0x01DC
"",ヒヒーン。{7f0b}{0000},0x01FB
"",砂漠のバザー　開催中！{7f0b}{0000},0x0202
"",{7f04}{7f23}「こんな所で　油を売っている{7f02}時間は　ありませんぞ！{7f02}早く　さえずりの蜜を！{0000},0x020E
"",{7f04}{7f22}「砂漠の夜を　照らす月が{7f02}水面に　きらきら輝いて。{7f02}はあ……うっとり。{0000},0x022F
"",{7f04}{7f21}「いい月夜ね。{7f02}風が　きもちいいわ。{0000},0x024F
"",{7f04}{7f21}「さえずりの蜜も{7f02}無事に　手にいれたし！{7f02}ちょっとだけ　見物を……。{7f0a}{7f02}{7f04}{7f21}「と　思ったけど{7f02}夜は　バザーはやってないのね。{7f02}残念だわ。{0000},0x025F
"",{7f04}{7f23}「フム。サントハイムの兵は{7f02}みな　優秀な者ぞろいですな！{0000},0x0299
"",{7f04}{7f22}「王さまの　容態が{7f02}悪化していなければ{7f02}よいのですが……。{0000},0x02B6
"",{7f04}{7f21}「この兵士の　おかげで{7f02}お父さまの危機を　救えたのね。{7f02}あとで　ほうびをとらせなきゃ。{0000},0x02D1
"",{7f04}{7f23}「フム。ここより西にある塔。{7f02}そこに　さえずりの蜜があると。{7f0a}{7f02}{7f04}{7f23}「ならば　決まっております。{7f02}魔物が出ようが　塔にのぼり{7f02}さえずりの蜜を　この手に！{0000},0x02F8
"",{7f04}{7f22}「エルフが来る塔。{7f02}さぞかし　高い塔なのでしょうね。{7f02}……ぶるぶるっ。{0000},0x0339
"",{7f04}{7f21}「魔物が何よ！{7f02}そんなの　私が恐がるとでも{7f02}思ってるの！？{7f0a}{7f02}{7f04}{7f21}「行きましょう　西の塔へ。{7f02}そして　さえずりの蜜を{7f02}手に入れるのよ！{0000},0x0358
"",{7f04}{7f23}「むむ……。{7f02}ここは　黙っておきましょう。{0000},0x0391
"",{7f04}{7f22}「王のご病気については{7f02}なるべく　ご内密に。{7f0a}{7f02}{7f04}{7f22}「そうですよ！　だって{7f02}私たちが　すぐに{7f02}治してしまうんですから。{0000},0x03A5
"",{7f04}{7f21}「この人に　本当の事を{7f02}知らせたほうがいいのか{7f02}それとも……？{7f0a}{7f02}{7f04}{7f21}「だめ。言えないわ。{7f02}私　とても言えない。{0000},0x03D8
"",{7f04}{7f23}「こんな所で　油を売っている{7f02}時間は　ありませんぞ！{7f02}早く　さえずりの蜜を！{0000},0x0408
"",{7f04}{7f22}「にぎやかですね！{7f02}どこから　これだけの人が{7f02}砂漠のまん中に　集まったのか。{7f0a}{7f02}{7f04}{7f22}「しかし　王さまは……。{7f02}われわれが　城に戻るまで{7f02}ご無事だといいのですが。{0000},0x042A
"",{7f04}{7f21}「バザーは気になるけど{7f02}お父さまも　心配だわ。{7f02}お父さま……。{0000},0x046B
"",{7f04}{7f21}「さえずりの蜜はどこ？{7f02}早く　手に入れて{7f02}お城に　もどらなくちゃ！{0000},0x0487
"",{7f04}{7f22}「星のきれいな夜には{7f02}ふるさとや　姫さまのお顔を……。{7f02}い　いえっ　きれいな星ですね！{0000},0x04A5
"",{7f04}{7f21}「お父さま……。{0000},0x04C8
"",{7f04}{7f23}「こんな所で　油を売っている{7f02}時間は　ありませんぞ！{0000},0x04D0
"",{7f04}{7f21}「バザーは気になるけど{7f02}お父さまも　心配だわ。{7f02}お父さま……。{0000},0x04E8
"",{7f04}{7f23}「これはいかん。{7f02}まったく　いかんですぞ。{7f0a}{7f02}{7f04}{7f23}「のんきに旅をしている{7f02}場合では　ございません。{7f02}おわかりでしょうな！{0000},0x0504
"",{7f04}{7f22}「王さまは　国のかなめ。{7f02}王に　一大事あらば{7f02}国もまた　ゆるぐのです。{7f0a}{7f02}{7f04}{7f22}「……いやな予感がします。{0000},0x0534
"",{7f04}{7f21}「お父さま……。{0000},0x0562
"",{7f04}{7f21}「お城の屋根の上のネコも{7f02}元気で　やってるかしら？{7f02}……お父さま。{0000},0x056A
"",{7f04}{7f22}「エンドール国と　わが{7f02}サントハイム国は　古くより{7f02}親交が深いのです。{0000},0x0589
"",{7f04}{7f21}「いつかは　エンドールへ。{7f02}武術大会が　開かれるという{7f02}夢のような国に　行ってみたいわ。{7f0a}{7f02}{7f04}{7f21}「でも　今は{7f02}それどころじゃ　ないわよね。{7f02}お父さま……。{0000},0x05AC
"",{7f04}{7f23}「こんな所で　油を売っている{7f02}場合では　ありませんぞ！{7f02}われらが王の　一大事に！{0000},0x05EF
"",{7f04}{7f22}「にぎやかですね！{7f02}どこから　これだけの人が{7f02}砂漠のまん中に　集まったのか。{7f0a}{7f02}{7f04}{7f22}「しかし　王さまは……。{7f02}ああ　神よ　王をお守り下さい。{0000},0x0613
"",{7f04}{7f21}「もしかして　私を{7f02}城に　つれもどそうとして{7f02}仮病を……？{7f0a}{7f02}{7f04}{7f21}「いいえ　そんなことない。{7f02}ダメよ　お父さまはきっと{7f02}本当に　お困りなんだわ。{0000},0x064D
"",{7f04}{7f21}「バザーは気になるけど{7f02}お父さまも　心配だわ。{7f02}お父さま……。{0000},0x068B
"",{7f04}{7f22}「星のきれいな夜には{7f02}ふるさとや　姫さまのお顔を……。{7f02}い　いえっ　きれいな星ですね！{0000},0x06A6
"",{7f04}{7f21}「私には　あの星は{7f02}これから会うはずの　強い{7f02}ライバルたちの顔に見えるわ。{0000},0x06CA
"",{7f04}{7f23}「おー　残念ですな。{7f02}砂漠のバザーは　もう終わり！{7f02}ささ　帰りましょう。{0000},0x06EB
"",{7f04}{7f22}「砂漠の夜を　照らす月が{7f02}水面に　きらきら輝いて。{7f02}はあ……うっとり。{0000},0x070B
"",{7f04}{7f21}「夜になると{7f02}砂漠も　ずいぶんすずしいわ。{7f02}風が　きもちいい……。{0000},0x072B
"",{7f04}{7f21}「何よ　夜は{7f02}お店は　開いてないの？{7f02}つまらないわねー。{0000},0x0747
"",{7f04}{7f23}「おお！　わが王が！？{7f02}これはいかん。いかんですぞ。{7f0a}{7f02}{7f04}{7f23}「のんきに旅をしている{7f02}場合では　ございません。{7f02}すぐに城へ　戻りましょう！{0000},0x075F
"",{7f04}{7f22}「もしや　王さまの身に{7f02}何か　あったのではっ！？{7f0a}{7f02}{7f04}{7f22}「ここは　いったん{7f02}お城に　戻るべきでは{7f02}ないでしょうか？{0000},0x0797
"",{7f04}{7f21}「お父さまが大変って{7f02}どういうこと！？{7f02}気になるわね……。{0000},0x07C5
"",{7f04}{7f21}「砂漠に来たら{7f02}ずいぶんネコを見かけるわね。{7f02}ふふふっ　かーわいいっ！{0000},0x07DE
"",{7f04}{7f23}「強欲なる者は　やがて{7f02}地獄におちると言いますな。{0000},0x07FF
"",{7f04}{7f21}「私も　あのくらい{7f02}たくさん　買い物したいわ！{7f02}いいでしょ？　いいでしょ？{7f0a}{7f02}{7f04}{7f21}「ささやかな物でいいの。{7f02}強い武器があれば　それで。{7f02}防具はいいの。武器があれば。{0000},0x0817
"",{7f04}{7f23}「だまされてはなりません。{7f02}めずらしかろうと　ツボはツボ。{7f02}必要のないものは買わないことです。{0000},0x085C
"",{7f04}{7f21}「めずらしいツボ？{7f02}ふつうのツボに　見えるけど。{7f02}どこが　違うのかしら？{0000},0x0885
"",{7f04}{7f22}「エンドール国と　わが{7f02}サントハイム国は　古くより{7f02}親交が深いのです。{0000},0x08A5
"",{7f04}{7f21}「いつかは　エンドールへ。{7f02}武術大会が　開かれるという{7f02}夢のような国に　行ってみたいわ。{0000},0x08C8
"",{7f04}{7f23}「フー　暑い暑い。{7f02}こう暑いと　頭が{7f02}ぼーっと　してきますな。{0000},0x08F0
"",{7f04}{7f23}「砂漠だろうと　町だろうと{7f02}商売人の　考えることは{7f02}ただ　ひとつです。{7f0a}{7f02}{7f04}{7f23}「いかにして　客から{7f02}多くの金を　しぼりとるか！{7f02}乗せられてはなりませんぞ！{0000},0x090B
"",{7f04}{7f22}「にぎやかですね！{7f02}どこから　これだけの人が{7f02}砂漠のまん中に　集まったのか。{0000},0x094F
"",{7f04}{7f21}「ぜんぶのお店を{7f02}見物するわよ！{7f02}いいでしょ？　ねっねっ。{0000},0x096F
"",{7f04}{7f21}「来たわ　来たわ！{7f02}ここが　砂漠のバザーね。{7f02}うっわー　面白そう！{0000},0x0989
