"",ぐー　ぐー。{7f0b}{0000},0x0018
"",ひつじが　いっぴき……{7f02}ひつじが　にひき……。{7f0a}{7f02}ちょっと　ジャマしないでください！{7f02}ああ　わかんなくなっちゃったよ。{7f0b}{0000},0x001C
"",ぐー　ぐごー。{7f0b}{0000},0x0049
"",すやすや……。{7f0b}{0000},0x004F
"",{7f04}どうやら　眠っているようだ。{7f0b}{0000},0x0055
"",……フニャフニャ。{7f0a}{0000},0x0062
"",{7f04}{7f22}「あははっ。{7f02}ちゃんと　宿屋で寝るなんて{7f02}頭のいいネコですね。{0000},0x006A
"",{7f04}{7f22}「あははっ。{7f02}ちゃんと　宿屋で寝るなんて{7f02}頭のいいネコですね。{0000},0x0081
