"",あー　つかれた　つかれた。{7f02}今日は　もう　店じまいだよ。{7f02}また明日　来ておくれ。{7f0b}{0000},0x0018
"",もし　あんたらも{7f02}エンドールに行ったなら{7f02}武術大会を　見てみるがよい。{7f0b}{0000},0x0037
"",今　エンドールでは{7f02}武術大会をやっているそうですね。{7f0b}{0000},0x0054
"",外国の　おいしい料理はいかが？{7f02}ほっぺが　おちても　知らないよ！{7f0b}{0000},0x006B
"",見たこともない料理が{7f02}おいしそうに　ゆげをたてている。{7f0b}{0000},0x0086
"",{7f04}{7f23}「エンドールで武術大会。{7f02}ほー。それはけっこう。{7f0a}{7f02}{7f04}{7f23}「しかし　エンドールへ{7f02}行くことはありませんなあ。{7f02}いやあ　残念　残念！{0000},0x009D
"",{7f04}{7f21}「武術大会の出場者も{7f02}きっと　もっと強い人と{7f02}戦いたいと思うのよね……。{7f0a}{7f02}{7f04}{7f21}「じつは　お姫さまで{7f02}しかも　ものすごーく強い！{7f02}たとえば　そんな子とか。{7f0a}{7f02}{7f04}{7f21}「お父さまが治ったら{7f02}許しては……くれないわよね。{0000},0x00D2
"",{7f04}{7f22}「{7f21}姫なら{7f02}きっと　武術大会も{7f02}優勝するに　決まってます！{7f0a}{7f02}{7f04}{7f22}「そして　エンドールにも{7f02}姫さまの　強さとすばらしさが{7f02}ひびきわたるのです……じーん。{0000},0x0125
"",{7f04}{7f21}「武術大会の出場者も{7f02}きっと　もっと強い人と{7f02}戦いたいと思うのよね……。{7f0a}{7f02}{7f04}{7f21}「じつは　お姫さまで{7f02}しかも　ものすごーく強い！{7f02}たとえば　そんな子とか。{7f0a}{7f02}{7f04}{7f21}「……わかってるわ。{7f02}今は　それどころじゃ{7f02}ないわよね。はあー。{0000},0x0163
"",{7f04}{7f23}「エンドールで武術大会。{7f02}ほー。それはけっこう。{7f0a}{7f02}{7f04}{7f23}「しかし　エンドールへ{7f02}行くことはありませんなあ。{7f02}いやあ　残念　残念！{0000},0x01BA
"",{7f04}{7f21}「武術大会の出場者も{7f02}きっと　もっと強い人と{7f02}戦いたいと思うのよね……。{7f0a}{7f02}{7f04}{7f21}「じつは　お姫さまで{7f02}しかも　ものすごーく強い！{7f02}たとえば　そんな子とか。{7f0a}{7f02}{7f04}{7f21}「……わかってるわ。{7f02}今は　それどころじゃ{7f02}ないわよね。はあー。{0000},0x01EE
