"",くそー！{7f02}扉に　カギがかかってて{7f02}上には　登れねーや。{7f0a}{7f02}たしか　エルフが舞い降りるのは{7f02}この塔だと　聞いてきたのに……。{7f0a}{7f02}ん？　エルフを　見つけて{7f02}どうする気か？　だって？{7f0a}{7f02}そいつぁ　言えねえなぁ。{7f02}へっへっへっ！{7f0b}{0000},0x0018
"",{7f04}{7f23}「王さまや　城のみなの無事を{7f02}早く　確かめとうございます。{7f02}ささ　急ぎましょうぞ！{0000},0x006F
"",{7f04}{7f22}「な　なぜ　今さら{7f02}塔などに　来る必要がっ。{7f02}……ブルブルッ。{0000},0x0094
"",{7f04}{7f22}「表から　見たところ{7f02}かなり　高い塔のようですね。{7f02}……ブルブルッ。{0000},0x00AF
"",{7f04}{7f21}「強そうな敵の気配が{7f02}ぷんぷん　するわ。{7f02}たっくさん　戦えそうね！{7f0a}{7f02}{7f04}{7f21}「ぱーっと戦えば{7f02}不安な気持ちも　どこかに{7f02}いっちゃうはずよ！{0000},0x00CA
"",{7f04}{7f22}「ずいぶん　言葉づかいの{7f02}悪い方でしたね。{0000},0x0102
"",{7f04}{7f21}「扉に　カギねえ。{7f02}何か大事なものでも{7f02}しまってあるのかしら？{0000},0x0116
"",{7f04}{7f23}「このような場所に{7f02}用は　ないはずですぞ！{7f02}ささ　塔を出ましょう。{0000},0x0131
"",{7f04}{7f22}「表から　見たところ{7f02}かなり　高い塔のようですね。{7f02}……ブルブルッ。{0000},0x014D
"",{7f04}{7f21}「強そうな敵の気配が{7f02}ぷんぷん　するわ。{7f02}たっくさん　戦えそうね！{0000},0x0168
"",{7f04}{7f21}「この塔は　いったい……？{7f02}なんだか　不思議な所ね。{0000},0x0184
