"",ダミー{7f0b}{0000},0x0018
"",{7f04}{7f22}「な　なぜ　今さら{7f02}塔などに　来る必要がっ。{7f02}……ブルブルッ。{0000},0x001C
"",{7f04}{7f23}「参りましょう。{7f02}のんびりしている時間は{7f02}ありませんぞ！{0000},0x0036
"",{7f04}{7f22}「ああ　また１階ぶん{7f02}地上が　遠ざかった……。{7f02}しくしくしく。{0000},0x004D
"",{7f04}{7f21}「強そうな敵の気配が{7f02}ぷんぷん　するわ。{7f02}たっくさん　戦えそうね！{7f0a}{7f02}{7f04}{7f21}「ぱーっと戦えば{7f02}不安な気持ちも　どこかに{7f02}いっちゃうはずよ！{0000},0x0068
"",{7f04}{7f23}「このような場所に{7f02}用は　ないはずですぞ！{7f02}ささ　塔を出ましょう。{0000},0x009E
"",{7f04}{7f22}「表から　見たところ{7f02}かなり　高い塔のようですね。{7f02}……ブルブルッ。{0000},0x00BA
"",{7f04}{7f21}「強そうな敵の気配が{7f02}ぷんぷん　するわ。{7f02}たっくさん　戦えそうね！{0000},0x00D6
"",{7f04}{7f21}「この塔は　いったい……？{7f02}なんだか　不思議な所ね。{0000},0x00F0
