"",ダミー{7f0b}{0000},0x0018
"",{7f04}{7f23}「王さまや　城のみなの無事を{7f02}早く　確かめとうございます。{7f02}ささ　急ぎましょうぞ！{0000},0x001C
"",{7f04}{7f21}「こんなところにいても{7f02}しかたないわ。{7f02}サントハイムに　戻りましょうよ。{0000},0x003F
"",{7f04}{7f23}「商人というのは　まこと{7f02}金のためなら　命も捨てる。{7f02}フム。見上げたものですな。{0000},0x005D
"",{7f04}{7f22}「お疲れでしたら{7f02}ひと休み　されては{7f02}いかがですか？{0000},0x007D
"",{7f04}{7f21}「こんな所に　宿屋！？{7f02}じゃあ　多少ムチャしても{7f02}だいじょうぶってことね。{0000},0x0092
"",{7f04}{7f23}「商人というのは　まこと{7f02}金のためなら　命も捨てる。{7f02}フム。見上げたものですな。{0000},0x00B2
"",{7f04}{7f22}「お疲れでしたら{7f02}ひと休み　されては{7f02}いかがですか？{0000},0x00D2
"",{7f04}{7f21}「こんな所に　宿屋！？{7f02}便利だけど　不思議なカンジ。{0000},0x00E7
