"",ダミー{7f0b}{0000},0x0018
"",{7f04}{7f23}「こうるさい魔物どもめ！{7f02}先を急ぐというのに{7f02}まったく　腹立たしいっ。{0000},0x001C
"",{7f04}{7f23}「フム。魔法の気配が{7f02}だんだん強くなっている……。{7f02}頂上が近付いているのか？{0000},0x003A
"",{7f04}{7f22}「………………。{7f0a}{7f02}{7f04}{7f22}「ああ　地上がどんどん{7f02}遠ざかってゆく……。{7f02}ブルブルッ。{0000},0x0059
"",{7f04}{7f21}「だんだん頂上が{7f02}近付いてきたかしら？{7f02}ふふっ　ワクワクするわね！{0000},0x0076
"",{7f04}{7f23}「いつまで　このような所で{7f02}油を売っている　おつもりか！{7f02}いいかげんにしなされ！{0000},0x0091
"",{7f04}{7f22}「………………。{7f0a}{7f02}{7f04}{7f22}「ああ　地上がどんどん{7f02}遠ざかってゆく……。{7f02}ブルブルッ。{0000},0x00B3
"",{7f04}{7f21}「だんだん頂上が{7f02}近付いてきたかしら？{7f02}ふふっ　ワクワクするわね！{0000},0x00D0
