"",いいわよ　そんなの！{7f02}さっ　早く！{7f0b}{0000},0x0018
"",{7f04}リース「あっ　いけない！{7f02}薬を　落としちゃった！{7f0b}{0000},0x0025
"",{7f04}リース「はい　おねえさま！{7f0b}{0000},0x0039
"",リース！　帰るわよ！{7f0b}{0000},0x0046
"",きゃ！　あなたたち　人間ね！{7f0b}{0000},0x0050
"",{7f04}{7f23}「さあさ　急いで{7f02}塔を下りましょう！{0000},0x005C
"",{7f04}{7f22}「下を見なければ……{7f02}ぶつぶつ　下を見なければ{7f02}こわくない　こわくない……。{0000},0x006C
"",{7f04}{7f21}「ほんとにきれいな場所ね。{7f02}また　遊びに来たいわ。{7f02}エルフにも　会ってみたいし！{0000},0x0089
"",{7f04}{7f23}「やりましたな！{7f02}この{7f23}　信じておりましたぞ。{7f02}さあ　早く王さまの元へ！{0000},0x00AD
"",{7f04}{7f22}「こ　これでやっと{7f02}塔から　降りられるんですね。{7f02}よかった……ブルブルッ。{0000},0x00CB
"",{7f04}{7f21}「やったわ！{7f02}さえずりの蜜を見つけたのね！{7f0a}{7f02}{7f04}{7f21}「さあ　早くサントハイムへ{7f02}戻りましょう！{0000},0x00EB
"",{7f04}{7f23}「むむ　近いですぞ！{7f02}すぐ近くから　甘い香りが。{0000},0x0112
"",{7f04}{7f22}「あ　あまり早足で{7f02}歩かないでください！{7f02}落ちたら　どうするんです！{0000},0x0128
"",{7f04}{7f23}「おお！　見つけましたぞ！{7f02}まさしく　あれはエルフ。{0000},0x0145
"",{7f04}{7f22}「下を見なければ……{7f02}ぶつぶつ　下を見なければ{7f02}こわくない　こわくない……。{0000},0x015B
"",{7f04}{7f21}「きれい……。{7f02}塔の上の　お花畑なんて{7f02}ちょっとステキね。{7f0a}{7f02}{7f04}{7f21}「あの人たちは？{7f02}あれが　エルフなの？{0000},0x0178
"",{7f04}{7f23}「見晴らしがよかろうと{7f02}それが　何だと言うのです！{7f02}さあ　戻りますぞ！{0000},0x01A3
"",{7f04}{7f22}「下を見なければ……{7f02}ぶつぶつ　下を見なければ{7f02}こわくない　こわくない……。{0000},0x01C2
"",{7f04}{7f21}「きれい……。{7f02}塔の上の　お花畑なんて{7f02}ちょっとステキね。{0000},0x01DF
