"",ダミー{7f0b}{0000},0x0018
"",石づくりの賢者の像は{7f02}あちこち　ひびわれている。{7f0b}{0000},0x001C
"",{7f04}{7f23}「…………。{7f0a}{7f02}{7f04}{7f23}「…………うーっぷ。{7f02}ゲホッ　ゲホッ。うううっ。{7f02}な　なんという……。{0000},0x0031
"",{7f04}{7f22}「感激です！{7f02}わが　サントハイムの国で{7f02}旅の扉を使った神官は私が初めて！{7f0a}{7f02}{7f04}{7f22}「すばらしい神秘。{7f02}ああ　いかなる技で　あの扉は{7f02}動いているのでしょうか！？{0000},0x0050
"",{7f04}{7f21}「おなかも　頭も{7f02}グチャグチャだわ……。{7f02}旅の扉って　うっ　きもちわるーい。{0000},0x008F
