"",ダミー{7f0b}{0000},0x0018
"",{7f04}{7f23}「できれば　このじいは{7f02}二度と　旅の扉には……。{7f0a}{7f02}{7f04}{7f23}「ううっ　思いだしただけで{7f02}は　はきけが……。{0000},0x001C
"",{7f04}{7f21}「こんなところにいても{7f02}しかたないわ。{7f02}サントハイムに　戻りましょうよ。{0000},0x0042
"",{7f04}{7f23}「できれば　このじいは{7f02}二度と　旅の扉には……。{7f0a}{7f02}{7f04}{7f23}「ううっ　思いだしただけで{7f02}は　はきけが……。{0000},0x005F
"",{7f04}{7f21}「こんなところにいても{7f02}しかたないわ。{7f02}エンドールに　戻りましょうよ。{0000},0x0084
"",{7f04}{7f23}「できれば　このじいは{7f02}二度と　旅の扉には……。{7f0a}{7f02}{7f04}{7f23}「ううっ　思いだしただけで{7f02}は　はきけが……。{0000},0x00A0
"",{7f04}{7f22}「すっかり夜になって{7f02}しまいましたね。{7f02}あそこの宿で　休みましょう。{0000},0x00C6
"",{7f04}{7f21}「こんな所に出るのね。{7f02}見たところ　サントハイムと{7f02}そんなに変わらないけど。{7f0a}{7f02}{7f04}{7f21}「でも　ここはエンドール！{7f02}自由の第一歩だわ！{0000},0x00E2
"",{7f04}{7f23}「できれば　このじいは{7f02}二度と　旅の扉には……。{7f0a}{7f02}{7f04}{7f23}「ううっ　思いだしただけで{7f02}は　はきけが……。{0000},0x0117
"",{7f04}{7f22}「ちょうど　あそこに{7f02}宿屋が見えますね。{7f02}道案内を　頼みましょう。{0000},0x013C
"",{7f04}{7f21}「こんな所に出るのね。{7f02}見たところ　サントハイムと{7f02}そんなに変わらないけど。{7f0a}{7f02}{7f04}{7f21}「でも　ここはエンドール！{7f02}自由の第一歩だわ！{0000},0x015A
