"",わたしは{7f02}バトランドの戦士　{7f20}。{7f02}勇者を探して　旅をしている。{7f0a}{7f02}{7f04}{7f20}「と　こんな話をしても{7f02}おぬしらには　分かるまいな……。{7f02}失礼　つかまつった。{7f0b}{0000},0x0018
"",ぐうぐう……。{7f0b}{0000},0x0055
"",このあたりに　{7f02}サントハイムに通じる　{7f02}旅の扉があるそうですね。{7f0b}{0000},0x005C
"",ここは　エンドールの国。{7f02}東に行くと　お城があります。{7f0b}{0000},0x0079
"",{7f04}{7f21}「こういうのって　自分で{7f02}見つけたほうが　うれしいわよね。{7f02}だまってて　あげましょ？{0000},0x0091
"",{7f04}{7f23}「ほほう。あの戦士。{7f02}なかなか　腕がたちそうですな。{7f02}フムフム。{0000},0x00B4
"",{7f04}{7f22}「あの{7f20}という方。{7f02}昔から　ずっと知っているような{7f02}不思議な感じがします。{0000},0x00CD
"",{7f04}{7f21}「{7f20}って人が{7f02}武術大会に　出るとしたら……。{7f0a}{7f02}{7f04}{7f21}「あの人が相手なら{7f02}気を　ひきしめていかないと。{7f02}ゆだんしてたら　勝てないわ。{0000},0x00ED
"",{7f04}{7f23}「フム。わがサントハイムには{7f02}もっとずっと　立派な宿屋が{7f02}たくさんありますぞ。{7f0a}{7f02}{7f04}{7f23}「世界一の　大国とはいえ{7f02}たいしたことは　ありませんな。{0000},0x0123
"",{7f04}{7f22}「夜は危険です。{7f02}こちらで　宿をとっては{7f02}いかがでしょうか？{0000},0x015D
"",{7f04}{7f21}「ちょうど　夜だし{7f02}強い魔物が出るはずよ。{7f02}泊まるより　外で戦いたいわ。{0000},0x0177
"",{7f04}{7f23}「フム。わがサントハイムには{7f02}もっとずっと　立派な宿屋が{7f02}たくさんありますぞ。{7f0a}{7f02}{7f04}{7f23}「世界一の　大国とはいえ{7f02}たいしたことは　ありませんな。{0000},0x0197
"",{7f04}{7f21}「ここで一泊して　ちょっと{7f02}腕をみがいてから　大会に　か。{7f02}それもアリね。{0000},0x01D1
"",{7f04}{7f23}「ほほう。あの戦士。{7f02}なかなか　腕がたちそうですな。{7f02}フムフム。{0000},0x01F1
"",{7f04}{7f22}「あの{7f20}という方。{7f02}どこかで　お会いしたような？{7f02}いや　思い違いか。{0000},0x020B
"",{7f04}{7f21}「なぜかしら。{7f02}あの人……{7f20}って人{7f02}すごく　気になるわ。{7f0a}{7f02}{7f04}{7f21}「強そうだから？{7f02}勝負してみたいから？{7f02}いいえ　違う。なにかが……。{0000},0x0227
"",{7f04}{7f23}「フム。エンドールの城まで{7f02}ずいぶんありそうですな。{7f02}ここで休んでいきましょう。{0000},0x025D
"",{7f04}{7f22}「お城は東ですか。{7f02}東……いやな予感がします。{0000},0x027E
"",{7f04}{7f21}「こういうのって　自分で{7f02}見つけたほうが　うれしいわよね。{7f02}だまってて　あげましょ？{0000},0x0293
"",{7f04}{7f23}「フム。わがサントハイムには{7f02}もっとずっと　立派な宿屋が{7f02}たくさんありますぞ。{7f0a}{7f02}{7f04}{7f23}「世界一の　大国とはいえ{7f02}たいしたことは　ありませんな。{0000},0x02B6
"",{7f04}{7f21}「エンドールと　ずいぶん{7f02}行き来があるのかしら？{7f02}宿屋まで　ちゃんとあるし。{0000},0x02EF
