"",ほら　あんなに速く{7f02}雲が　西に流れてゆくわ。{7f0a}{7f02}ここから　西にある国といえば……{7f02}いいえ　きっと私の気のせいね。{7f0b}{0000},0x0018
"",おお　{7f21}姫さま！{7f02}優勝　おめでとうございます。{7f0b}{0000},0x0047
"",ねえ　知ってる？{7f02}武術大会で　優勝したのは{7f02}若い　女の子だって。{7f0a}{7f02}え？　あなたが　その人？{7f02}すごーい！{7f0b}{0000},0x005B
"",武術大会も{7f02}終わったみたいだわね。{7f0a}{7f02}あーあ　また何か{7f02}面白いことでも　ないかねぇ？{7f0b}{0000},0x0087
"",エンドールの城下町に　ようこそ。{7f02}武術大会は　もう終わりましたよ。{7f0b}{0000},0x00AB
"",あら　あんた{7f02}優勝したお姫さまだね。{7f02}あたしも　おうえんしてたんだよ！{7f0a}{7f02}と　それはさておき……。{7f0a}{0000},0x00C9
"",おっ　優勝した姫さまですね！{7f02}うちでも　ぜひ何か{7f02}買っていってくださいよ！{7f0a}{7f02}と　それはさておき……。{7f0a}{0000},0x00F0
"",{7f21}姫さま！{7f02}すぐに　サントハイムのお城に{7f02}お戻りください！{7f0a}{7f02}ぐ……　ぐふっ！{7f0b}{0000},0x011A
"",だいじょうぶ。{7f02}まだ　酔っちゃいねえよ。{7f02}うい～。{7f0b}{0000},0x013D
"",ここは　エンドールの城下町だ。{7f0b}{0000},0x0153
"",あ　流れ星！{7f0a}{7f02}神さま　どうか{7f02}この国を　お守りください……。{7f0b}{0000},0x0162
"",武術大会を　見るため{7f02}多くの人々が　ここ　エンドールに{7f02}集まってきているのだ。{7f0b}{0000},0x017C
"",ねえ　知ってる？{7f02}今　お城で{7f02}武術大会が　開かれてるのよ。{7f0b}{0000},0x019E
"",かあ～　見回りも　楽じゃねえぜ。{7f02}早く　酒場にでもいって{7f02}いっぱい　やりたいなあ。{7f0b}{0000},0x01B8
"",では　武術大会に来たのだな？{7f02}ならば　門をくぐり{7f02}左右の小さな扉から入るがよい。{7f0b}{0000},0x01DD
"",ならば　門をくぐった先が{7f02}エンドールのお城だ。{7f0b}{0000},0x0202
"",王様に　会いに来たのか？{0000},0x0218
"",うちの　ろくでなし{7f02}どこへ　行ったのかしらね。{7f02}まったく……。{7f0b}{0000},0x0223
"",ほら　あんなに速く{7f02}雲が　西に流れてゆくわ。{7f02}どうしたのかしら？{7f0b}{0000},0x023D
"",エンドールの城下町に　ようこそ。{7f0b}{0000},0x025A
"",ご成婚　おめでとう！{7f02}リック王子　モニカ姫{7f0b}{0000},0x026A
"",武術大会　終わる！{7f02}優勝者　{7f21}姫！{7f0b}{0000},0x0282
"",武術大会　終了！{7f02}優勝は　{7f21}姫{7f02}おめでとう！！{7f0b}{0000},0x0292
"",武術大会　開催中！{7f0b}{0000},0x02A6
"",{7f04}{7f23}「ほまれと　言うべきか{7f02}恥さらしと　言うべきか。{7f02}言葉に困りますな。{0000},0x02B1
"",{7f04}{7f21}「優勝は　{7f21}姫！{7f02}うーん　いいひびき！{0000},0x02D1
"",{7f04}{7f22}「ふだんよりも　雲が早く{7f02}流れるには　不吉なことが{7f02}起きるといいます。{7f0a}{7f02}{7f04}{7f22}「神よ　どうか姫さまと{7f02}わが国を　お守りください。{0000},0x02E2
"",{7f04}{7f21}「それにしても　さっきの{7f02}サントハイムの兵士の言葉。{7f02}気になるわね……。{0000},0x031A
"",{7f04}{7f23}「フム……　わが城に　何が？{7f02}王は　ご無事なのか？{7f02}気になりますな。{0000},0x033C
"",{7f04}{7f22}「むっ　ここにも姫さまの{7f02}ファンがいるとは！{7f02}……フクザツな気分です。{0000},0x035A
"",{7f04}{7f22}「姫さまの　強さは{7f02}みなの　あこがれのまとですね。{7f02}じーん……。{0000},0x037C
"",{7f04}{7f21}「出場者が　弱すぎたのよ。{7f02}もうちょっと　歯ごたえが{7f02}ほしかったわね。{0000},0x0396
"",{7f04}{7f21}「なぜかしら　とても{7f02}いやな予感がするの。{7f02}お父さま……みんな……。{0000},0x03B7
"",{7f04}{7f22}「武術大会は　姫さまの優勝で{7f02}終わった　と　正確に言って{7f02}ほしいものですね。{0000},0x03D4
"",{7f04}{7f23}「…………。{7f02}不吉な予感が　いたしますぞ。{7f02}ともあれ　サントハイムへ！{0000},0x03F6
"",{7f04}{7f22}「この方は　もう……。{7f02}しかし　サントハイムで{7f02}何が起きたというのでしょう。{0000},0x0416
"",{7f04}{7f21}「どういうこと！？{7f02}また　お父さまに何かが！？{7f0a}{7f02}{7f04}{7f21}「いえ　そんなはずは。{7f02}だってさえずりの蜜で{7f02}お声は治ったんだし……。{0000},0x0437
"",{7f04}{7f23}「ともあれ　一度は{7f02}サントハイムに戻りますぞ。{7f02}よろしいですな。{0000},0x046D
"",{7f04}{7f22}「国中の人々が{7f02}姫さまの　強さとすばらしさを{7f02}たたえています。じーん……。{0000},0x048B
"",{7f04}{7f21}「すれちがう人　みんな{7f02}私たちに　手をふってるわ。{7f02}有名になったものね。{0000},0x04AB
"",{7f04}{7f23}「大会に出る以上は{7f02}姫には　優勝してもらいませんと。{7f02}しかし……ああ　はしたないっ。{0000},0x04CB
"",{7f04}{7f22}「異国では　気がたかぶり{7f02}体も　疲れやすくなります。{7f02}今日はもう　休みましょう。{0000},0x04EF
"",{7f04}{7f21}「エンドールで　はやりの{7f02}戦い方って　どんなかしら。{7f02}剣？　オノ？　それとも素手で？{7f0a}{7f02}{7f04}{7f21}「これだけ大きな町だもの{7f02}きっと強い人が　たくさん{7f02}いるんでしょうね。うっとり……。{0000},0x0513
"",{7f04}{7f21}「もう　夜？{7f02}大会に　出られないじゃない！{7f0a}{7f02}{7f04}{7f21}「しかたないわ。{7f02}外に出て　魔物を相手に{7f02}体をならしてきましょう。{0000},0x055E
"",{7f04}{7f23}「見るだけで　やめておけば{7f02}よいものを……エンドール王の{7f02}アホタレのせいで……ぶつぶつ。{0000},0x0590
"",{7f04}{7f21}「うふふふふ……。{7f02}うっふっふっふー！{7f0a}{7f02}{7f04}{7f21}「世界中の人の前で{7f02}世界中から集まった強い人たちと{7f02}ぞんぶんに戦えるのね！{7f0a}{7f02}{7f04}{7f21}「ああ　しあわせ！{7f02}エンドールって　とっても{7f02}すてきな国ね！{0000},0x05BB
"",{7f04}{7f22}「武術大会で　姫さまが{7f02}ご活躍する姿を想像すると{7f02}はぁ……うっとりします。{0000},0x060B
"",{7f04}{7f23}「出るなと言えば　姫は{7f02}だだをこねるに決まっておるし{7f02}止める手だてはないものか。ぶつぶつ。{0000},0x062D
"",{7f04}{7f21}「もうすぐ　コロシアムね。{7f02}ああ　いっそ　走り出したい！{0000},0x0655
"",{7f04}{7f22}「お城の守りも厳重ですね。{7f02}大国は　やはり違う。{0000},0x066F
"",{7f04}{7f21}「もう王から許可は{7f02}いただいたわ。{7f02}コロシアムへ　行きましょう！{0000},0x0686
"",{7f04}{7f22}「姫さまの　うれしそうな顔。{7f02}ああ　旅にごいっしょできて{7f02}よかった……！{0000},0x06A6
"",{7f04}{7f23}「大会に出る以上は{7f02}姫には　優勝してもらいませんと。{7f02}しかし……ああ　はしたないっ。{0000},0x06C4
"",{7f04}{7f22}「このにぎわいも　やはり{7f02}武術大会めあての人々が{7f02}大半なのでしょうか？{0000},0x06E7
"",{7f04}{7f21}「武器や防具　心の準備。{7f02}私なら　いつでも{7f02}武術大会に　出場できるわよ！{0000},0x0707
"",{7f04}{7f21}「すれちがう人が　みんな{7f02}武術大会のライバルに見えるわ。{7f02}うふふっ　ワクワクしちゃう！{0000},0x072A
"",{7f04}{7f22}「国中の人々が　武術大会を{7f02}楽しみにしているようですね。{0000},0x0752
"",{7f04}{7f21}「武術大会で優勝するのは{7f02}もちろん　私！{7f02}ねっ　そう思うでしょ？{0000},0x076C
"",{7f04}{7f23}「正体をなくした酔っぱらいほど{7f02}ぶざまな者は　おりませんな。フム。{0000},0x0789
"",{7f04}{7f22}「さ　酒くさい息で{7f02}私　ちょっと気分が……うっぷ。{0000},0x07AA
"",{7f04}{7f23}「若い娘が　バルコニーとはいえ{7f02}夜ふけに　外でふらふらと。{7f02}なんたる　はしたない！{0000},0x07C2
"",{7f04}{7f21}「はやく　願い事しなくちゃ！{7f02}もっと強くなれますように……。{7f02}もっと強くなれますように……。{0000},0x07E7
"",{7f04}{7f23}「今宵は　もう遅いですが{7f02}明朝いちばんに　エンドール王に{7f02}ごあいさつ　なさいませ！{7f0a}{7f02}{7f04}{7f23}「姫さま！　わかりましたな！{0000},0x080E
"",{7f04}{7f22}「姫さまの　うれしそうな顔。{7f02}ああ　旅にごいっしょできて{7f02}よかった……！{0000},0x0842
"",{7f04}{7f23}「フム……。{7f02}うわさに聞く大国　エンドールも{7f02}たいしたことは　ありませんな。{0000},0x0860
"",{7f04}{7f22}「異国では　気がたかぶり{7f02}体も　疲れやすくなります。{7f02}今日はもう　休みましょう。{0000},0x0881
"",{7f04}{7f21}「エンドールみたいな都会でも{7f02}夜は　静かなのね。{7f02}ちょっと意外だわ。{0000},0x08A6
"",{7f04}{7f23}「見るだけで　やめておけば{7f02}よいものを……ぶつぶつ。{0000},0x08C6
"",{7f04}{7f21}「うふふふふ……。{7f02}うっふっふっふー！{7f0a}{7f02}{7f04}{7f21}「世界中の人の前で{7f02}世界中から集まった強い人たちと{7f02}ぞんぶんに戦えるのね！{7f0a}{7f02}{7f04}{7f21}「ああ　しあわせ！{7f02}エンドールって　とっても{7f02}すてきな国ね！{0000},0x08DE
"",{7f04}{7f22}「武術大会で　姫さまが{7f02}ご活躍する姿を想像すると{7f02}はぁ……うっとりします。{0000},0x092E
"",{7f04}{7f21}「武術大会に　出なきゃ{7f02}エンドールまで来た意味がないわ。{7f02}早く　出場しに行きましょ！{0000},0x0950
"",{7f04}{7f23}「なんたる　不まじめな兵士。{7f02}わが国には　あのような者は{7f02}ひとりも　おりませんぞ。{0000},0x0977
"",{7f04}{7f23}「出るなと言えば　姫は{7f02}だだをこねるに決まっておるし{7f02}止める手だてはないものか。ぶつぶつ。{0000},0x099C
"",{7f04}{7f21}「武術大会ですって！？{7f02}やったわ！　早く行きましょう。{7f02}もちろん出場するわよ！{0000},0x09C4
"",{7f04}{7f23}「姫さま！　まずは王に会い{7f02}ごあいさつをなさいませ！{7f02}それが礼儀というものですぞ！{0000},0x09E7
"",{7f04}{7f22}「お城の守りも厳重ですね。{7f02}大国は　やはり違う。{0000},0x0A0B
"",{7f04}{7f21}「エンドールの王さまって{7f02}お父さまと同じくらいの{7f02}お年なんですって。{7f0a}{7f02}{7f04}{7f21}「前に　大臣から{7f02}聞いたことがあるわ。{7f02}昔は　お友達だったって。{0000},0x0A22
"",{7f04}{7f22}「ふだんよりも　雲が速く{7f02}流れるには　不吉なことが{7f02}起きるといいます。{7f0a}{7f02}{7f04}{7f22}「神よ　どうか姫さまと{7f02}わが国を　お守りください。{0000},0x0A60
"",{7f04}{7f23}「姫さま！　まずは王に会い{7f02}ごあいさつをなさいませ！{7f02}それが礼儀というものですぞ！{0000},0x0A98
"",{7f04}{7f22}「姫さまの　うれしそうな顔。{7f02}ああ　旅にごいっしょできて{7f02}よかった……！{0000},0x0ABC
"",{7f04}{7f22}「店の多さから見ても{7f02}この国が　栄えていることが{7f02}わかります。さすがはエンドール。{0000},0x0ADA
"",{7f04}{7f21}「エンドールで　はやりの{7f02}戦い方って　どんなかしら。{7f02}剣？　オノ？　それとも素手で？{7f0a}{7f02}{7f04}{7f21}「これだけ大きな町だもの{7f02}きっと強い人が　たくさん{7f02}いるんでしょうね。うっとり……。{0000},0x0AFE
"",{7f04}{7f23}「こんな　ちゃらちゃらした町。{7f02}さわがしくて　落ちつかぬわ。{7f02}じいは　好きではありませんな！{0000},0x0B49
"",{7f04}{7f21}「同じ城下町でも　サランとは{7f02}建物も人の多さも　大ちがいね！{7f02}すごいわ　びっくりしちゃう。{0000},0x0B72
