"",おんや　強いお姫さま！{7f02}ごきげんよう　ですだ。{7f0b}{0000},0x0018
"",まあ　あなたが優勝者？{7f02}で　賞品は何でしたの？{7f0a}{7f02}え？　何ももらえない？{7f02}なのにあんなに　がんばったの？{7f02}あなたも　物好きねぇ……。{7f0b}{0000},0x002B
"",この家の　おじょうさんは{7f02}いっつも　空ばっか見て{7f02}おかしな人だなや～。{7f0b}{0000},0x005E
"",うちは　先祖代々{7f02}ずーっと　お金持ちですの。{7f02}おほほほほ。{7f0b}{0000},0x007B
"",手のこんだ細工が　ほどこされた{7f02}レリーフだ。{7f0b}{0000},0x0093
"",高価そうなヨロイが　かざられている。{7f0b}{0000},0x00A7
"",{7f04}{7f21}「空を見たとか　おてんばとか{7f02}そのくらいの事で　いちいち{7f02}さわがないでほしいわ。もう。{0000},0x00B8
"",{7f04}{7f23}「フン。この程度の富で{7f02}なにを　えらそうに。{7f02}イヤな女主人ですな！{0000},0x00DA
"",{7f04}{7f22}「富めるものの魂は{7f02}天国から遠い……　と{7f02}教会では　教えています。{7f0a}{7f02}{7f04}{7f22}「もちろん　姫さまや{7f02}サントハイム王は　別ですが。{0000},0x00F7
