"",デスピサロは　消え{7f02}魔物たちも　出なくなった……。{7f0a}{7f02}このふたつには　何か{7f02}関係が　あるのでしょうか。{7f0b}{0000},0x0018
"",うちの娘は　近ごろ{7f02}空を　見てばかりいます。{7f02}いったい　どうしたんでしょうか……。{7f0b}{0000},0x0042
"",すやすや……。{7f0b}{0000},0x0062
"",やや　あなた方も　武術大会に？{7f02}しかし　思うのですが……。{7f0a}{7f02}王様が　こうまでして{7f02}強い者を　集めるのには{7f02}何か　わけがありそうですな。{7f0b}{0000},0x0068
"",むずかしそうな本の間に　一冊だけ{7f02}「めざせモテモテ男！　初級編」と{7f02}書かれた本がある……。{7f0b}{0000},0x009E
"",{7f04}{7f23}「デス{7f31}と魔物……。{7f02}このじいの　思い過ごしだと{7f02}よいのですが。フーム。{0000},0x00C7
"",{7f04}{7f23}「ならば　さっさと　娘を{7f02}家の中に連れもどせばよいものを。{7f02}口先ばかりではないか。ぶつぶつ。{0000},0x00E5
"",{7f04}{7f21}「空を見たとか　おてんばとか{7f02}そのくらいの事で　いちいち{7f02}さわがないでほしいわ。もう。{0000},0x010C
"",{7f04}{7f23}「フム。わけあり……とは。{7f02}ますます王に　お会いせねば。{7f02}さあさ　城へ参りましょう！{0000},0x012E
"",{7f04}{7f21}「わけは　どうでもいいわ。{7f02}武術大会で　思うぞんぶん{7f02}あばれられれば　それで十分よ。{0000},0x0152
