"",この店を　買いとって{7f02}ここで　商売をしたいという人が{7f02}どこかに　おらんかのう。{7f0b}{0000},0x0018
"",ぐうぐう……。{7f0b}{0000},0x0035
"",え？　下の店は　休みかじゃと？{7f0a}{7f02}ああ　わしも　もう年でな。{7f02}この店を売って　そのお金で{7f02}隠居でも　したいんじゃが……。{7f0a}{7f02}ここで　商売をしたいという人が{7f02}どこかに　おらんかのう。{7f0a}{7f02}なに？　店を買いたい？{7f02}商人でもない　あんたらには{7f02}ムリじゃ。　やめときなされ。{7f0b}{0000},0x003C
"",「だじゃれで　ハッピーライフ」と{7f02}書かれた本がある。{7f02}{7f4b}は　手にとって読んだ。{7f0a}{7f02}健康のひけつ　幸福のひけつ{7f02}夫婦円　商売はんじょう{7f02}すべての源は　だじゃれにあり。{7f0a}{7f02}おはようのかわりに{7f02}おやすみのかわりに{7f02}ナイスなだじゃれで　明るい笑いを。{7f0a}{7f02}めざせ　町の人気者！{7f02}笑う角には　福きたる。{7f0b}{0000},0x009F
"",なんと　本の間に手紙がはさまっていた。{7f02}{7f4b}は　手紙を読んだ。{7f0a}{7f02}お父さん　お元気ですか？{7f02}そろそろ店をたたんで　私たちと{7f02}いっしょに　暮らしましょうよ。{7f0a}{7f02}もう　年なんだし{7f02}お父さんひとりでは　心配だわ。{7f02}　　　　　　　　あなたの愛する娘より{7f0b}{0000},0x0118
"",{7f04}{7f22}「たとえ　小さな家でも{7f02}ささやかな幸せを築ければ……。{7f02}いえっ　何も言っておりません！{0000},0x0175
