"",オレ……{7f02}サインしてもらおうかなあ。{7f0b}{0000},0x0018
"",えー！　あなたが{7f21}姫！？{7f02}おめでとう！　どんどん飲んでね！{7f02}あたしの　おごりよ！{7f0b}{0000},0x0028
"",そうだよな。{7f02}まあ　行きたくても{7f02}当分は　行けそうにないよな。{7f0b}{0000},0x0047
"",橋が　壊れていたろう。{7f02}まったく　悪いことをする奴が{7f02}いるよなあ。{7f0b}{0000},0x0061
"",よう　あんたら{7f02}北のほうには　行ってみたかい？{0000},0x007C
"",やだわー　よっぱらったかしら。{7f02}ぽっ。{7f0b}{0000},0x008E
"",仕事のあとの　一杯は{7f02}さいこーですなあ。{7f0b}{0000},0x009E
"",うい～。また　負けちまった。{7f02}かあちゃんに　なんて言おう……。{7f0b}{0000},0x00AF
"",いらっしゃい。{7f02}ゆっくり　飲んでいってね。{7f0b}{0000},0x00C9
"",{7f04}{7f21}「サインなんて名前の技{7f02}あったかしら？{7f02}覚えてないわねー。{0000},0x00DA
"",{7f04}{7f21}「あー　もう　わかった！{7f02}わかったわよ！　うるさいわねー。{0000},0x00F4
"",{7f04}{7f23}「いけません　姫さま！{7f02}このような　いやしい飲み物。{7f02}仮にも　一国の姫君が……{0000},0x010B
"",{7f04}{7f21}「おごりなんて{7f02}うれしいわね。{7f02}さっそくいただきましょ。{0000},0x012C
"",{7f04}{7f23}「昼間っから　酒！？{7f02}まこと　エンドールの国は{7f02}乱れておりますな！{0000},0x0143
"",{7f04}{7f22}「私は　神に仕える身ですので{7f02}飲酒は　禁じられております。{7f02}それにもともと下戸でして。{0000},0x0161
"",{7f04}{7f22}「北のほう……うっぷ。{7f02}こ　この人　どうも{7f02}酒くさくて　たまりません。{0000},0x0186
"",{7f04}{7f22}「姫さまに向かって{7f02}あんた　とは　なんたる無礼者！{7f0a}{7f02}{7f04}{7f22}「し　しかも　息が{7f02}酒くさい……　ううっ吐き気が。{0000},0x01A3
"",{7f04}{7f22}「酒場の空気は　どうも{7f02}酒くさくて……　うっぷ。{0000},0x01CF
"",{7f04}{7f21}「たしかに　体を動かしたあと{7f02}お水を飲むと　おいしいわね。{7f02}お酒だともっとおいしいのかしら？{0000},0x01E4
"",{7f04}{7f23}「夜ともなると　いっそう{7f02}あの娘も　つやを増して……。{7f0a}{7f02}{7f04}{7f23}「いやいや！{7f02}何でもございませんぞ。{0000},0x020A
"",{7f04}{7f22}「私は　神に仕える身ですので{7f02}飲酒は　禁じられております。{7f02}それにもともと下戸でして。{0000},0x0233
"",{7f04}{7f23}「姫！　酔っぱらいなど{7f02}相手にしては　なりませんぞ！{0000},0x0258
"",{7f04}{7f21}「負けた？　この男の人も{7f02}武術大会に　出たのかしら？{0000},0x026F
