"",優勝　おめでとうございます。{7f0a}{7f02}これからの　あなたの旅が{7f02}幸運でありますように。{7f0b}{0000},0x0018
"",おお！　あなたが{7f02}ちからだめしの旅に出たという{7f02}{7f21}姫さま　でしたか。{7f0a}{7f02}わたしら　商人仲間では{7f02}ウワサのまと　だったのですよ。{7f0b}{0000},0x0039
"",戦いでは　デスピサロという者が{7f02}勝ち進んでいるが{7f02}どうも　不吉な名前だな……。{7f0b}{0000},0x006D
"",ぐうぐう……。{7f02}デスピサロ様　そこよー！{7f02}むにゃむにゃ……。{7f0b}{0000},0x008F
"",すやすや……。{7f0b}{0000},0x00AA
"",戦士たちの戦いを　見るため{7f02}はるばる　やってきました。{7f0a}{7f02}あなたに　勝利の歌を{7f02}ささげましょう。{7f0a}{7f02}右手に　鉄の爪　ラララー。{7f0b}{0000},0x00B1
"",地下にある　カジノには{7f02}行きましたか？{7f0a}{7f02}いや～　今日は{7f02}もうけちゃいましたよ。{7f02}わっはっはっ。{7f0b}{0000},0x00E5
"",{7f04}{7f21}「いったん　サントハイムへ{7f02}戻りましょう。{7f02}お父さま……何があったの？{0000},0x010E
"",{7f04}{7f23}「アホ商人どもめ！{7f02}まーた　よけいなウワサ話を{7f02}広めよる　つもりじゃな！{0000},0x012E
"",{7f04}{7f22}「デス{7f31}という名。{7f02}どうも　いやな予感がしますが{7f02}何者なのでしょうか？{0000},0x0150
"",{7f04}{7f21}「デス{7f31}だって{7f02}私にかかれば　イチコロよ。{7f02}ぜったい優勝するんだから！{0000},0x016E
"",{7f04}{7f23}「歌はひどいが　あの詩人{7f02}かなりの魔法の使い手と見た。{7f02}人は　見かけによらぬものですな。{0000},0x018F
"",{7f04}{7f21}「鉄の爪　鉄の爪～。{7f02}こんな歌なら　歌ってもいいわね。{7f02}右手に鉄の爪～　ラララ～。{0000},0x01B4
"",{7f04}{7f23}「名は　そのものの真の姿を{7f02}あらわすと言いますな。{7f0a}{7f02}{7f04}{7f23}「ならば　不吉な名を持つ者は{7f02}わざわいの運び手……いや{7f02}これは考えすぎか。ぶつぶつ。{0000},0x01D6
"",{7f04}{7f21}「この人　もしかして{7f02}デス{7f31}がこわいのかしら？{7f02}でも　私は平気よ！{7f0a}{7f02}{7f04}{7f21}「誰が　相手だって{7f02}負けるはずがないわ。{7f02}みーんな　やっつけてやる。{0000},0x0214
"",{7f04}{7f22}「デス{7f31}という名。{7f02}どうも　いやな予感がしますが{7f02}何者なのでしょうか？{0000},0x0250
"",{7f04}{7f21}「デス{7f31}って　きっと{7f02}武術大会の出場者ね。{7f02}うふふ　わくわくしてきちゃう！{0000},0x026E
"",{7f04}{7f23}「歌はひどいが　あの詩人{7f02}かなりの魔法の使い手と見た。{7f02}人は　見かけによらぬものですな。{0000},0x0291
"",{7f04}{7f21}「鉄の爪って　とっても{7f02}すてきな響き……。{7f02}ああ　鉄の爪……うっとり……。{0000},0x02B6
"",{7f04}{7f23}「カジノに落とした　ムダ金は{7f02}エンドール王の懐に入るのですぞ！{7f02}かけ事など　もってのほか！{0000},0x02D3
"",{7f04}{7f21}「エンドールって　ほんと{7f02}面白そうなもの　ばっかりね。{7f02}でも　カジノより武術大会よ！{0000},0x02FD
