"",スロットマシーンがあります。{7f02}やってみますか？{0000},0x0018
"",なーに　ツキはそのうち{7f02}やって来るさ。{7f02}ここは耐えて　がんばれよ！{7f0b}{0000},0x002D
"",よーし　それなら強気でいくんだ。{7f02}勝ってるは　強気だぜ！{7f0b}{0000},0x0049
"",どうだ？　もうかってるか？{0000},0x0063
"",おお！　今日の稼ぎが{7f02}ぜんぶパーです。とほほ……。{7f0b}{0000},0x006E
"",いくら　勝ったところで{7f02}コインは　お金には戻らない。{7f0a}{7f02}ムリをせず{7f02}余ったお金で　楽しむのが{7f02}利口な　やり方だろう。{7f0b}{0000},0x0085
"",コインが　たまったら{7f02}右の交換所で{7f02}品物に　替えることができます。{7f0b}{0000},0x00B7
"",今日は　どうも　ついてないわねえ。{7f0b}{0000},0x00D5
"",やったー！{7f02}ダブルアップで　８枚が１６枚！{7f02}もう　やみつきだぜ！{7f0b}{0000},0x00E4
"",ようこそ　カジノへ。{7f0a}{7f02}ここでは　コインしか使えません。{7f02}そちらの　キャッシャーで{7f02}コインを　買ってくださいね。{7f0b}{0000},0x0103
"",{7f04}{7f23}「もし　最悪の事態でも{7f02}こうして姫が　ご無事なら……。{7f0a}{7f02}{7f04}{7f23}「いや！　そんなはずはない。{7f02}この{7f23}　少々　考えすぎの{7f02}ようですな。{0000},0x0133
"",{7f04}{7f22}「私は　できれば{7f02}すぐにでも　サントハイムへ{7f02}旅立ちとうございます。{0000},0x0169
"",{7f04}{7f22}「かけ事は　あまり{7f02}おすすめいたしませんが……。{0000},0x0188
"",{7f04}{7f21}「サントハイムで何が……{7f02}どうしてあの兵士は死んで……{7f02}ぶつぶつ……。{0000},0x019E
"",{7f04}{7f23}「ケチだ　ケチだと　人々に{7f02}ののしられようと　最後に笑うのは{7f02}ケチな人間なのです。{7f0a}{7f02}{7f04}{7f23}「ゆめゆめ　うかれて{7f02}カジノに金をつぎこんでは{7f02}なりませんぞ！{0000},0x01BE
"",{7f04}{7f22}「若い娘さんが　あんな薄着で{7f02}働かされているだなんて。{7f02}かわいそうに　寒くないんでしょうか。{0000},0x01FF
"",{7f04}{7f21}「うちの国も　カジノを開けば{7f02}けっこう　もうかりそうね。{7f02}お父さまに言ってみようっと。{0000},0x0227
"",{7f04}{7f23}「ば　バニー……！{7f0a}{7f02}{7f04}{7f23}「エンドールも　これで{7f02}捨てたものではないやも知れぬ。{7f02}ああ　あのヒップが呼んでいる。{0000},0x024C
"",{7f04}{7f23}「大きくかければ　損も大きい。{7f02}小金を　コツコツふやすのが{7f02}かしこい　やり方です。{0000},0x027D
"",{7f04}{7f23}「カジノに落とした　ムダ金は{7f02}エンドール王の懐に入るのですぞ！{7f02}かけ事など　もってのほか！{7f0a}{7f02}{7f04}{7f23}「とはいえ　負けなければ{7f02}よいというものでして。{7f02}多少でしたら　気晴らしになるかと。{0000},0x02A2
"",{7f04}{7f22}「かけ事は　あまり{7f02}おすすめいたしませんが……。{0000},0x02EF
"",{7f04}{7f21}「昼でも夜でも　この活気。{7f02}カジノの中にいると{7f02}間を　忘れちゃうわね。{0000},0x0304
"",{7f04}{7f21}「城下町より　人が多いわ！{7f02}うーん　カジノって{7f02}そんなに楽しいのかしら？{0000},0x0325
