"",これから　サントハイムへ{7f02}お帰りですか？{7f02}どうぞ　お気をつけて！{7f0b}{0000},0x0018
"",この扉の向こうは{7f02}エンドールの　お城……。{7f0a}{7f02}おお　{7f21}姫さまでしたか。{7f02}優勝　おめでとうございます。{7f0b}{0000},0x0035
"",この扉の向こうは{7f02}エンドールの　お城だ。{7f0a}{7f02}しかし　今は夜ふけ。{7f02}また明日　出直してくるのが{7f02}よいだろう。{7f0b}{0000},0x005E
"",あーあ　オレも武術大会を{7f02}見物しに　行きたいぜ。{7f0b}{0000},0x0089
"",この扉の向こうは{7f02}エンドールの　お城だ。{7f0b}{0000},0x00A0
"",{7f04}{7f23}「ともあれ　一度は{7f02}サントハイムに戻りますぞ。{7f02}よろしいですな。{0000},0x00B1
"",{7f04}{7f21}「この人に　私が{7f02}武術大会で　活やくする姿を{7f02}見せてあげたいわね。{0000},0x00CE
"",{7f04}{7f23}「年ごろの　姫君が{7f02}このような夜ふけに　ふらふらと{7f02}出歩くものではありませんぞ！{0000},0x00EC
"",{7f04}{7f21}「ダメって言われると{7f02}よけい燃えるのよね　私。{7f02}さあ　こっそり　行きましょ！{0000},0x0110
"",{7f04}{7f23}「フム。城の守りの固さは{7f02}それだけ　外敵が強いということ。{7f0a}{7f02}{7f04}{7f23}「平和な　わが国と違い{7f02}この大陸の国々は　いろいろと{7f02}いさかいも　あるようですな。{0000},0x0131
"",{7f04}{7f22}「このような　夜ふけに{7f02}お城をたずねるのは　いささか{7f02}気がひけますけれども……。{0000},0x016D
"",{7f04}{7f21}「ずいぶん立派なお城ね。{7f02}この厚い壁は　さすがの私も{7f02}けやぶれそうにないわ。{0000},0x018E
"",{7f04}{7f23}「まずは　エンドール王に会い{7f02}ごあいさつを　いたしませんと。{7f02}それが礼儀というものですぞ！{0000},0x01AE
"",{7f04}{7f23}「どいつもこいつも{7f02}武術大会　武術大会と{7f02}つまらんことで　さわぎおって！{7f0a}{7f02}{7f04}{7f23}「姫さまが　どんどん{7f02}その気になるではないか！{7f02}まったくけしからん。ぶつぶつ……。{0000},0x01D4
"",{7f04}{7f21}「私も　早く武術大会に出たい！{7f02}ねえねえ　いいでしょ？{7f02}いいわよね　出場しても。{0000},0x0216
"",{7f04}{7f23}「フム。城の守りの固さは{7f02}それだけ　外敵が強いということ。{7f0a}{7f02}{7f04}{7f23}「平和な　わが国と違い{7f02}この大陸の国々は　いろいろと{7f02}いさかいも　あるようですな。{0000},0x0239
"",{7f04}{7f22}「これだけ立派なお城です。{7f02}住んでいる　エンドール王も{7f02}さぞや　よき王なのでしょう。{0000},0x0274
"",{7f04}{7f21}「ずいぶん立派なお城ね。{7f02}この厚い壁は　さすがの私も{7f02}けやぶれそうにないわ。{0000},0x0298
