"",デスピサロ……。{7f02}やつは　いったい何者だったのか。{7f02}結局　なぞの男だったな。{7f0b}{0000},0x0018
"",きゃー！　{7f21}さまっ。{7f02}私　おうえんしてました！{7f02}すっごく　かっこよかったです。{7f0b}{0000},0x0039
"",なんと　うわさでは{7f02}デスピサロが消えたころから{7f02}魔物たちも　出なくなったそうじゃ。{7f0b}{0000},0x0059
"",うわっ　本物の{7f21}姫だ！{7f02}いや　失礼しました。{7f02}優勝　おめでとうございます。{7f0b}{0000},0x007D
"",ぐうぐう……。{7f0b}{0000},0x009E
"",まったく　何人の戦士が{7f02}デスピサロに　殺されたことか…。{7f0a}{7f02}これでは　まるで{7f02}強い者を集めて{7f02}ほうむっているようなものですよ。{7f0b}{0000},0x00A6
"",こんな夜更けに{7f02}お城に　入ってくるとは！{7f0a}{7f02}わたしが　見つけた以上{7f02}黙っているわけには　ゆかぬ。{7f02}ささ　立ち去られよ！{7f0b}{0000},0x00DB
"",ここの王様は　軽はずみで{7f02}思ったことを　すぐに　{7f02}実行しちゃうんです。困ったもんだ。{7f0b}{0000},0x0110
"",武術大会の　優勝者は{7f02}ここの　お姫さまと{7f02}結婚できるんですよ。{7f0a}{7f02}お姫さまも　かわいそうに……。{7f0b}{0000},0x0136
"",コロシアムへ　行きたいなら{7f02}この廊下をまっすぐ進み{7f02}階段を　降りるといい。{7f0b}{0000},0x015E
"",もし　武術大会に出るのなら{7f02}デスピサロという男に{7f02}気をつけろ。{7f0a}{7f02}とてつもなく　強く　しかも{7f02}相手の息の根を　止めるまで{7f02}戦いを　やめぬのだ。{7f0b}{0000},0x0183
"",近ごろ　このエンドールにも{7f02}魔物どもが出るように{7f02}なりましてな。{7f0a}{7f02}それで王様は　強い者たちを{7f02}集めるつもりで　武術大会を{7f02}開くようになったのじゃが……。{7f0b}{0000},0x01C1
"",王様は　この上におわします。{7f0b}{0000},0x0203
"",大きな絵が　かざられている。{7f02}どうやら　王国の歴史を{7f02}伝えるもののようだ。{7f0b}{0000},0x0210
"",{7f04}{7f23}「あの　アホ王のおかげで{7f02}また姫さまに　ハクがついて{7f02}しまったではないか！ぶつぶつ。{0000},0x0231
"",{7f04}{7f23}「ぶつぶつ。姫君というものは{7f02}かっこいい　ではなく{7f02}うつくしくあらねばならぬものを。{0000},0x0255
"",{7f04}{7f22}「きゃーきゃーと{7f02}さわぎたくなる　その気持ち{7f02}いたいほど　わかります。{0000},0x0278
"",{7f04}{7f21}「私って　もしかして{7f02}女の子に好かれるタイプなの？{0000},0x0297
"",{7f04}{7f23}「デス{7f31}という名を聞くと{7f02}なにやら　胸がざわめきますな。{7f02}……不吉な。{0000},0x02B0
"",{7f04}{7f21}「結局　デス{7f31}は{7f02}ただの　弱虫だったじゃない。{7f02}みんな　考えすぎよ。{0000},0x02CF
"",{7f04}{7f23}「デス{7f31}……。{7f02}どうも　気になりますな。{0000},0x02EF
"",{7f04}{7f22}「魔物とデス{7f31}の間には{7f02}なんらかの　つながりが……？{7f02}いや　そんなことが。うーむ。{0000},0x0301
"",{7f04}{7f21}「別にかみついたりしないのに。{7f02}兵士にしては　気の小さい人ね。{0000},0x0325
"",{7f04}{7f23}「しかし　武術大会優勝とは。{7f02}よろこんでよいものか　まったく。{7f02}年ごろの姫ともあろう者が。ぶつぶつ。{0000},0x0341
"",{7f04}{7f22}「城のみなさんの顔も{7f02}はればれと　していますね。{7f02}よかった。{0000},0x036B
"",{7f04}{7f21}「エンドールの王さまって{7f02}お父さまと同じくらいの{7f02}お年なんですって。{7f0a}{7f02}{7f04}{7f21}「前に　大臣から{7f02}聞いたことがあるわ。{7f02}昔は　お友達だったって。{0000},0x0385
"",{7f04}{7f21}「お父さまに　ご報告したら{7f02}その後は　どこに行こうかしら？{7f02}海を越えてみたい気もするし……。{7f0a}{7f02}{7f04}{7f21}「うーん　でも　山のほうも{7f02}面白そうだし。迷うわね。{0000},0x03C1
"",{7f04}{7f22}「姫を賞品のかわりに　とは{7f02}エンドール王は　いったい{7f02}何を考えておられるのか。{7f0a}{7f02}{7f04}{7f22}「サントハイム王であれば{7f02}そのような横暴は　けして{7f02}なさらないはずです！{0000},0x0405
"",{7f04}{7f21}「姫さまの　ためにも{7f02}ぜったい優勝しなきゃね！{7f02}あ　でも……。{7f0a}{7f02}{7f04}{7f21}「優勝したら大会は終わり？{7f02}すんなり勝っちゃったら{7f02}もう　楽しめないのか。うーん。{0000},0x0449
"",{7f04}{7f23}「デス{7f31}という名を聞くと{7f02}なにやら　胸がざわめきますな。{7f02}……不吉な。{0000},0x0488
"",{7f04}{7f21}「デス{7f31}は　まちがってる。{7f02}試合は　殺しあいじゃないわ。{7f0a}{7f02}{7f04}{7f21}「そこのところを　私が{7f02}必殺のパンチとキックで{7f02}よーく教えてあげなきゃね。{0000},0x04A8
"",{7f04}{7f21}「よりすぐりの強い人たちが{7f02}この武術大会に　集まってるのね。{7f02}ああ　腕が鳴るわ！{0000},0x04E6
"",{7f04}{7f23}「武術大会優勝の姫　よりは{7f02}クマを素手で倒した姫　のほうが{7f02}まだ人聞きがよいような。ぶつぶつ。{0000},0x050A
"",{7f04}{7f23}「わが城よりも　いくぶん{7f02}広いようですが　つくりは{7f02}サントハイムのほうが上品ですな。{0000},0x0534
"",{7f04}{7f22}「武術大会で　姫さまに{7f02}おケガがなければよいのですが。{0000},0x055A
"",{7f04}{7f21}「王や姫の期待を{7f02}うらぎるわけには　いかないわ。{7f02}武術大会で　優勝しなくちゃ！{0000},0x0573
"",{7f04}{7f21}「早くコロシアムへ{7f02}行きましょうよ！{7f0a}{7f02}{7f04}{7f21}「モタモタしてると{7f02}日がくれちゃうわよ。{7f02}ほら　早く！{0000},0x0596
"",{7f04}{7f23}「この男の言葉がたしかなら{7f02}デス{7f31}という者{7f02}ずいぶん頭が回るようですな。{7f0a}{7f02}{7f04}{7f23}「うーむ　やはり{7f02}姫さまを　お止めするべきか。{7f02}ぶつぶつ……。{0000},0x05C5
"",{7f04}{7f21}「デス{7f31}の天下も{7f02}これまでよ。{7f0a}{7f02}{7f04}{7f21}「私が　来たからには{7f02}もう　好きなようには{7f02}させないんだから！{0000},0x0603
"",{7f04}{7f23}「さっさと　宿屋で{7f02}のんびりしたいものですがな。{7f02}まったく。ぶつぶつぶつ。{0000},0x062E
"",{7f04}{7f23}「夜の城で　しのび足など{7f02}まるで　どろぼうではないか！{7f02}あー　なさけないっ。ぶつぶつ。{0000},0x064D
"",{7f04}{7f22}「まさか　このお城{7f02}ゆ　ゆうれいが出たり{7f02}しませんよね？　しませんよね？{0000},0x0672
"",{7f04}{7f21}「エンドールの王さまって{7f02}お父さまと同じくらいの{7f02}お年なんですって。{7f0a}{7f02}{7f04}{7f21}「前に　大臣から{7f02}聞いたことがあるわ。{7f02}昔は　お友達だったって。{0000},0x0693
"",{7f04}{7f21}「足音　たてちゃダメよ？{7f02}おしゃべりも　小さな声でね。{7f02}見つからないように　そーっと……{0000},0x06CE
"",{7f04}{7f23}「器でない者が　玉座に座ると{7f02}国民は　苦労するようですな。{7f02}ほっほっほ　かわいそうに。{0000},0x06F7
"",{7f04}{7f22}「姫を賞品のかわりに　とは{7f02}エンドール王は　いったい{7f02}何を考えておられるのか。{7f0a}{7f02}{7f04}{7f22}「サントハイム王であれば{7f02}そのような横暴は　けして{7f02}なさらないはずです！{0000},0x071E
"",{7f04}{7f21}「ここのお姫さまも{7f02}強い人が好きなのかしら？{7f02}でもかわいそうって　どういうこと？{0000},0x0762
"",{7f04}{7f23}「デス{7f31}という名を聞くと{7f02}なにやら　胸がざわめきますな。{7f02}……不吉な。{0000},0x0784
"",{7f04}{7f21}「デス{7f31}は　まちがってる。{7f02}試合は　殺しあいじゃないわ。{7f0a}{7f02}{7f04}{7f21}「そこのところを　私が{7f02}必殺のパンチとキックで{7f02}よーく教えてあげなきゃね。{0000},0x07A4
"",{7f04}{7f22}「では出場者は　やがては{7f02}近衛兵として　エンドールに{7f02}雇われるのでしょうか？{7f0a}{7f02}{7f04}{7f22}「となると　姫さまの出場に{7f02}賛成は　できかねますが{7f02}……いや　しかし。{7f0a}{7f02}{7f04}{7f22}「対戦者をなぎ倒す　姫の姿を{7f02}想像すると　よろめいてしまう。{7f02}ああ　私はなんて弱い人間なんだ。{0000},0x07E2
"",{7f04}{7f21}「よりすぐりの強い人たちが{7f02}この武術大会に　集まってるのね。{7f02}ああ　腕が鳴るわ！　早く戦いたい！{0000},0x0851
"",{7f04}{7f23}「わが城よりも　いくぶん{7f02}広いようですが　つくりは{7f02}サントハイムのほうが上品ですな。{0000},0x087C
"",{7f04}{7f23}「まずは　エンドール王に会い{7f02}ごあいさつを　いたしませんと。{7f02}それが礼儀というものですぞ！{0000},0x08A1
"",{7f04}{7f22}「姫さま　{7f23}様はともかく{7f02}ただの神官の私が　よその国の{7f02}王に　お目通りを……とは。{7f0a}{7f02}{7f04}{7f22}「やはり　外で{7f02}待っていたほうがよいのでは。{7f02}身分というものが　ありますし。{0000},0x08C9
"",{7f04}{7f21}「エンドールの王さまって{7f02}お父さまと同じくらいの{7f02}お年なんですって。{7f0a}{7f02}{7f04}{7f21}「前に　大臣から{7f02}聞いたことがあるわ。{7f02}昔は　お友達だったって。{0000},0x0910
"",{7f04}{7f21}「サントハイムのお城は{7f02}かわいいカンジだったけど{7f02}このお城は　強そうなカンジね。{7f0a}{7f02}{7f04}{7f21}「やっぱり　武術大会を{7f02}開くだけのことはあるわ！{0000},0x094B
