"",{7f21}姫の　なんとお強いこと。{7f02}感いたしましたぞ。{7f0b}{0000},0x0018
"",デスピサロ……。{7f02}じつに　不吉な名前じゃ。{7f0b}{0000},0x002C
"",ありがとうございました。{7f02}これで　いやな結婚を{7f02}しなくてもすみますわ。{7f0a}{7f02}でも　もしもアリーナさまが{7f02}男の人だったら……。{7f0a}{7f02}あら　私は　{7f02}何を言ってるのかしら。{7f02}どうか　聞き流してください。{7f0b}{0000},0x0041
"",{7f04}王「{7f21}姫よ{7f02}よくぞ　優勝してくれた。{7f02}心から　礼を言うぞ！{7f0a}{7f02}{7f04}王「このことを　知らせれば{7f02}父上の　サントハイム王も{7f02}さぞかし　よろこぶはず。{7f0a}{7f02}{7f04}王「ひとまずは　国に帰り{7f02}元気な姿を　見せてあげることじゃ。{7f0b}{0000},0x008F
"",{7f04}王「うむ！　このことを　知らせれば{7f02}父上の　サントハイム王も{7f02}さぞかし　よろこぶはず。{7f0a}{7f02}{7f04}王「ひとまずは　国に帰り{7f02}元気な姿を　見せてあげることじゃ。{7f0b}{0000},0x00EA
"",私からも　お礼を申し上げますわ。{7f02}{7f21}さま。{7f02}本当に　ありがとうございます。{7f0a}{0000},0x012E
"",{7f04}王「アリーナ姫よ{7f02}よくぞ　優勝してくれた。{7f02}心から　礼を言うぞ！{7f0a}{0000},0x014F
"",デスピサロ……不吉な名前じゃ。{7f0b}{0000},0x016C
"",王様と　姫さまは　{7f02}すでに　お休みでございます。{7f0b}{0000},0x017E
"",お父さまが　みなに{7f02}約束をしたため　私は優勝者と{7f02}結婚しなくてはなりません。{7f0a}{7f02}でも　もし優勝者が{7f02}女の人だったら　私は　無理な{7f02}結婚をしなくても　すむでしょう。{7f0a}{7f02}お願いでございます。{7f02}どうか　武術大会に{7f02}出てくださいまし！{7f0a}{7f02}アリーナ姫さま。{7f02}私は　自由に生きている{7f02}あなたを　うらやましく思いますわ。　{7f0b}{0000},0x0193
"",お父さまが　みなに{7f02}約束をしたため　私は優勝者と{7f02}結婚しなくてはなりません。{7f0a}{7f02}ああ……{7f02}私は　どうなってしまうの。{7f0b}{0000},0x0213
"",{7f04}王「して　{7f21}姫は{7f02}どうされたのじゃ？{7f0b}{0000},0x0243
"",{7f04}王「そこで　頼みがあるのじゃが{7f02}武術大会で　{7f02}ぜひとも　優勝してくれい！{7f0a}{7f02}{7f04}王「じつは　わしも{7f02}後悔しているのじゃよ。{7f02}{7f21}姫　どうか頼んだぞ！{7f0b}{0000},0x0254
"",{7f04}王「おお　よくぞ来た！{7f02}そなたらのことは　すでに{7f02}サントハイム王より　聞いているぞ。{7f0a}{7f02}{7f04}王「世界の行く末を　案じ{7f02}ちからだめしの旅とは{7f02}まことに　感心なり！{7f0a}{0000},0x0291
"",デスピサロ……。{7f02}どこかで聞いたような名前じゃが{7f02}思い出せんわい……。{7f0b}{0000},0x02D7
"",まったく　わが王は{7f02}とんでもない約束を　したものです。{7f02}姫の話を　聞いてやってくだされ。{7f0b}{0000},0x02F7
"",ここは　エンドール王の{7f02}お部屋です。{7f0b}{0000},0x031B
"",「すばらしいコロシアム」と{7f02}書かれた本がある。{7f02}{7f4b}は　手にとって読んだ。{7f0a}{7f02}わがエンドールのコロシアムは{7f02}現在の王により　建てられました。{7f0a}{7f02}武術大会をはじめ　さまざまな{7f02}王の思いつきによる　催し物で{7f02}国民の人気を　あつめています。{7f0a}{7f02}血わき　肉おどる　戦い！{7f02}夢とロマンあふれる　お芝居！{7f02}娯楽のすべては　コロシアムに！{7f0b}{0000},0x032C
"",「ひみつの　交換日記」と{7f02}書かれた本がある。{7f02}{7f4b}は　手にとって読んだ。{7f0a}{7f02}かわいいモニカ。{7f02}今日は　もう５０回も君のことを{7f02}思い出したよ。{7f0a}{7f02}朝ごはんの目玉やきも　お城の柱も{7f02}庭のネコも　池の魚も　屋根のカワラも{7f02}みーんな　君の顔に見えるんだ。{7f0a}{7f02}世界は　モニカであふれている！{7f02}モニカばんざい！{7f0a}{7f02}この日記は　いつもどおり{7f02}秘密のルートで　エンドールへ{7f02}送るからね。　　愛をこめて{7f0b}{0000},0x03C0
"",{7f04}{7f22}「姫さまが　ほめられると{7f02}うれしくて　顔がにやけます。{7f02}し　しっかりせねば。{0000},0x0470
"",{7f04}{7f21}「これからも　修行をつんで{7f02}もっともっと　強くならなきゃね！{7f02}人間　向上心が大切なのよ。{0000},0x0491
"",{7f04}{7f23}「デス{7f31}……。{7f02}やつの　たくらみは{7f02}これだけでは終わらぬ。{7f0a}{7f02}{7f04}{7f23}「じいには　そんな予感が{7f02}いたしますぞ。{0000},0x04B9
"",{7f04}{7f21}「デス{7f31}も　きっと{7f02}私の強さに　おそれをなして{7f02}逃げ出したに決まってるわ。{7f0a}{7f02}{7f04}{7f21}「強い　強いって聞いてたけど{7f02}ただの　おくびょう者じゃない。{7f02}あーあ　期待してソンしたわ。{0000},0x04E7
"",{7f04}{7f22}「こ　こんな所に{7f02}ライバルが……！{0000},0x0532
"",{7f04}{7f21}「私って　そんなに{7f02}かっこいいのかしら？{7f02}なんだか　てれるわね。{0000},0x0544
"",{7f04}{7f23}「アホ王のしりぬぐい　とはいえ{7f02}優勝自体は　めでたきこと。{7f02}姫。ご立派でしたぞ。{0000},0x055E
"",{7f04}{7f22}「こうして　姫さまの名は{7f02}エンドールから世界へと{7f02}ひびきわたるのですね。じーん……。{0000},0x0584
"",{7f04}{7f21}「優勝　優勝　うっれしいなー。{7f02}うふふっ　お父さまが知ったら{7f02}どんな顔をするかしらね！{0000},0x05AA
"",{7f04}{7f23}「フム。しかしまあ　姫君も{7f02}助かったことですし{7f02}よかったと言うべきですかな。{7f0a}{7f02}{7f04}{7f23}「それにしても　デス{7f31}。{7f02}あやつは　いったい……？{0000},0x05CF
"",{7f04}{7f22}「姫さまの　りりしい姿。{7f02}ああ……すばらしかった。{7f02}もう思い残すことはありません。{0000},0x0607
"",{7f04}{7f21}「優勝は　最初っから{7f02}わかってたけど　やっぱり{7f02}うれしいものね！{7f0a}{7f02}{7f04}{7f21}「国の　お父さまにも{7f02}ご報告しましょう！{0000},0x062A
"",{7f04}{7f23}「アホ……いやいや{7f02}軽はずみな王のために　姫君が{7f02}お困りとは　むごい話です。{7f0a}{7f02}{7f04}{7f23}「こうなれば　やはり{7f02}お助けするのが人情でしょうな。{0000},0x065B
"",{7f04}{7f22}「{7f21}姫ならば　きっと{7f02}自分に勝った者と結婚する　と{7f02}おっしゃるのでしょうね。{7f0a}{7f02}{7f04}{7f22}「……望みがなさすぎる。{0000},0x0696
"",{7f04}{7f21}「自由って言っても{7f02}まだ始まったばかりなんだけど。{7f02}ま　細かいことは　いいわ。{7f0a}{7f02}{7f04}{7f21}「同じ姫として　ぜひとも{7f02}助けてあげたいのよ。{0000},0x06C4
"",{7f04}{7f23}「あの　アホ……いや{7f02}軽はずみの王めの　せいで{7f02}なんたることに。ぶつぶつ。{0000},0x06FC
"",{7f04}{7f22}「姫さま　{7f23}様はともかく{7f02}ただの神官の私が　よその国の{7f02}王に　お目通りを……とは。{7f0a}{7f02}{7f04}{7f22}「やはり　外で{7f02}待っていたほうがよいのでは。{7f02}身分というものが　ありますし。{0000},0x071C
"",{7f04}{7f21}「あの姫はたぶん{7f02}私と同い年くらいね。{7f02}ずいぶん　ひよわそうだけど。{0000},0x0761
"",{7f04}{7f21}「エンドールの王さまって{7f02}お父さまと同じくらいの{7f02}お年なんですって。{7f0a}{7f02}{7f04}{7f21}「前に　大臣から{7f02}聞いたことがあるわ。{7f02}昔は　お友達だったって。{0000},0x077F
"",{7f04}{7f23}「夜の城で　しのび足など{7f02}まるで　どろぼうではないか！{7f02}あー　なさけないっ。ぶつぶつ。{0000},0x07BB
"",{7f04}{7f22}「やはり　朝を待って{7f02}出直したほうがよいのでは？{0000},0x07E1
"",{7f04}{7f21}「さすがに　王も{7f02}お休みの間みたいね。{7f0a}{7f02}{7f04}{7f21}「そういえば　お父さまも{7f02}夜は　早い方だったっけ。{7f02}お元気かしら　お父さま。{0000},0x07F9
"",{7f04}{7f23}「気楽に　頼みおって！{7f02}わが姫にもしもの事があったら{7f02}どうしてくれる。ぶつぶつ。{0000},0x082F
"",{7f04}{7f22}「姫さまが　他国の王に{7f02}心から　頼りにされている。{7f02}……感動です。援いたします！{0000},0x0852
"",{7f04}{7f21}「王　じきじきの　願いを{7f02}断るわけには　いかないわね。{7f0a}{7f02}{7f04}{7f21}「とにかく　武術大会で{7f02}私が優勝すればいいんでしょ？{7f02}カンタンじゃない。{0000},0x0876
"",{7f04}{7f23}「アホ……いやいや{7f02}軽はずみな王のために　姫君が{7f02}お困りとは　むごい話です。{7f0a}{7f02}{7f04}{7f23}「こうなれば　やはり{7f02}お助けするのが人情でしょうな。{0000},0x08B1
"",{7f04}{7f22}「{7f21}姫ならば　きっと{7f02}自分に勝った者と結婚する　と{7f02}おっしゃるのでしょうね。{7f0a}{7f02}{7f04}{7f22}「……望みがなさすぎる。{0000},0x08EB
"",{7f04}{7f21}「自由って言っても{7f02}まだ始まったばかりなんだけど。{7f02}ま　細かいことは　いいわ。{7f0a}{7f02}{7f04}{7f21}「同じ姫として　ぜひとも{7f02}助けてあげたいのよ。{7f02}武術大会　出てもいいでしょ？{0000},0x091A
"",{7f04}{7f23}「よその姫より　今は{7f02}われらが姫の身が大事。{7f02}早く　教会へ行かねば。{0000},0x095E
"",{7f04}{7f22}「なんと　おかわいそうな。{7f02}{7f21}姫が　お元気ならば{7f02}おちからに　なれたものを！{0000},0x097F
"",{7f04}{7f22}「デス{7f31}という名。{7f02}なにか　まがまがしい気配を{7f02}感じます。{0000},0x09A0
"",{7f04}{7f23}「そう　ふつうの姫ならば{7f02}あのように玉座にかしこまり{7f02}頼りなげにしているものです。{7f0a}{7f02}{7f04}{7f23}「それなのに　わが姫は。{7f02}あーなげかわしい。ぶつぶつ。{0000},0x09BA
"",{7f04}{7f21}「この国では　お父さまに{7f02}娘が　困らされてるってわけね。{7f02}私とちょうど　反対だわ。{0000},0x09F5
"",{7f04}{7f23}「まずは　エンドール王に会い{7f02}ごあいさつを　いたしませんと。{7f02}それが礼儀というものですぞ！{0000},0x0A1B
"",{7f04}{7f22}「姫さま　{7f23}様はともかく{7f02}ただの神官の私が　よその国の{7f02}王に　お目通りを……とは。{7f0a}{7f02}{7f04}{7f22}「やはり　外で{7f02}待っていたほうがよいのでは。{7f02}身分というものが　ありますし。{0000},0x0A43
"",{7f04}{7f21}「あの姫はたぶん{7f02}私と同い年くらいね。{7f02}ずいぶん　ひよわそうだけど。{0000},0x0A88
"",{7f04}{7f21}「エンドールの王さまって{7f02}お父さまと同じくらいの{7f02}お年なんですって。{7f0a}{7f02}{7f04}{7f21}「前に　大臣から{7f02}聞いたことがあるわ。{7f02}昔は　お友達だったって。{0000},0x0AA6
