"",まあ　{7f21}さま。{7f02}優勝おめでとうございます！{7f0b}{0000},0x0018
"",王様と　姫さまは{7f02}食事も終わって　お休みです。{7f02}さあ片づけなきゃ。せっせ　せっせ。{7f0b}{0000},0x0028
"",テーブルを　きれいにふかないと。{7f02}せっせ　せっせ。{7f0b}{0000},0x0049
"",カベには　高級そうな絵が{7f02}かざられている。{7f0b}{0000},0x005C
"",{7f04}{7f22}「姫さまは　ほんとうに{7f02}ご立派でございました。{7f02}ああ　思い出すと　涙が。{0000},0x006F
"",{7f04}{7f21}「お父さまに　はやく{7f02}優勝の　ご報告をしなくちゃ。{7f02}サントハイムに　帰りましょ！{0000},0x008C
"",{7f04}{7f23}「エンドールの召使いにも{7f02}働き者は　いるようですな。{0000},0x00AF
"",{7f04}{7f21}「お城のベッドを{7f02}思い出しちゃったわ。{7f02}ああ　フカフカの羽根ぶとん！{0000},0x00C6
