"",お姫さま　{7f02}変な男と　結婚しなくてすんで{7f02}ほんとに　よかったわ。{7f0b}{0000},0x0018
"",あなたが　{7f21}姫！？{7f02}ぜ　ぜひ　あくしゅして下さい！{7f0b}{0000},0x0032
"",どうも　女たちのおしゃべりは{7f02}とりとめがなくて{7f02}ついてゆけんな。{7f0b}{0000},0x0048
"",デスピサロっていう人{7f02}わたしは　どうも好きになれないわ。{7f02}姫さまに　生まれなくてよかった！{7f0b}{0000},0x0064
"",やっぱり　デスピサロ様が{7f02}優勝だよねえ。{7f02}かっこいいし……。{7f0b}{0000},0x0089
"",デスピサロに　気をつけるんだ！{7f0b}{0000},0x00A4
"",お姫さま　かわいそうだわね。{7f02}このままだと　デスピサロって人と{7f02}結婚させられるんじゃないかしら。{7f0b}{0000},0x00B2
"",いいことを　教えましょう。{7f02}夜　お城に入るには　番兵に{7f02}見つからぬようにするのだよ。{7f0b}{0000},0x00DB
"",よいしょ　よいしょ。{7f02}洗い物が多くて　たいへん！{7f0b}{0000},0x00FE
"",{7f04}{7f23}「デス{7f31}か……うーむ。{0000},0x0113
"",{7f04}{7f21}「デス{7f31}の　弱虫なんて{7f02}ぜんぜん　大したことなかったわ。{7f02}もうこの人も　安心していいのに。{0000},0x011E
"",{7f04}{7f22}「デス{7f31}は　本当に{7f02}姫君と結婚したいがために{7f02}武術大会に　出たのでしょうか？{0000},0x0144
"",{7f04}{7f21}「そんなに結婚がイヤなら{7f02}エンドールの姫も　お城から{7f02}抜け出せばよかったのに。{7f0a}{7f02}{7f04}{7f21}「この城なら　堀もあるし{7f02}着地に失敗したって{7f02}ケガはしないはずよ。{0000},0x0167
"",{7f04}{7f23}「アホ王の兵士は{7f02}やはり　頭が軽いようですな。{0000},0x01A8
"",{7f04}{7f22}「姫さまと　あくしゅ……。{7f02}そ　そんな大それた！！{7f02}はずかしいですっ。{0000},0x01BF
"",{7f04}{7f21}「あなたたちも　よかったら{7f02}あくしゅしてあげても　いいわよ？{7f02}優勝の記念にね。{0000},0x01DD
"",{7f04}{7f21}「優勝は　私よ　私！{7f02}もう　わかってないわねー。{0000},0x01FE
"",{7f04}{7f23}「よほど　デス{7f31}なる者に{7f02}ひどい目にあったと見える。{7f02}しかし　デス{7f31}とは何者か？{0000},0x0213
"",{7f04}{7f21}「まかせて！　あなたの分も{7f02}デス{7f31}に　パンチをくらわせるわ！{0000},0x0235
"",{7f04}{7f22}「デス{7f31}のねらいは{7f02}姫君だけではないはず。{7f02}なぜか　そんな気がします。{0000},0x0251
"",{7f04}{7f21}「そんなに結婚がイヤなら{7f02}エンドールの姫も　お城から{7f02}抜け出せばいいのに。{7f0a}{7f02}{7f04}{7f21}「この城なら　堀もあるし{7f02}着地に失敗したって{7f02}ケガはしないはずよ。{0000},0x026E
"",{7f04}{7f21}「せっかく教えてもらったのよ。{7f02}これは　夜のお城に来てみなきゃ！{0000},0x02AD
"",{7f04}{7f23}「うー　さむいさむいっ。{7f02}冷えると　足腰が痛むのです。{7f02}さっさと地上に戻りますぞ。{0000},0x02CA
"",{7f04}{7f22}「牢屋と台所が{7f02}いっしょになっているとは{7f02}おもしろいつくりですね。{0000},0x02F0
"",{7f04}{7f21}「いちおう　ここも{7f02}お城の一部……なのよね？{7f02}なんだかカビくさいけど。{0000},0x030D
"",{7f04}{7f23}「デス{7f31}……デス{7f31}……{7f02}どこかで聞いたような気が……。{7f02}いや　あれは……ぶつぶつ。{0000},0x032C
"",{7f04}{7f21}「デス{7f31}ねえ？{7f02}戦ってみないことには{7f02}私には　なんとも言えないわね。{0000},0x034F
"",{7f04}{7f22}「女性は　顔や身なりのよさを{7f02}なにより　重んじるのでしょうか。{7f02}……はぁー。{0000},0x036C
"",{7f04}{7f21}「いくら　かっこよくたって{7f02}弱かったら優勝できないのに。{7f02}ヘンな事を言う人ねえ。{0000},0x038E
"",{7f04}{7f23}「よほど　デス{7f31}なる者に{7f02}ひどい目にあったと見える。{7f02}しかし　デス{7f31}とは何者か？{0000},0x03B1
"",{7f04}{7f21}「やっぱり　みんな{7f02}人を見た目で判断するのね。{7f02}私の強さを　教えてあげたいわ。{0000},0x03D3
"",{7f04}{7f23}「おしゃべりな男には{7f02}ロクな人間が　おりませんな！{7f02}またもや　よけいな事を。ぶつぶつ。{7f0a}{7f02}{7f04}{7f23}「サントハイムの一行が{7f02}城にしのびこみ　つかまるなど{7f02}もってのほかというに！{0000},0x03F6
"",{7f04}{7f21}「せっかく教えてもらったのよ。{7f02}これは　夜のお城に来てみなきゃ！{0000},0x0440
