"",ダミー{7f0b}{0000},0x0018
"",{7f04}{7f23}「ここは　まったく{7f02}カビ臭くて　たまりませんな。{7f02}さっさと　通り過ぎましょう！{0000},0x001C
"",{7f04}{7f22}「秘密の地下道には　昔{7f02}処刑された囚人の　ゆうれいが……{7f0a}{7f02}{7f04}{7f22}「ああっ　想像してしまった！{7f02}ど　どうしよう　ブルブルッ。{0000},0x003A
"",{7f04}{7f21}「ずいぶん　あやしげな道ね。{7f02}魔物でも出れば面白いんだけど{7f02}お城の中じゃね。　あーあ。{0000},0x006B
"",{7f04}{7f23}「ここは　まったく{7f02}カビ臭くて　たまりませんな。{7f02}さっさと　通り過ぎましょう！{0000},0x008E
"",{7f04}{7f21}「ずいぶん　あやしげな道ね。{7f02}魔物でも出れば面白いんだけど{7f02}お城の中じゃね。　あーあ。{0000},0x00AC
