"",武術大会も　終わったので{7f02}コロシアムは　閉めてしまいました。{7f0b}{0000},0x0018
"",あっ　{7f21}姫さま！{7f02}優勝　おめでとうございます。{7f0b}{0000},0x0030
"",武術大会は　昼間だけ。{7f02}また　明日{7f02}出直して来るがよろしかろう。{7f0b}{0000},0x0044
"",ここは　コロシアム。{7f02}武術大会の　会場だ。{7f0b}{0000},0x0060
"",{7f04}{7f22}「まだ目にやきついています。{7f02}コロシアムの中央に向かう{7f02}姫さまの　背中のりりしいこと。{7f0a}{7f02}{7f04}{7f22}「大きな声援にこたえ{7f02}戦う姫さまの姿……うっとり。{0000},0x0072
"",{7f04}{7f21}「また　武術大会が{7f02}開かれればいいのに。{7f02}今度は　１０人勝ち抜きで！{0000},0x00AD
"",{7f04}{7f23}「祝いの言葉は　タダです。{7f02}いくらでも　言えるでしょうよ。{0000},0x00CC
"",{7f04}{7f22}「むっ　ここにも姫さまの{7f02}ファンがいるとは！{7f02}……フクザツな気分です。{0000},0x00E6
"",{7f04}{7f21}「こんなに　誰もかれも{7f02}私のこと　知ってるなんて。{7f0a}{7f02}{7f04}{7f21}「これじゃ　おちおち{7f02}壁をとびこえたり　けやぶったり{7f02}できないわね。{0000},0x0105
"",{7f04}{7f21}「ねえ　聞こえない？{7f02}コロシアムの歓声。{7f02}私を呼ぶ　あの声が！{0000},0x0139
"",{7f04}{7f22}「こ　こう静かだと{7f02}ゆうれいでも出そうですね。{7f02}……ぶるぶるっ。{0000},0x0154
"",{7f04}{7f23}「とうとうコロシアムまで{7f02}来てしまうとは……。{7f02}はあー　なんたることか。{0000},0x016F
"",{7f04}{7f21}「ねえ　聞こえない？{7f02}コロシアムの歓声が！{7f02}この感じ　ドキドキするわ！{0000},0x018C
