"",{7f21}姫さまですね。{7f02}健闘を　お祈りしています。{7f0b}{0000},0x0018
"",王様から　許可をいただいたのは{7f02}アリーナ姫さま　だけです。{7f02}しかし　そのありさまでは……。{7f0b}{0000},0x002A
"",登録されていない者は{7f02}試合に参加できません。王様から{7f02}許可を　もらってきてください。{7f0b}{0000},0x004E
"",試合に参加するなら　左。{7f02}見るだけなら　右の階段を{7f02}登るがよい。{7f0b}{0000},0x0071
"",{7f04}{7f22}「神よ　姫さまを{7f02}どうぞ　お守り下さい……。{0000},0x008C
"",{7f04}{7f21}「さあ　行くわよ！{7f02}武術大会　武術大会っと。{0000},0x00A0
"",{7f04}{7f23}「姫の知らぬうちに{7f02}すべて　かたづけようと思うたが{7f02}うーむ　アホ王め。{0000},0x00B4
"",{7f04}{7f22}「われわれでは　とても{7f02}武術大会に優勝はできません。{7f02}姫さまでなければ……。{0000},0x00D3
"",{7f04}{7f23}「うまいこと　エンドール王が{7f02}止めてくだされば……。{7f02}たぶんムリじゃろうがな。ぶつぶつ。{0000},0x00F3
"",{7f04}{7f21}「登録ぐらい　何よ。{7f02}ケチケチしてるわね。{7f02}でも　ま　決まりならしかたないわ。{7f0a}{7f02}{7f04}{7f21}「許可さえ　もらえば{7f02}武術大会で　あばれほうだいね！{7f02}王に　会いに行きましょう。{0000},0x011B
"",{7f04}{7f22}「まずは　見学して{7f02}おおよその　手ごたえを知ることも{7f02}大切だと思いますが。{0000},0x015D
"",{7f04}{7f21}「もちろん左！{7f02}出場しか考えられないわ。{7f02}左の扉へ　行きましょう！{0000},0x017E
