"",{7f21}は　武術大会に{7f02}みごと　優勝した。{7f0a}{7f02}そして……{7f0b}{0000},0x0018
"",{7f04}{7f22}「{7f21}姫さま{7f02}優勝　おめでとうございます！{7f0b}{0000},0x002D
"",{7f04}{7f23}「姫さま　やりましたな！{7f0b}{0000},0x003F
"",{7f04}王「なに！？　どこを探しても{7f02}デスピサロが　いないとっ！？{7f02}うーむ………………。{7f0a}{7f02}{7f04}王「…………。{7f0a}{7f02}{7f04}王「わかった！{7f02}いないものは　仕方あるまい！{7f0a}{7f02}{7f04}王「武術大会は{7f02}{7f21}姫の　優勝じゃ！{7f0b}{0000},0x004B
"",{7f04}王「どうしたのだ？{7f02}早く　デスピサロを呼んでまいれ！{7f0b}{0000},0x0099
"",{7f04}王「{7f21}姫よ{7f02}よくぞ　勝ち抜いた！{7f0a}{7f02}{7f04}王「さあ！{7f02}これより　いよいよ決勝戦じゃ！{7f02}デスピサロを　これへ！{7f0b}{0000},0x00B1
"",次の　対戦相手は{7f02}デスピサロで　ございます！{7f0b}{0000},0x00DD
"",{7f21}姫さま{7f02}５人　勝ち抜き！{7f0b}{0000},0x00F0
"",次の　対戦相手は{7f02}ベロリンマンで　ございます！{7f0b}{0000},0x00FC
"",{7f21}姫さま{7f02}４人　勝ち抜き！{7f0b}{0000},0x0111
"",次の　対戦相手は{7f02}サイモンで　ございます！{7f0b}{0000},0x011D
"",{7f21}姫さま{7f02}３人　勝ち抜き！{7f0b}{0000},0x0130
"",次の　対戦相手は{7f02}ビビアンで　ございます！{7f0b}{0000},0x013C
"",{7f21}姫さま{7f02}２人　勝ち抜き！{7f0b}{0000},0x014F
"",なんと！　{7f21}姫は　やくそうを{7f02}持っていないでは　ないですか！{7f0b}{0000},0x015B
"",しかし　{7f21}姫は{7f02}じゅうぶんに　お元気そうですよ。{7f0b}{0000},0x0173
"",もっと　{7f17}を　使いますか？{0000},0x0189
"",{7f21}姫　次の対戦にそなえて{7f02}持っている　{7f17}を　使いますか？{0000},0x0194
"",次の　対戦相手は{7f02}ラゴスで　ございます！{7f0b}{0000},0x01AB
"",{7f21}姫さま{7f02}１人　勝ち抜き！{7f0b}{0000},0x01BD
"",{7f04}王「うむ……よくぞ来た　アリーナ姫！{7f02}試合は　勝ち抜き戦で　{7f02}５人倒すと　決勝戦に出られる！{7f0a}{7f02}{7f04}王「これまで　５人を倒し{7f02}勝ち進んでいるのは{7f02}まだ　デスピサロ　ひとりだけ。{7f0a}{7f02}{7f04}王「そなたの　健闘を祈っておるぞ！{7f0a}{7f02}{7f04}王「では　試合開始じゃ！{7f0b}{0000},0x01C9
"",{7f04}王「よくぞ来た　{7f21}姫！{7f0b}{0000},0x0233
"",{7f04}{7f23}「ご武運を　お祈りしていますぞ！{7f0a}{0000},0x023E
"",{7f04}{7f22}「姫さま　では{7f02}私はここで　応援しています。{7f0a}{0000},0x024F
"",わしも　もうちょっと若ければ{7f02}出場したのにのう。{7f02}ほっほっほ。{7f0b}{0000},0x0263
"",いけーっ！　やっちゃえー！！{7f02}……はっ　わたくしは　何を！？{7f02}神よ　お許しください……。{7f0b}{0000},0x027E
"",ウィ～ック。{7f02}武術大会をながめながら{7f02}飲む酒は　うまいっ！{7f0b}{0000},0x02A2
"",がんばれ　がんばれーっ！{7f0b}{0000},0x02BE
"",うひょーっ！{7f02}血がさわぐぜ！{7f0b}{0000},0x02CA
"",今　いいとこなんだ。{7f02}話しかけないでくれ！{7f0b}{0000},0x02D8
"",ちょっと！{7f02}そんなとこに　立ってたら{7f02}見えないでしょ！{7f0b}{0000},0x02EA
"",オレなら　ああは戦わないぜ！{7f02}ああっ　そうじゃだめだっ！{7f02}ほら　そこで　こうするんだっ！{7f0b}{0000},0x0301
"",この刺激が　たまらないわ！{7f0b}{0000},0x0325
"",優勝は　きっと{7f02}デスピサロだろうな。{7f0b}{0000},0x0331
"",{7f04}{7f22}「さ　酒と汗のにおいが{7f02}まじりあって　よけいに{7f02}すさまじいニオイに……うっぷっ。{0000},0x0342
"",{7f04}{7f23}「あー　やかましいっ。{7f02}あー　汗くさいっ。{7f02}さっさと　ここを出ましょう。{0000},0x0365
"",{7f04}{7f22}「みなさん　血走った目で{7f02}大会を　ごらんになっていますね。{7f02}もう少し　落ちつかれたほうが……。{0000},0x0382
"",{7f04}{7f21}「すごい人！{7f02}この人たちの前で戦えるのね。{7f02}ぞくぞくしちゃう！{0000},0x03AB
"",{7f04}{7f23}「姫でなく　老人が優勝しても{7f02}エンドールの姫君は　結婚せずに{7f02}すむ……のか？フム。{7f0a}{7f02}{7f04}{7f23}「このじいが　出るという手も{7f02}ありますが　まず　姫さまに{7f02}ジャマされるでしょうな。{0000},0x03C6
"",{7f04}{7f23}「若い娘が　武術大会などで{7f02}おおさわぎとは　はしたない！{7f02}出場するのは　もっとひどい！{0000},0x0413
"",{7f04}{7f22}「あのようなシスターでも{7f02}大声を出すことが　あるとは{7f02}知りませんでした。{0000},0x0439
"",{7f04}{7f23}「あー　やかましいっ。{7f02}あー　汗くさいっ。{7f02}さっさと　ここを出ましょう。{0000},0x045A
"",{7f04}{7f21}「そうよ　あそこはやっぱり{7f02}いったん前に出て　それからっ{7f02}必殺のキックで勝負！{7f0a}{7f02}{7f04}{7f21}「この人と　ここで{7f02}練習試合っていうのは　ダメ？{0000},0x0477
"",{7f04}{7f23}「われらを　誰だと{7f02}思っておるのだ！　無礼者めっ。{7f02}まったく　ぶつぶつ……。{0000},0x04B3
"",{7f04}{7f23}「あー　やかましいっ。{7f02}あー　汗くさいっ。{7f02}さっさと　ここを出ましょう。{0000},0x04D6
"",{7f04}{7f22}「みなさん　血走った目で{7f02}大会を　ごらんになっていますね。{7f02}もう少し　落ちつかれたほうが……。{0000},0x04F3
"",{7f04}{7f21}「はやく　あの中央で{7f02}私の　すばらしい戦いぶりを{7f02}みんなに　見せてあげたいわ。{0000},0x051C
"",{7f04}{7f21}「すごい人！{7f02}この人たちの前で戦えるのね。{7f02}ぞくぞくしちゃう！{0000},0x053F
