"",{7f04}{7f23}「ともあれ　今しばらく{7f02}修行を　つまなければ！{7f02}ささ　姫さま　参りましょうぞ！{7f0b}{0000},0x0018
"",{7f04}{7f22}「聞くところによると{7f02}試合中でも　{7f02}薬草を　使っていいとか……。{7f0b}{0000},0x003A
"",{7f04}{7f23}「まことに　惜しかったですのう…。{7f0b}{0000},0x0056
"",{7f04}{7f22}「おお　姫さま！{7f02}気づかれましたか！？{7f0b}{0000},0x0066
"",{7f04}{7f21}は　ベッドの上で　気がついた。{7f0b}{0000},0x0078
"",うーん　うーん　おそろしい……。{7f02}デスピサロの強さは{7f02}とても　人間とは思えない……。{7f0a}{7f02}え？　なぜオレが生きているかって？{7f02}オレが　弱すぎて　とどめを刺すに{7f02}あたいしなかったためだろうな……。{7f0b}{0000},0x0088
"",ここは　お城の外に出る　近道。{7f02}急ぐ時は　便利ですよ。{7f0b}{0000},0x00D7
"",うるさい！　話しかけるなっ！{7f0a}{7f02}…………。{7f02}すまなかったな。{7f02}試合の前で　気がたっているのだ。{7f0b}{0000},0x00F0
"",この上が　試合場。{7f02}登ったら最後　後にはひけません。{7f02}さあ　お登りください！{7f0b}{0000},0x0114
"",{7f04}{7f22}「姫さまほど　強ければ{7f02}最悪の場合は　命まで！？{7f0a}{7f02}{7f04}{7f22}「いや　もしそうなったら{7f02}なんとか私がお助けせねば！{7f02}デス{7f31}と　刺し違えても……。{0000},0x0134
"",{7f04}{7f21}「鬼みたいなヤツかと思ったら{7f02}デス{7f31}もけっこう優しいのね。{7f02}ますます　戦ってみたくなったわ！{0000},0x016E
"",{7f04}{7f23}「出場者は　むさくるしい{7f02}男どもばかりではないですか！{7f02}姫君が出場など……ぶつぶつ。{0000},0x0196
"",{7f04}{7f22}「姫さま。この{7f22}{7f02}姫さまの優勝を　信じています。{7f02}がんばってくださいね！{0000},0x01BA
"",{7f04}{7f22}「ここは控え室ですか。{7f02}親切なつくりですね。{7f02}おや教会まである。{0000},0x01D9
"",{7f04}{7f21}「さあ　行くわよ～。{7f02}鬼でも　デス{7f31}でも{7f02}どーんと来い　よ！{0000},0x01F5
"",{7f04}{7f21}「体を　よーくのばして{7f02}大会に　そなえないと。{7f02}いち　にっ　いち　にっ。{0000},0x0210
