"",デスピサロが　いなくなったのは{7f02}武術大会に出るよりも{7f02}大事な用が　できたからよ！{7f0b}{0000},0x0018
"",この前の　武術大会では{7f02}デスピサロさまが　ぜったいに{7f02}優勝だと　思っていたのに……。{7f0a}{7f02}大会の途中で　急に　姿を{7f02}消しちまうなんて　いったい{7f02}どこに　行ったんだろうねえ。{7f0b}{0000},0x0038
"",あら　あなた　八百屋さん？{7f02}え？　武器屋さんなの？{7f02}まあ！　ここは　台所なのよ！{7f0b}{0000},0x007B
"",なんでも　ドン・ガアデとかいう者が{7f02}あちこちの橋を　直したそうだな。{7f0a}{7f02}おかげで　北にも　東にも{7f02}行けるようになったのだ。{7f0b}{0000},0x009C
"",どうも　女たちのおしゃべりは{7f02}とりとめがなくて{7f02}ついてゆけんな。{7f0b}{0000},0x00CD
"",デスピサロに　気をつけるんだ！{7f0b}{0000},0x00E8
"",よいしょ　よいしょ。{7f02}洗い物が多くて　たいへん！{7f0b}{0000},0x00F6
"",{7f04}ロレンス「結局　優勝したのは{7f02}サントハイムの　お姫様でしたね。{7f0a}{7f02}{7f04}ロレンス「デス{7f31}と　{7f21}姫が{7f02}武術大会で　戦っていたなら{7f02}どうなっていたのでしょうか？{0000},0x010A
"",{7f04}{7f28}「デス{7f31}が　消えたのは{7f02}他の参加者の陰謀だと{7f02}オレは　にらんでいるんだがな。{7f0a}{7f02}{7f04}{7f28}「特に　優勝した{7f02}サントハイムの　姫君というのが{7f02}怪しいんじゃないか？{0000},0x0148
"",{7f04}{7f28}「デス{7f31}に　気をつけろぉ？{7f02}……どういう意味だろうな？{0000},0x0187
