"",ご苦労であった！{7f02}これからも　ますます　商売に{7f02}はげむようにな。{7f0b}{0000},0x0018
"",{7f04}{7f24}は　{7f15}Ｇを{7f02}手に入れた！{7f0a}{0000},0x0034
"",よし！　これで　すべて　そろった。{7f02}約束通り　代金を支払おう。{7f0b}{0000},0x0042
"",{7f17}が　{7f15}本！{7f02}{7f18}が　{7f16}着！{7f02}たしかに　受け取ったぞ。{7f0a}{0000},0x005F
"",なんと！{7f02}まだ　持ってきてなかったか！？{7f0a}{0000},0x0076
"",では　さっそく{7f02}{7f17}と　{7f18}を{7f02}受け取ろう。{7f0a}{0000},0x0087
"",注文したのは　あと{7f02}{7f17}が　{7f15}本！{7f02}{7f18}が　{7f16}着！{7f0a}{7f02}がんばって　集めてくるようにな。{7f02}では　行くがよい。{7f0b}{0000},0x0099
"",王さまから　たのまれて{7f02}兵士たちの　武器　防具を{7f02}納めにきたのだな？{0000},0x00C4
"",最近の　怪物たちの　あばれようは{7f02}地獄の帝王が　よみがえるため{7f02}とかいう　ウワサもあるし……。{7f0a}{7f02}いったい　どのウワサが　本当なのか{7f02}見当が　つきませんね……。{7f0b}{0000},0x00E1
"",ウワサでは　世界を救う　勇者が{7f02}どこかで　育っているそうじゃ。{7f0a}{7f02}しかし　世界を救う　勇者とは{7f02}どのような人物なのやら……。{7f02}どうも　うさんくさい話じゃな。{7f0b}{0000},0x0125
"",ほっほっほっ。{7f02}かなりの大金を　手に入れたのう。{7f0a}{7f02}その金を　どう使おうと{7f02}そなたの自由じゃが{7f02}将来のために　使いなされよ。{7f0b}{0000},0x0166
"",武器　防具の代金は　{7f02}すべて　納めおわってからじゃ。{7f02}がんばって　集めなされよ。{7f0b}{0000},0x0199
"",王さまも　いろいろと{7f02}考えることが　多いので{7f02}武器まで　気が回らんのじゃろう。{7f0b}{0000},0x01BD
"",ほほう　そなた　武器屋か？{7f02}近ごろは　いろいろ　強い武器も{7f02}あるそうだな。{7f0a}{7f02}しかし　この城では　兵士たちは{7f02}いまだに　どうのつるぎを　使っている。{7f02}情けないことだ……。{7f0b}{0000},0x01DE
"",この前の　武術大会では{7f02}デスピサロという男が{7f02}優勝しかけたのですが……。{7f0a}{7f02}デスピサロは　途中で{7f02}いなくなったんですよ。{7f02}いったい　何者だったのでしょうね。{7f0b}{0000},0x0222
"",この国の姫君　モニカ姫には{7f02}ひそかに　想いをよせる殿方が{7f02}いるらしいわよ。{7f0a}{7f02}いったい　どこの誰なのか……。{7f02}あ～　もう　気になって{7f02}仕事が　手につかないわ。{7f0b}{0000},0x0264
"",なんでも　このお城のどこかに{7f02}城下町への　抜け道が{7f02}かくされているそうだが……。{7f0a}{7f02}わたしは　長年　ここに{7f02}仕えているが　そんな抜け道など{7f02}見たこともないな。{7f0b}{0000},0x02A6
"",ぐうぐう……。{7f0b}{0000},0x02E6
"",こんな夜更けに{7f02}お城に　入ってくるとは！{7f0a}{7f02}わたしが　見つけた以上{7f02}黙っているわけには　ゆかぬ。{7f02}ささ　立ち去られよ！{7f0b}{0000},0x02EE
"",王様は　この上におわします。{7f0b}{0000},0x0322
"",大きな絵が　かざられている。{7f02}どうやら　王国の歴史を{7f02}伝えるもののようだ。{7f0b}{0000},0x032F
"",{7f04}ロレンス「地獄の帝王に{7f02}世界を救う　勇者ですか……。{7f02}なんとも　途方もない話ですね。{0000},0x0350
"",{7f04}{7f28}「結局のところ{7f02}ウワサなんてのは{7f02}アテにならないものだな。{7f0a}{7f02}{7f04}{7f28}「まあ　いずれにしろ{7f02}商人のあんたには　関係ない話だ。{7f02}気にすることも　あるまいよ。{0000},0x0375
"",{7f04}ロレンス「こんな大きな商売を{7f02}成功させるなんて　あなたは{7f02}もはや　一流の商人ですね。{7f0a}{7f02}{7f04}ロレンス「あなたなら　きっと{7f02}そのお金を　未来のために{7f02}役立てることが　できましょう。{0000},0x03B5
"",{7f04}{7f28}「６００００ゴールドか。{7f02}たいした金額だな　それは！{7f02}使い道は　考えてあるのか？{7f0a}{7f02}{7f04}{7f28}「なんなら　このオレを{7f02}７５０日ばかり　やとってみるかい？{0000},0x03FF
"",{7f04}ロレンス「おお　そのチカラ{7f02}天をおおい～　神さえも恐れる男{7f02}その名は　デス{7f31}～♪{7f0a}{7f02}{7f04}ロレンス「デス{7f31}の試合を　見た時に{7f02}彼の歌を　作ってみたんです。{7f0a}{7f02}{7f04}ロレンス「……わかってますよ。{7f02}自分に詩の才能が　ないのは。{7f02}だから　魔法を覚えたわけで……。{0000},0x0441
"",{7f04}{7f28}「そのデス{7f31}の試合なら{7f02}オレも　見たぜ。{7f02}とにかく　圧倒的な強さだったな。{0000},0x04AF
