"",その昔　天空のつるぎというものが{7f02}あったそうじゃな。{7f0a}{7f02}そのつるぎを　手にした者は{7f02}天に　上ることが　できたそうじゃ。{7f02}いったい　どういうことじゃろうか？{7f0b}{0000},0x0018
"",{7f04}王「{7f24}よ！{7f02}兵士たちの　武器　防具の調達{7f02}まことに　ご苦労であった！{7f0a}{7f02}{7f04}王「ところで　そなたも　武器屋なら{7f02}天空のつるぎのウワサを{7f02}聞いたことが　あるであろう。{7f0a}{7f02}{7f04}王「いかなる　岩をも　くだく{7f02}最強のつるぎ　だそうじゃ。{7f0a}{7f02}{7f04}王「もし　そんなものが　本当にあるなら{7f02}ぜひとも　手に入れたいものじゃな……。{7f0b}{0000},0x0055
"",{7f04}王「以前から　わが国の兵士の{7f02}そうびが　たよりないという話は{7f02}あったのじゃ。{7f0a}{7f02}{7f04}王「{7f24}よ。{7f02}武器　防具の調達のこと{7f02}よいはたらきを　期待しておるぞ。{7f0b}{0000},0x00D6
"",{7f04}王「おお　{7f24}！{7f02}ついに　店を　出したそうじゃな。{7f0a}{7f02}{7f04}王「わしからの祝いじゃ！{7f02}早速　そなたに注文しよう！{7f0a}{7f02}{7f04}王「お城の兵士の　武器　防具を{7f02}買いそろえ　下の部屋の者に{7f02}納めてほしい。{7f0a}{7f02}{7f04}王「注文は　はがねのつるぎ　６本{7f02}鉄のよろい　６着じゃ！{7f0a}{7f02}{7f04}王「くわしい話は　下の部屋におる{7f02}兵士長から　聞くがよい。{7f0b}{0000},0x0115
"",{7f04}王「{7f24}よ！{7f02}これからも　世のため　人のため{7f02}商売に　せいを出すのじゃぞ。{7f0a}{7f02}{7f04}王「そして　もし　店を出したなら{7f02}このわしにも　知らせるようにな。{7f0b}{0000},0x0198
"",{7f04}王「おお！　{7f24}！{7f02}よくぞ　もどった！{7f0a}{7f02}{7f04}王「すでに　ボンモールより{7f02}知らせを　受けているぞ。{7f0a}{7f02}{7f04}王「そなたのはたらきの　おかげじゃ！{7f02}約束通り　店を出すこと　許そうぞ！{7f0b}{0000},0x01D2
"",{7f04}王「わしの手紙を　ボンモール王に！{7f02}くれぐれも　たのんだぞよ。{7f0a}{7f02}{7f04}王「今は　人同士が　{7f02}争っている場合では　ないのだ。{7f0a}{7f02}{7f04}王「もし　そなたのはたらきで{7f02}戦争を　止められたなら{7f02}店を出すことも　許そうぞ！{7f0b}{0000},0x021A
"",{7f04}王「それは　よかった！{7f02}その許しを　願い出る者が　多くて{7f02}じつは　わしも　困っておるのじゃよ。{7f0b}{0000},0x026F
"",{7f04}王「そなたの願いは　あいわかった。{7f02}考えておこう！{7f02}さあ　さがるがよい。{7f0b}{0000},0x0296
"",{7f04}王「遠路はるばる　{7f02}わしへの　ご機嫌うかがい{7f02}ご苦労である！{7f0a}{7f02}{7f04}王「見たところ　商人のようだが{7f02}もしや　ここエンドールに{7f02}店を出す許しが　ほしいと申すか？{0000},0x02B4
"",{7f04}モニカ「愛する　リックとの結婚を{7f02}許してもらえるなんて{7f02}まるで　夢のよう！{7f0a}{7f02}{7f04}モニカ「{7f24}と　いいましたね。{7f02}心から　感謝しますわ。{7f0b}{0000},0x02F8
"",{7f04}モニカ「お父さまには　きっと{7f02}いい　お考えが　あるのでしょう。{7f02}お父さまを　信じていますわ。{7f0b}{0000},0x0332
"",{7f04}王「くれぐれも　たのんだぞよ。{7f0b}{0000},0x035A
"",{7f04}王「わしの　かわいい娘　モニカよ。{7f02}話は　わしも　聞かせてもらった。{7f0a}{7f02}{7f04}王「しかし　心配は　いらぬぞ！{7f0a}{7f02}{7f04}王「トルネコと　申したな。{7f02}この手紙を　ボンモールの王に{7f02}届けてきてはくれぬか。{7f0b}{0000},0x0368
"",{7f04}モニカ「まあ　リックったらっ！{7f02}早く　お父さまに　知らせなくては！{7f02}お父さまー！{7f0b}{0000},0x03B7
"",{7f43}愛する　エンドールの姫　モニカよ。{7f02}キミのことを　父に　話せぬまま{7f02}いく日も　すぎてしまった。{7f0a}{7f02}しかも　恐ろしいことに　父は{7f02}キミの国　エンドールに{7f02}攻めこむつもりらしい。{7f0a}{7f02}そうなる前に　なんとかしなくては{7f02}ならない。どうか　このことを{7f02}キミの父上に　お知らせして……。{7f0b}{0000},0x03DB
"",{7f04}{7f4b}は　王子の手紙を読んだ。{7f0a}{0000},0x044D
"",{7f04}モニカ「レイクナバから　いらしたの？{7f02}まあ　それでは　こわれていた橋が{7f02}修理されたのですね。{7f0b}{0000},0x045B
"",わが王は　身分を問わず{7f02}どんな者とも　お会いなさる。{7f02}そそうのないようにな。{7f0b}{0000},0x0485
"",王様と　姫さまは　{7f02}すでに　お休みでございます。{7f0b}{0000},0x04A5
"",ここは　エンドール王の{7f02}お部屋です。{7f0b}{0000},0x04BB
"",「すばらしいコロシアム」と{7f02}書かれた本がある。{7f02}{7f4b}は　手にとって読んだ。{7f0a}{7f02}わがエンドールのコロシアムは{7f02}現在の王により　建てられました。{7f0a}{7f02}武術大会をはじめ　さまざまな{7f02}王の思いつきによる　催し物で{7f02}国民の人気を　あつめています。{7f0a}{7f02}血わき　肉おどる　戦い！{7f02}夢とロマンあふれる　お芝居！{7f02}娯楽のすべては　コロシアムに！{7f0b}{0000},0x04CC
"",「ひみつの　交換日記」と{7f02}書かれた本がある。{7f02}{7f4b}は　手にとって読んだ。{7f0a}{7f02}かわいいモニカ。{7f02}今日は　もう５０回も君のことを{7f02}思い出したよ。{7f0a}{7f02}朝ごはんの目玉やきも　お城の柱も{7f02}庭のネコも　池の魚も　屋根のカワラも{7f02}みーんな　君の顔に見えるんだ。{7f0a}{7f02}世界は　モニカであふれている！{7f02}モニカばんざい！{7f0a}{7f02}この日記は　いつもどおり{7f02}秘密のルートで　エンドールへ{7f02}送るからね。　　愛をこめて{7f0b}{0000},0x055C
"",{7f04}ロレンス「武器商人というのは{7f02}戦争を起こして　もうけるものだと{7f02}思っていましたが……。{7f0a}{7f02}{7f04}ロレンス「あなたは　戦争を止めて{7f02}しかも　自分も　得をしている。{7f02}いやはや　たいしたものです。{0000},0x0606
"",{7f04}{7f28}「よかったな！{7f02}このエンドールで　商売できるなんて{7f02}あんた　運がいいぜ。{0000},0x0654
