"",{7f04}王「なんと　そういうことであったかっ！？{7f0a}{7f02}{7f04}王「いずれ　わが息子リックが{7f02}エンドール王の　娘ムコになるなら{7f02}リックが　次のエンドール王じゃ！{7f0a}{7f02}{7f04}王「なにも　攻めこまずとも{7f02}エンドールは　手に入るではないか！{7f0a}{7f02}{7f04}王「ご苦労であった。{7f02}早速　使いの者を　出すので{7f02}そなたは　さがってよいぞ。{7f0b}{0000},0x0018
"",{7f43}親愛なる　ボンモールの王よ。{7f02}とつぜんだが　わしの話を{7f02}聞いてほしい。{7f0a}{7f02}どうやら　わしの娘モニカと{7f02}そなたの息子リックとが{7f02}愛し合っているらしいのじゃ。{7f0a}{7f02}すぐにとは言わぬが　ふたりを{7f02}結婚させたいと　思うのだが……。{7f02}　　　　　　　エンドールの王より{7f0b}{0000},0x008F
"",{7f04}{7f4b}は　王の手紙を　読んだ。{7f0a}{0000},0x00F8
"",{7f04}王「わが息子リックが{7f02}次の　エンドールの王さまじゃ！{7f02}わっはっはっ。{7f0b}{0000},0x0105
"",{7f04}王「さすが　ドン・ガアデ！{7f02}やってきたとたん　橋を直して{7f02}いきよった。{7f0a}{7f02}{7f04}王「これで　いよいよ　エンドールに{7f02}攻めこむことが　できるわい！{7f02}わっはっはっ！{7f0b}{0000},0x0122
"",{7f04}リック「父上から　話は　聞きました。{7f02}もし　エンドールに行ったなら{7f02}モニカに　伝えてください。{7f0a}{7f02}{7f04}リック「キミと　結婚できる日が{7f02}とても　待ち遠しい……と！{7f0b}{0000},0x0161
"",{7f04}リック「例の手紙のこと{7f02}くれぐれも　たのみましたよ。{7f0b}{0000},0x01A5
"",建築家の　ドン・ガアデどのが{7f02}やっと来てくれたのです。{7f0a}{7f02}これで　こわれていた橋も{7f02}すぐに　直るはず！{7f02}よかった　よかった。{7f0b}{0000},0x01BC
"",夜の間　城内への立ち入りは{7f02}禁じられておる。{7f02}また　明日　来るがよい。{7f0b}{0000},0x01EF
"",エンドールは　豊かな国。{7f0a}{7f02}あの国を　手に入れることが{7f02}王の　長年の夢だったのです。{7f0b}{0000},0x0210
"",{7f04}王「ええい！　ドン・ガアデは　まだか！？{7f02}いったい　どこで　道草を{7f02}くっているのだっ！{7f0a}{7f02}{7f04}王「早く　橋を直さねば{7f02}エンドールの国に{7f02}攻めこむことが　できぬわ！{7f0b}{0000},0x0233
"",{7f04}リック「…………。{7f0b}{0000},0x0276
"",ここは　王子さまの　お部屋。{7f02}武器商人ふぜいの{7f02}来てよい所では　ありません。{7f0b}{0000},0x027F
"",ささ！　出てゆきなさい！{7f0b}{0000},0x02A0
"",王子さま！　王子さま！{7f02}そのような　商人ごときと{7f02}話しては　いけません。{7f0b}{0000},0x02AC
"",{7f04}リック「ボクは　リック。{7f02}この国の王子です。{7f0a}{7f02}{7f04}リック「あなたを　旅の商人と見こんで{7f02}たのみたいのですが……。{7f0a}{7f02}{7f04}リック「くわしい話は　夜に{7f02}武器屋の裏で……。{7f0b}{0000},0x02CA
"",ここは　王子さまの　お部屋。{7f02}武器商人ふぜいの{7f02}来てよい所では　ありません。{7f0b}{0000},0x030E
"",エンドールに　行きたくても{7f02}橋が　こわれていて　行けないのです。{7f0a}{7f02}建築家の　ドン・ガアデどのなら{7f02}橋を　すぐに　直せるのに……。{7f02}早く　来てくれないかなあ。{7f0b}{0000},0x032F
"",慈愛の笑みをうかべた　女神像だ。{7f0b}{0000},0x036F
"",帝王学の本や　歴史書などが{7f02}整然と　ならべられている。{7f0b}{0000},0x0381
"",{7f04}ロレンス「たいへんだ！{7f02}ボンモール国が　エンドールに{7f02}戦争をしかけようとしてるなんて！{7f0a}{7f02}{7f04}ロレンス「流浪の身とはいえ　私は{7f02}エンドールが　気に入っているのです。{7f02}これは　なんとかしなくては……。{0000},0x039A
"",{7f04}{7f28}「ボンモール王は　エンドールに{7f02}戦争を　しかけるつもりだって？{7f0a}{7f02}{7f04}{7f28}「笑わせるな。{7f02}こんな小国に　わがエンドールが{7f02}負けようはずがない！{0000},0x03EB
"",{7f04}ロレンス「ムキ～ッ！！{7f02}まったく　失礼な人でしたね！{7f02}あなたはともかく　私まで……。{7f0a}{7f02}{7f04}ロレンス「あ　いや　こっちの話です。{0000},0x0427
"",{7f04}{7f28}「なんだ　あの言い草は！{7f02}オレたちを　汚いもののように{7f02}言いやがって！{0000},0x045C
