"",{7f04}リック「む。しかし　これ以上{7f02}ものを　持てないようですね。{7f0a}{7f02}{7f04}リック「どこかで　売るか捨てるかして{7f02}また来てください。{7f0b}{0000},0x0018
"",{7f04}リック「父上から　話は　聞きました。{7f02}もし　エンドールに行ったなら{7f02}モニカに　伝えてください。{7f0a}{7f02}{7f04}リック「キミと　結婚できる日が{7f02}とても　待ち遠しい……と！{7f0b}{0000},0x0049
"",なんと！　牢屋に　入れられていた{7f02}レイクナバの男が　脱獄したらしいぜ！{7f0a}{7f02}まっ　しょうもない　コソドロだったので{7f02}誰も　気にとめてないけどよ。{7f0b}{0000},0x008C
"",{7f04}リック「橋が　直りしだい{7f02}その手紙を　エンドールの姫に{7f02}とどけてください。{7f0a}{7f02}{7f04}リック「ふたつの国の運命が{7f02}かかっているのです！{7f02}くれぐれも　おたのみします！{7f0b}{0000},0x00C8
"",{7f04}リック「では　たのみましたよ。{7f0b}{0000},0x0108
"",{7f04}リック「おお　来てくれましたね。{7f02}ボクです。この城の王子　リックです。{7f0a}{7f02}{7f04}リック「じつは　お願いなのですが{7f02}もし　橋が　直ったら　すぐに{7f02}エンドールに　行ってほしいのです。{7f0a}{7f02}{7f04}リック「そして　この手紙を{7f02}お城の　姫に　わたしてください。{7f0b}{0000},0x0115
"",王子さまー！{7f02}王子さまが　いなくなったのです。{7f02}おろおろ……。{7f0b}{0000},0x0171
"",また　明日{7f02}出直してくるが　よろしかろう。{7f0b}{0000},0x018B
"",このような　夜ふけに{7f02}お城に入ること　まかりならん！{7f0b}{0000},0x019D
"",仕事を探して　ボンモールまで{7f02}来たんだけど　ここって{7f02}城下町にしては　しけた所よね。{7f0a}{7f02}あーあ　やっぱり　はたらくんなら{7f02}エンドールが　いちばんだわ。{7f0b}{0000},0x01B4
"",あんた　レイクナバから　来たのか？{7f02}そういえば　お城の牢屋にも{7f02}レイクナバの男が　いたっけ。{7f0a}{7f02}そいつと　話をしたかったら{7f02}牢番に　見つからないように{7f02}考えて　動くことだな。{7f0b}{0000},0x01F2
"",南に行くと　エンドール。{7f02}橋が　こわれる前　一度だけ{7f02}行ったことがあるのだ。{7f0a}{7f02}そういえば　エンドールには{7f02}お店を　売りたがっている{7f02}老人が　いたぞ。{7f0b}{0000},0x0239
"",ボンモールのお城に　ようこそ。{7f0b}{0000},0x0277
"",{7f04}ロレンス「ボンモール国の王様は{7f02}かなりの野心家だとか……。{7f02}ちょっと　こわい気がしますね。{0000},0x0284
"",{7f04}{7f28}「ここが　ボンモールか。{7f02}ずいぶん　小さな城なのだな。{0000},0x02AC
