"",ダミー{7f0b}{0000},0x0018
"",{7f04}ロレンス「ここは　自然の洞くつでは{7f02}ないようですね。　あちこちに{7f02}人の手の入った跡が　見えます。{7f0a}{7f02}{7f04}ロレンス「おそらく　何か{7f02}大切なものを　かくすために{7f02}作られたのでは　ないでしょうか？{0000},0x001C
"",{7f04}{7f28}「なら　さっさと{7f02}こんな所からは　おさらばしようぜ。{0000},0x0064
"",{7f04}{7f28}「ほほう。{7f02}それなら　早いところ{7f02}そのお宝を　見つけだそうぜ。{0000},0x0078
"",{7f04}{7f28}「あんた　こんな洞くつに{7f02}なんの用が　あるって言うんだ？{7f0a}{7f02}{7f04}{7f28}「それとも　この洞くつには{7f02}なにかお宝が　眠ってるのか？{0000},0x0091
