"",えんやこら　えんやこら！{7f0a}{7f02}この洞くつが　完成すれば{7f02}東の国にも　自由に行けて{7f02}世界中を　まわれるでしょうね。{7f0b}{0000},0x0018
"",掘って　掘って{7f02}また　掘って　と……。{7f0a}{7f02}エンドールのカジノが{7f02}やっと　再開されたそうだ。{7f02}くそ～　早く　やりてえぜ！{7f0b}{0000},0x0047
"",おお　{7f24}さん！{7f02}あんたのおかげで　{7f02}工事を　再開できましたぞ。{7f0a}{7f02}完成したら{7f02}あんたの家の方へ　知らせるので{7f02}もう少し　待っていてくだされ。{7f0b}{0000},0x0078
"",このお金で　人をやとって{7f02}早速　工事を　再開しようぞ！{7f02}楽しみに　待っていなされ！{7f0b}{0000},0x00B1
"",なんと　やってくれるかっ！？{7f02}たしかに　６００００Ｇ{7f02}受け取ったぞ！{7f0a}{7f02}このお金で　人をやとって{7f02}早速　工事を　再開しようぞ！{7f02}楽しみに　待っていなされ！{7f0b}{0000},0x00D3
"",おお　ついでくれるか！？{7f02}では　６００００Ｇ持ってくるのを{7f02}わしは　待っておるぞ。{7f0b}{0000},0x0110
"",おお　ありがたい！{7f02}ではまず　自分の店を　持ちなされ。{7f02}すべては　それからじゃ！{7f0b}{0000},0x0131
"",そうか　残念じゃのう。{7f02}気が変わったら{7f02}また　来てくだされよ。{7f0b}{0000},0x0153
"",東にあるという　港町に　行くため{7f02}わしは　この洞くつを　{7f02}掘りはじめたのじゃ。{7f0a}{7f02}船を　手に入れて{7f02}世界中の宝を　集めるのが{7f02}わしの夢じゃった。{7f0a}{7f02}しかし　洞くつを　掘るための{7f02}お金が　底を尽き{7f02}いつしか　わしも　年をとってしもうた。{7f0a}{7f02}あと　６００００Ｇも　あれば{7f02}工事を　再開できるのじゃが……。{7f02}どうじゃ？　わしの夢を　つがぬか？{0000},0x016D
"",{7f04}ロレンス「さて　この先に{7f02}どんな土地が　待っているのか……。{7f02}私も　行くのは　初めてですよ。{0000},0x01F3
"",{7f04}{7f28}「なんだか　成り行きで{7f02}付き合ってるみたいだが{7f02}期日になったら　オレは帰るからな。{0000},0x0219
"",{7f04}ロレンス「本当に　私財をなげうって{7f02}トンネルを　完成させようと{7f02}するとは……。{7f0a}{7f02}{7f04}ロレンス「なかなか　できることでは{7f02}ありません。{7f02}あなたのことを　見直しましたよ。{0000},0x023D
"",{7f04}{7f28}「どうやら　あんたは{7f02}オレなどには　思いもよらぬ{7f02}未来を　見据えているのだな。{7f0a}{7f02}{7f04}{7f28}「あんたと　知り合えたこと{7f02}オレは　ほこりに思ってるよ。{0000},0x0283
"",{7f04}ロレンス「たしかに　このトンネルが{7f02}開通すれば　多くの旅人の{7f02}役に立ちましょう。{7f0a}{7f02}{7f04}ロレンス「しかし　そのために{7f02}６００００ゴールドですか……{7f02}途方もない金額ですね。{0000},0x02BF
"",{7f04}{7f28}「そうか。{7f02}つい　はずみで　言っただけか。{7f02}それを聞いて　安心した。{0000},0x0308
"",{7f04}{7f28}「まったく　オレには{7f02}あんたの気が　知れんな。{7f02}金を　ドブに捨てるようなものだ。{0000},0x0326
"",{7f04}{7f28}「あんた　本気で{7f02}このトンネルを　開通させる気か？{0000},0x0347
