"",いろんな　人たちが{7f02}いろんな　夢を持って{7f02}ここを　通ってゆきます。{7f0a}{7f02}{7f24}どの！{7f02}お気をつけて　行かれますように！{7f0b}{0000},0x0018
"",エンドールには　カジノや　酒場が{7f02}あるらしいから{7f02}わたしたちも　やとってもらえるはずよ！{7f0b}{0000},0x0045
"",オレたちは　エンドールに　行くつもりだ。{7f0b}{0000},0x006B
"",わたしは　伝説の武器を　探して{7f02}旅をしている。{7f0a}{7f02}この　洞くつを　抜けて{7f02}東の国に　行けば{7f02}きっと　手がかりが　得られるであろう。{7f0b}{0000},0x007D
"",おお　{7f24}さん！{7f02}あんたのおかげで　このように{7f02}洞くつが　開通しましたぞ！{7f0a}{7f02}どうか　わしの夢をついで{7f02}世界中の宝を　集めてくだされよ！{7f0b}{0000},0x00B3
"",いかめしいカオをした　賢者の像だ。{7f0b}{0000},0x00EA
"",{7f04}ロレンス「さて　この先に{7f02}どんな土地が　待っているのか……。{7f02}私も　行くのは　初めてですよ。{0000},0x00FA
"",{7f04}{7f28}「なんだか　成り行きで{7f02}付き合ってるみたいだが{7f02}期日になったら　オレは帰るからな。{0000},0x011F
"",{7f04}ロレンス「本当に　私財をなげうって{7f02}トンネルを　完成させようと{7f02}するとは……。{7f0a}{7f02}{7f04}ロレンス「なかなか　できることでは{7f02}ありません。{7f02}あなたのことを　見直しましたよ。{0000},0x0142
"",{7f04}{7f28}「どうやら　あんたは{7f02}オレなどには　思いもよらぬ{7f02}未来を　見据えているのだな。{7f0a}{7f02}{7f04}{7f28}「あんたと　知り合えたこと{7f02}オレは　ほこりに思ってるよ。{0000},0x0185
"",{7f04}ロレンス「たしかに　このトンネルが{7f02}開通すれば　多くの旅人の{7f02}役に立ちましょう。{7f0a}{7f02}{7f04}ロレンス「しかし　そのために{7f02}６００００ゴールドですか……{7f02}途方もない金額ですね。{0000},0x01C0
"",{7f04}{7f28}「そうか。{7f02}つい　はずみで　言っただけか。{7f02}それを聞いて　安心した。{0000},0x0208
"",{7f04}{7f28}「まったく　オレには{7f02}あんたの気が　知れんな。{7f02}金を　ドブに捨てるようなものだ。{0000},0x0225
"",{7f04}{7f28}「あんた　本気で{7f02}このトンネルを　開通させる気か？{0000},0x0246
