"",{7f04}ロレンス「残念ですが{7f02}約束の５日が　すぎました。{7f02}では　私は　これで。さようなら……。{7f0b}{0000},0x0018
"",{7f04}スコット「おお！　どうやら{7f02}約束の５日が　すぎたようだな。{7f02}悪いが　ここでお別れだ。{7f0a}{7f02}{7f04}スコット「では　気をつけてな。{7f02}さらばだ！{7f0b}{0000},0x003A
"",ここより　北　コーミズ村。{7f0b}{0000},0x0071
"",橋は　みんなのもの。{7f02}こわさないように　しましょう。{7f0b}{0000},0x007E
"",ここより　東　テンペの村。{7f0b}{0000},0x0094
"",森の　中では{7f02}あそばないように。{7f0b}{0000},0x00A1
"",あやしい者を　見つけたら{7f02}お城まで！　バトランド王{7f0b}{0000},0x00AF
"",{7f04}ロレンス「とうとう　５日目です。{7f02}いったん　どこかの町に{7f02}もどることにしましょうか。{0000},0x00C7
"",{7f04}{7f28}「おお　もう５日目か！{7f02}だが　安心しろ。{7f02}もう少しだけ　いてやるからな。{0000},0x00E7
"",{7f04}ロレンス「早くも　４日目ですね。{7f02}あと　少しの間しか　いられないとは{7f02}お名残おしい気もします。{7f0a}{7f02}{7f04}ロレンス「どうです？{7f02}エンドールにもどったら{7f02}もう１度　私を　やといませんか？{0000},0x0105
"",{7f04}{7f28}「なんだ　もう４日目か。{7f02}なんだか　あまり{7f02}はたらいた気が　しないな。{7f0a}{7f02}{7f04}{7f28}「これで　４００ゴールドでは{7f02}悪い気が　するくらいだぞ。{7f02}だからと言って　金は返さんがな。{0000},0x014C
"",{7f04}ロレンス「今日で　３日目……。{7f02}あなたが　思っている以上に{7f02}の流れは　早いものなのです。{0000},0x018F
"",{7f04}{7f28}「今日で　もう４日目か。{7f0a}{7f02}{7f04}{7f28}「なに　まだ３日目だって！？{7f02}……おお　そういえばそうだな。{7f02}悪いな　かんちがいしていたよ。{0000},0x01B4
"",{7f04}ロレンス「１日が　過ぎましたね。{7f02}あと　４日間ですか……。{7f0a}{7f02}{7f04}ロレンス「いえいえ。{7f02}けっして　仕事が　終わるのを{7f02}待ち遠しく思ってるわけでは……。{0000},0x01E5
"",{7f04}{7f28}「あんたが　ボヤボヤしてるから{7f02}もう　１日過ぎてしまったぞ。{7f02}ま　こっちは　楽できていいんだがな。{0000},0x0221
"",{7f04}ロレンス「５日間という{7f02}短い間の　つきあいですが{7f02}よろしくおねがいします。{0000},0x0249
"",{7f04}{7f28}「ほらほら。{7f02}ボヤボヤしてると　５日間なんて{7f02}あっという間に　過ぎてしまうぞ。{0000},0x0267
