"",いやいや　この女神像は{7f02}いつ見ても　ホレボレしますな。{7f0a}{7f02}しかし　ウワサでは　その昔{7f02}天空のつるぎとかいうのが{7f02}あったそうです。{7f0a}{7f02}いやいや{7f02}いくら出してもいいから{7f02}手に入れたいものですなあ……。{7f0b}{0000},0x0018
"",う～ん　ダメなのか……。{7f02}しかし　もし　気が変わったら{7f02}いつでも　売りにきてくだされよ！{7f0b}{0000},0x0061
"",{7f24}は　２５０００Ｇを{7f02}手に入れた！{7f0b}{0000},0x0085
"",おお　ありがたい！{7f02}たしかに　受け取ったぞ！{7f0b}{0000},0x0095
"",やや！　そこに　持っているのは{7f02}もしや　銀の女神像では！？{7f0a}{7f02}２００００……{7f02}いや！　２５０００Ｇ出そう！{7f02}それを　売ってくれまいか？{0000},0x00A7
"",私は　古い物を　集めるのが{7f02}趣味なのです。{7f0a}{7f02}ウワサでは　どこかに　銀の女神像が{7f02}眠っていると　聞きました。{7f0a}{7f02}いやいや{7f02}いくら出してもいいから{7f02}手に入れたいものですなあ……。{7f0b}{0000},0x00DA
"",すやすや……。{7f0b}{0000},0x011E
"",むずかしそうな本の間に　一冊だけ{7f02}「めざせモテモテ男！　初級編」と{7f02}書かれた本がある……。{7f0b}{0000},0x0125
"",{7f04}ロレンス「たしかに　銀の女神像は{7f02}貴重な品ですが　持っていても{7f02}何の役にも立たない物です。{7f0a}{7f02}{7f04}ロレンス「悪いことは　言いません。{7f02}売っておしまいなさい。{0000},0x014E
"",{7f04}{7f28}「苦労して手に入れた　お宝を{7f02}売りたくない気持ちは　わかるが{7f02}あんたが　持っていても　役立つまい。{7f0a}{7f02}{7f04}{7f28}「せっかく　高く買ってくれると{7f02}言っているのだから{7f02}売ってやったら　いいじゃないか。{0000},0x018D
