"",{7f04}ネネ「おかえりなさい。{7f02}ずいぶん　遅くまで{7f02}本当に　お疲れさまでした。{7f0a}{7f02}{7f04}ネネ「さあ　ゆっくり　休んでくださいな。{7f02}おやすみなさい　あなた……。{7f0b}{0000},0x0018
"",{7f04}ネネ「あら？{7f02}まだ　古いお弁当　持ってたの？{7f02}それじゃ　新しいのに　かえておくわね。{7f0b}{0000},0x0050
"",{7f04}ネネ「あら？{7f02}持ち物が　いっぱいなの？{7f02}それじゃ　今日は　やめておくわね。{7f0b}{0000},0x0073
"",{7f04}ネネ「はい　これ　お弁当。{7f02}今日も　がんばってね。{7f0b}{0000},0x0092
"",{7f04}ネネ「おはよう　あなた。もう朝よ。{7f0a}{0000},0x00A8
"",{7f04}ネネ「あら　あなた　おかえりなさい。{7f02}お仕事　大変だったんでしょう。{7f0a}{7f02}{7f04}ネネ「さあ　ゆっくり　休んでくださいな。{7f02}おやすみなさい　あなた……。{7f0b}{0000},0x00B7
"",{7f04}ネネ「じゃあ　わたしは　店番をするから{7f02}あなたは　いろんな品物を{7f02}仕入れてきてね。{7f0a}{7f02}{7f04}ネネ「このテーブルの　向こうから{7f02}話しかけてくれた　品物を{7f02}店に　おくようにするわ。{7f0b}{0000},0x00EE
"",{7f04}ネネ「さあ　ゆっくり　休んでくださいな。{7f02}おやすみなさい　あなた……。{7f0b}{0000},0x0135
"",{7f04}ネネ「今日は　もう　疲れた？{7f02}だったら　ちょっと　早いけど{7f02}もう　休む？{0000},0x0150
"",{7f04}ネネ「まあ　あなた　ステキ！{7f02}これが　わたしたちのお店なのね。{7f02}まるで　夢みたい！{7f0a}{7f02}{7f04}ネネ「今日から　わたしも{7f02}一生けんめい　はたらくわ！{7f0a}{7f02}{7f04}ネネ「ふたりで　はたらいて{7f02}この店を　世界一のお店に{7f02}しましょうね！{7f0a}{7f02}{7f04}ネネ「あなた……。{7f02}愛してるわ……。ちゅっ。{7f0b}{0000},0x016F
"",{7f04}ネネ「わたしは　店番をするから{7f02}あなたは　いろんな品物を{7f02}仕入れてきてね。{7f0a}{7f02}{7f04}ネネ「このテーブルの　向こうから{7f02}話しかけてくれた　品物を{7f02}店に　おくようにするわ。{7f0b}{0000},0x01D5
"",{7f04}ネネ「いいのよ。{7f02}そんなウソを　ついて{7f02}わたしを　なぐさめなくても……。{7f0a}{7f02}{7f04}ネネ「わたしも　天空のつるぎのウワサを{7f02}耳にしたわ。{7f02}それを　探すつもりなのね……。{7f0a}{7f02}{7f04}ネネ「あなたは　いつも{7f02}なにか　夢を　持っていないと{7f02}生きられない人……。{7f0a}{7f02}{7f04}ネネ「そんな　あなただから{7f02}わたしも　好きになったのね。{7f0a}{7f02}{7f04}ネネ「いってらっしゃい　あなた！{7f02}わたし　いつまでも　待ってるわ！{7f0b}{0000},0x021A
"",{7f04}ネネ「わかったわ　あなた。{7f02}わたしは　もう　なにも言わないわ。{7f0a}{7f02}{7f04}ネネ「あなたは　いつも{7f02}なにか　夢を　持っていないと{7f02}生きられない人……。{7f0a}{7f02}{7f04}ネネ「そんな　あなただから{7f02}わたしも　好きになったのね。{7f0a}{7f02}{7f04}ネネ「いってらっしゃい　あなた！{7f02}わたし　いつまでも　待ってるわ！{7f0b}{0000},0x02A6
"",{7f04}ネネ「あなた　おかえりなさい！{7f02}今　知らせがきて　{7f02}洞くつが　開通したって！{7f0a}{7f02}{7f04}ネネ「でも　わたしには{7f02}なんのことだか　わからなくて……。{7f0a}{7f02}{7f04}ネネ「まさか　あなた……。{7f02}せっかく　お店を持ったのに{7f02}また　旅に出るつもりなの？{0000},0x0308
"",{7f04}ネネ「あなた　おかえりなさい！{7f02}毎日　毎日　本当に{7f02}おつかれさま。{7f0a}{7f02}{7f04}ネネ「そういえば　なんでも{7f02}カジノが　ひらいたんですって！{7f0a}{7f02}{7f04}ネネ「たまには　息ぬきしても{7f02}いいんじゃないかしら？{7f0b}{0000},0x035E
"",{7f04}ロレンス「いつまでも　待ってるわ！{7f02}……ですか。　私も　１度でいいから{7f02}言われてみたいモンですね。{7f0a}{7f02}{7f04}ロレンス「おや？{7f02}カオが　赤くなってますよ。{7f02}フッフッフ……。{0000},0x03A8
"",{7f04}{7f28}「あんな　かわいい奥さんを{7f02}残して　旅立とうとは{7f02}あんたも　罪な男だな。{7f0a}{7f02}{7f04}{7f28}「……しかし　自分で言っといて{7f02}なんだが　罪な男って言葉{7f02}あんたにゃ　似合わないよな。{0000},0x03F0
"",{7f04}ロレンス「{7f24}さんは{7f02}じつに　なんとも　幸せ者ですね。{0000},0x0434
"",{7f04}{7f28}「あんたの奥さん{7f02}美人なんだなあ……。{7f02}世の中の　不条理を感じるぜ。{0000},0x044C
