"",{7f04}ネネ「おかえりなさい。{7f02}ずいぶん　遅くまで{7f02}本当に　お疲れさまでした。{7f0a}{7f02}{7f04}ネネ「さあ　ゆっくり　休んでくださいな。{7f02}おやすみなさい　あなた……。{7f0b}{0000},0x0018
"",{7f04}ネネ「あら　あなた　おかえりなさい。{7f02}お仕事　大変だったんでしょう。{7f0a}{7f02}{7f04}ネネ「さあ　ゆっくり　休んでくださいな。{7f02}おやすみなさい　あなた……。{7f0b}{0000},0x0052
"",{7f04}ポポロ「あっ　パパ！　おかえりなさーい！{7f02}うん。ボク　いい子にしてたよ。{7f0a}{7f02}{7f04}ポポロ「ボク　大きくなったら{7f02}パパみたいになって　お金をもうけて{7f02}パパやママに　楽させてあげるからね！{7f0b}{0000},0x008B
"",{7f04}ポポロ「わーい　パパ　すごいや！{7f02}とうとう　自分のお店を{7f02}持ったんだね！　わーい　わーい！{7f0b}{0000},0x00D7
"",{7f04}こうして　トルネコは{7f02}ついに　自分の店を　手に入れて{7f02}家族を　呼び寄せたのでした。{7f0b}{0000},0x00FE
"",おお！　買ってくれるか！？{7f02}では　今日から　この店は{7f02}あんたのものじゃ！{7f0a}{7f02}しっかり　商売に　はげむのじゃぞ！{7f0b}{0000},0x0124
"",しかし　お前さんは{7f02}それだけの　お金を　持っておらぬぞ。{7f02}年寄りを　からかわぬようにな。{7f0b}{0000},0x0151
"",そうか……。{7f02}残念じゃのう……。{7f0b}{0000},0x0175
"",え？　下の店は　休みかじゃと？{7f0a}{7f02}ああ　わしも　もう　年でな。{7f02}この店を売って　そのお金で{7f02}隠居でも　したいんじゃが……。{7f0a}{7f02}どうじゃ　３５０００Ｇで　{7f02}この店を　買わぬか？{0000},0x0184
"",え？　下の店は　休みかじゃと？{7f0a}{7f02}ああ　わしも　もう　年でな。{7f02}この店を売って　そのお金で{7f02}隠居でも　したいんじゃが……。{7f0a}{7f02}王さまから　商売の許しを{7f02}もらっていて　しかも　店が{7f02}ほしいという人は　おらんかのう……。{7f0b}{0000},0x01CA
"",{7f04}ネネ「いいのよ。{7f02}そんなウソを　ついて{7f02}わたしを　なぐさめなくても……。{7f0a}{7f02}{7f04}ネネ「わたしも　天空のつるぎのウワサを{7f02}耳にしたわ。{7f02}それを　探すつもりなのね……。{7f0a}{7f02}{7f04}ネネ「あなたは　いつも{7f02}なにか　夢を　持っていないと{7f02}生きられない人……。{7f0a}{7f02}{7f04}ネネ「そんな　あなただから{7f02}わたしも　好きになったのね。{7f0a}{7f02}{7f04}ネネ「いってらっしゃい　あなた！{7f02}わたし　いつまでも　待ってるわ！{7f0b}{0000},0x021E
"",{7f04}ネネ「わかったわ　あなた。{7f02}わたしは　もう　なにも言わないわ。{7f0a}{7f02}{7f04}ネネ「あなたは　いつも{7f02}なにか　夢を　持っていないと{7f02}生きられない人……。{7f0a}{7f02}{7f04}ネネ「そんな　あなただから{7f02}わたしも　好きになったのね。{7f0a}{7f02}{7f04}ネネ「いってらっしゃい　あなた！{7f02}わたし　いつまでも　待ってるわ！{7f0b}{0000},0x02AE
"",{7f04}ネネ「あなた　おかえりなさい！{7f02}今　知らせがきて　{7f02}洞くつが　開通したって！{7f0a}{7f02}{7f04}ネネ「でも　わたしには{7f02}なんのことだか　わからなくて……。{7f0a}{7f02}{7f04}ネネ「まさか　あなた……。{7f02}せっかく　お店を持ったのに{7f02}また　旅に出るつもりなの？{0000},0x0312
"",{7f04}ネネ「あなた　おかえりなさい！{7f02}毎日　毎日　本当に{7f02}おつかれさま。{7f0a}{7f02}{7f04}ネネ「そういえば　なんでも{7f02}カジノが　ひらいたんですって！{7f0a}{7f02}{7f04}ネネ「たまには　息ぬきしても{7f02}いいんじゃないかしら？{7f0b}{0000},0x0369
"",「だじゃれで　ハッピーライフ」と{7f02}書かれた本がある。{7f02}{7f4b}は　手にとって読んだ。{7f0a}{7f02}健康のひけつ　幸福のひけつ{7f02}夫婦円満　商売はんじょう{7f02}すべての源は　だじゃれにあり。{7f0a}{7f02}おはようのかわりに{7f02}おやすみのかわりに{7f02}ナイスなだじゃれで　明るい笑いを。{7f0a}{7f02}めざせ　町の人気者！{7f02}笑う角には　福きたる。{7f0b}{0000},0x03B4
"",なんと　本の間に手紙がはさまっていた。{7f02}{7f4b}は　手紙を読んだ。{7f0a}{7f02}お父さん　お元気ですか？{7f02}そろそろ店をたたんで　私たちと{7f02}いっしょに　暮らしましょうよ。{7f0a}{7f02}もう　年なんだし{7f02}お父さんひとりでは　心配だわ。{7f02}　　　　　　　　あなたの愛する娘より{7f0b}{0000},0x0437
"",{7f04}ロレンス「いつまでも　待ってるわ！{7f02}……ですか。　私も　１度でいいから{7f02}言われてみたいモンですね。{7f0a}{7f02}{7f04}ロレンス「おや？{7f02}カオが　赤くなってますよ。{7f02}フッフッフ……。{0000},0x049A
"",{7f04}{7f28}「あんな　かわいい奥さんを{7f02}残して　旅立とうとは{7f02}あんたも　罪な男だな。{7f0a}{7f02}{7f04}{7f28}「……しかし　自分で言っといて{7f02}なんだが　罪な男って言葉{7f02}あんたにゃ　似合わないよな。{0000},0x04E1
"",{7f04}ロレンス「あなたも商人ならば{7f02}まず　自分の店を　持つことを{7f02}考えるのが　よいのでは？{7f0a}{7f02}{7f04}ロレンス「……おっと。{7f02}私などが　口を出すことでは{7f02}ありませんでしたな。{0000},0x0526
"",{7f04}{7f28}「このエンドールで{7f02}空いている店が　買えるなんて{7f02}いい話だと思うがな。{0000},0x056A
