"",{7f04}ロレンス「それは　残念です。{7f02}また　気が変わったら　来てください。{7f0b}{0000},0x0018
"",{7f04}ロレンス「おお　やとってくれますか！？{7f02}では　まいりましょう。{7f0b}{0000},0x0034
"",{7f04}ロレンス「しかし　お金が{7f02}足りないようですね。{7f02}お金を　ためてから　来てください。{7f0b}{0000},0x004F
"",{7f04}ロレンス「私は　旅の詩人ですが{7f02}修行をつみ{7f02}魔法も　使えるようになりました。{7f0a}{7f02}{7f04}ロレンス「５日間　６００Ｇで{7f02}この私を　やとってみませんか？{0000},0x0072
"",まあ　地道に　こつこつと　やってれば{7f02}そのうち　いいこともあるはず。{7f02}がんばれよっ！　ヒック。{7f0b}{0000},0x00B1
"",それは　よかったなあ。ヒック。{7f0b}{0000},0x00D8
"",うい～　よった　よった。{7f02}おい！　もうかってるか？{0000},0x00E5
"",ねえ　知ってる？{7f02}この前　お城で{7f02}武術大会が　開かれたのよ。{7f0b}{0000},0x00F8
"",{7f04}スコット「そうか　残念だな。{7f02}気が変わったら　また　来るがよい。{7f0b}{0000},0x0112
"",{7f04}スコット「そうか！　やとってくれるか。{7f02}さあ　どこへでも　ついてゆくぞ！{7f0b}{0000},0x012E
"",{7f04}スコット「しかし　お金が{7f02}足りないようだな。{7f02}出直してくるがよい。{7f0b}{0000},0x014C
"",{7f04}スコット「しかしオレは{7f02}犬が　きらいなのだ。{7f0a}{7f02}{7f04}スコット「もし　借りてきた犬なら{7f02}返してくることだな。{7f0b}{0000},0x0168
"",{7f04}スコット「洞くつなどには　まだまだ{7f02}すごい宝が　あるらしいが{7f02}恐ろしい怪物も　住んでいるのだ。{7f0a}{7f02}{7f04}スコット「どうだ？{7f02}５日間　４００Ｇで{7f02}このオレを　用心棒に　やとわないか？{0000},0x0193
"",この門を　くぐった先に{7f02}エンドールのお城がある。{7f0a}{7f02}コロシアムへも　行けるが{7f02}今は　武術大会も終わったゆえ{7f02}閉鎖中だそうだ。{7f0b}{0000},0x01DD
"",武術大会の後　しばらくは{7f02}怪物も　出なかったのに{7f02}また　出るようになったのよ。{7f0a}{7f02}なにが　どうなってんだか……。{7f02}ぶっそうな世の中だねえ。{7f0b}{0000},0x0216
"",ほら　あんなに速く　雲が{7f02}流れてゆくわ。{7f0a}{7f02}どこかで　よくないことが{7f02}起こっているのかしら……。{7f0b}{0000},0x024E
"",ここは　エンドールの城下町だ。{7f0b}{0000},0x0276
"",あ　流れ星！{7f0a}{7f02}神さま　どうか{7f02}この国を　お守りください……。{7f0b}{0000},0x0284
"",かあ～　見回りも　楽じゃねえぜ。{7f02}早く　酒場にでもいって{7f02}いっぱい　やりたいなあ。{7f0b}{0000},0x02A0
"",エンドールの城下町に　ようこそ。{7f0b}{0000},0x02C4
"",ご成婚　おめでとう！{7f02}リック王子　モニカ姫{7f0b}{0000},0x02D3
"",武術大会　終わる！{7f02}優勝者　{7f21}姫！{7f0b}{0000},0x02E9
"",武術大会　終了！{7f02}優勝は　{7f21}姫{7f02}おめでとう！！{7f0b}{0000},0x02FA
"",武術大会　開催中！{7f0b}{0000},0x0310
"",{7f04}ロレンス「このエンドールは{7f02}じつに　にぎやかな所ですね。{7f0a}{7f02}{7f04}ロレンス「私も　いろいろな所を{7f02}旅してきましたが　この国ほど{7f02}栄えている所は　初めてです。{0000},0x031A
"",{7f04}{7f28}「この町には　もうけ話も{7f02}多いが　おいしい話にこそ{7f02}危険は　つきものってな。{7f0a}{7f02}{7f04}{7f28}「おかげで　オレも{7f02}仕事に困らないってワケだ。{0000},0x035B
"",{7f04}{7f28}「あんた　このオレを{7f02}用心棒に　やとえるなんて{7f02}運が　いいぞ。{7f0a}{7f02}{7f04}{7f28}「さあ　どこへなりとも{7f02}行こうじゃないか。{0000},0x0393
"",{7f04}トーマス「クゥ～ン。{0000},0x03C2
