"",スロットマシーンがあります。{7f02}やってみますか？{0000},0x0018
"",私は　バトランドの戦士　{7f20}。{7f0a}{7f02}{7f04}{7f20}「私の　探している　お人が{7f02}もしや　武術大会にと思い{7f02}来てみたのだが……。{7f0a}{7f02}{7f04}{7f20}「すでに　武術大会も　終わり{7f02}このカジノも　しばらくは{7f02}休みだそうだな。{7f0b}{0000},0x002C
"",なーに　ツキはそのうち{7f02}やって来るさ。{7f02}ここは耐えて　がんばれよ！{7f0b}{0000},0x007A
"",よーし　それなら強気でいくんだ。{7f02}勝ってるは　強気だぜ！{7f0b}{0000},0x0096
"",どうだ？　もうかってるか？{0000},0x00AE
"",おお！　今日の稼ぎが{7f02}ぜんぶパーです。とほほ……。{7f0b}{0000},0x00B9
"",いくら　勝ったところで{7f02}コインは　お金には戻らない。{7f0a}{7f02}ムリをせず{7f02}余ったお金で　楽しむのが{7f02}利口な　やり方だろう。{7f0b}{0000},0x00D0
"",コインが　たまったら{7f02}右の交換所で{7f02}品物に　替えることができます。{7f0b}{0000},0x0101
"",今日は　どうも　ついてないわねえ。{7f0b}{0000},0x011D
"",やったー！{7f02}ダブルアップで　８枚が１６枚！{7f02}もう　やみつきだぜ！{7f0b}{0000},0x012C
"",ようこそ　カジノへ。{7f0a}{7f02}ここでは　コインしか使えません。{7f02}そちらの　キャッシャーで{7f02}コインを　買ってくださいね。{7f0b}{0000},0x014A
"",{7f04}ロレンス「カジノが　休みで{7f02}あなたにとっては　よかったのでは？{7f0a}{7f02}{7f04}ロレンス「これから　かせごうという{7f02}商人が　カジノで遊んでいては{7f02}目も当てられませんからね。{0000},0x0178
"",{7f04}{7f28}「今の戦士　かなりできるな。{7f02}雰囲気でわかるぜ。{7f02}オレなんかでは　とてもとても……。{0000},0x01B9
