"",ウワサでは　西の国サントハイムから{7f02}人々が　消えたとか。{7f02}なにが　起こったのであろうか……。{7f0b}{0000},0x0018
"",むにゃむにゃ……。{7f02}女神像が　洞くつにあるなら{7f02}早く　取ってくればいいのに……。{7f0a}{7f02}まったく　ウチの人ったら{7f02}おくびょうなんだから……。{7f02}ぐうぐう……。{7f0b}{0000},0x003F
"",{7f04}ロレンス「それは　残念です。{7f02}また　気が変わったら　来てください。{7f0b}{0000},0x007E
"",{7f04}ロレンス「おお　やとってくれますか！？{7f02}では　まいりましょう。{7f0b}{0000},0x009A
"",{7f04}ロレンス「しかし　お金が{7f02}足りないようですね。{7f02}お金を　ためてから　来てください。{7f0b}{0000},0x00B4
"",{7f04}ロレンス「私は　旅の詩人ですが{7f02}修行をつみ{7f02}魔法も　使えるようになりました。{7f0a}{7f02}{7f04}ロレンス「５日間　６００Ｇで{7f02}この私を　やとってみませんか？{0000},0x00D6
"",あわわ　そうでしたか……。{7f02}今の話は　聞かなかったことに{7f02}してください。わっはっはっ。{7f0b}{0000},0x0113
"",じつは　わたしもなんです。{7f02}もし　手に入れたら　きっと　高く{7f02}売れるでしょうなあ。わっはっはっ。{7f0b}{0000},0x0135
"",おや　あなたも　商人ですな。{7f02}すると　あなたも　銀の女神像を{7f02}手に入れるために？{0000},0x015B
"",{7f04}スコット「そうか　残念だな。{7f02}気が変わったら　また　来るがよい。{7f0b}{0000},0x017D
"",{7f04}スコット「そうか！　やとってくれるか。{7f02}さあ　どこへでも　ついてゆくぞ！{7f0b}{0000},0x0198
"",{7f04}スコット「しかし　お金が{7f02}足りないようだな。{7f02}出直してくるがよい。{7f0b}{0000},0x01B8
"",{7f04}スコット「しかしオレは{7f02}犬が　きらいなのだ。{7f0a}{7f02}{7f04}スコット「もし　借りてきた犬なら{7f02}返してくることだな。{7f0b}{0000},0x01D4
"",{7f04}スコット「洞くつなどには　まだまだ{7f02}すごい宝が　あるらしいが{7f02}恐ろしい怪物も　住んでいるのだ。{7f0a}{7f02}{7f04}スコット「どうだ？{7f02}５日間　４００Ｇで{7f02}このオレを　用心棒に　やとわないか？{0000},0x01FE
"",{7f04}ロレンス「サントハイムには{7f02}私も　行ったことがあります。{7f0a}{7f02}{7f04}ロレンス「あの平和な国から{7f02}人が　消えてしまうなんて……。{7f02}何かの前ぶれなのでしょうか？{0000},0x0248
"",{7f04}{7f28}「そういえば　そんなウワサを{7f02}オレも　耳にしたぜ。{7f02}魔物どもの　しわざかも知れんな。{0000},0x0286
"",{7f04}ロレンス「５日間で　６００ゴールドは{7f02}高いんじゃないかですって？{7f0a}{7f02}{7f04}ロレンス「いえいえ。{7f02}わが魔法のチカラを{7f02}甘く見てもらっては　困ります。{7f0a}{7f02}{7f04}ロレンス「まあ　実際に　５日間{7f02}いっしょにいれば　私の実力は{7f02}わかっていただけるでしょうね。{0000},0x02AB
