"",{7f04}トム「いやいや　ありがとう。{7f02}おかげさまで　息子も　帰ってきたし。{7f0a}{7f02}{7f04}トム「あんたが　息子と　会ったのも{7f02}神さまの　お導きかもしれんな。{7f02}やれ　ありがたや。{7f0b}{0000},0x0018
"",トムじいさんの　息子さんが{7f02}帰ってきたそうですね。{7f02}本当に　よかったわ。{7f0b}{0000},0x0052
"",トムじいさんは　町を出た　息子さんが{7f02}帰ってくるようにと　毎日のように{7f02}ここに来て　お祈りしてますのよ。{7f0b}{0000},0x006D
"",{7f04}トム「わしの息子は　とんでもない{7f02}道楽者での……{7f02}村を飛び出したまま　それっきりじゃ。{7f0a}{7f02}{7f04}トム「今ごろ　どこで　どうしているやら。{7f02}人さまに　迷惑をかけてなければ{7f02}よいがのう……。{7f0b}{0000},0x0095
"",{7f04}トーマス「ワン！{0000},0x00DD
