"",{7f04}ポポロ「あっ　パパ！　おかえりなさーい！{7f02}うん。ボク　いい子にしてたよ。{7f0a}{7f02}{7f04}ポポロ「ボク　大きくなったら{7f02}パパみたいになって　お金をもうけて{7f02}パパやママに　楽させてあげるからね！{7f0b}{0000},0x0018
"",{7f04}ネネ「おかえりなさい。{7f02}ずいぶん　遅くまで{7f02}本当に　お疲れさまでした。{7f0a}{7f02}{7f04}ネネ「さあ　ゆっくり　休んでくださいな。{7f02}おやすみなさい　あなた……。{7f0b}{0000},0x0062
"",{7f04}ネネ「あら　あなた。なにか　忘れ物？{7f02}お仕事がんばってきてね。ちゅっ。{7f0b}{0000},0x009B
"",{7f04}ネネ「ねえ……。{7f02}わたしたちも　いずれは{7f02}自分のお店を　持ちたいわね。{7f0a}{7f02}{7f04}ネネ「あなたは　いつまでも{7f02}他人に使われるような　人じゃないわ。{7f0a}{7f02}{7f04}ネネ「そう思って　わたしは　あなたと{7f02}結婚したのよ。　もちろん{7f02}それだけじゃないけどね。ウフ。{7f0b}{0000},0x00B8
"",{7f04}ネネ「あら？{7f02}まだ　古いお弁当　持ってたの？{7f02}それじゃ　新しいのに　かえておくわね。{7f0b}{0000},0x0118
"",{7f04}ネネ「あら？{7f02}持ち物が　いっぱいなの？{7f02}それじゃ　今日は　やめておくわね。{7f0b}{0000},0x013B
"",{7f04}ネネ「はい　これ　お弁当。{7f02}今日も　がんばってね。{7f0b}{0000},0x0159
"",{7f04}ネネ「おはよう　あなた。もう朝よ。{7f0a}{0000},0x016E
"",{7f04}ネネ「あら　あなた　おかえりなさい。{7f02}お仕事　大変だったんでしょう。{7f0a}{7f02}{7f04}ネネ「さあ　ゆっくり　休んでくださいな。{7f02}おやすみなさい　あなた……。{7f0b}{0000},0x017D
"",{7f04}ポポロ「むにゃむにゃ……。{7f02}パパ　いってらっしゃい……。{7f0b}{0000},0x01B5
"",{7f04}ネネ「家を出たら　寝ぼけないで{7f02}まっすぐ　西に　歩くのよ。{7f02}じゃあ　今日も　がんばってきてね。{7f0b}{0000},0x01CD
"",{7f04}ネネ「家を出たら　寝ぼけないで{7f02}まっすぐ　西に　歩くのよ。{7f02}じゃあ　今日も　がんばってきてね。{7f0b}{0000},0x01F4
"",{7f04}ネネ「やっと　起きたわね。{7f02}はい　これ　お弁当。{7f0a}{0000},0x021B
"",{7f04}ネネ「あなた　いつまで　寝てるの？{7f02}早く　お店に　行かないと{7f02}また　親方に　しかられるわよ。{7f0a}{7f02}{7f04}ネネ「ねえ　あなたったら……。{7f0b}{0000},0x022F
"",ここは　エンドールから{7f02}はるか北にある{7f02}小さな町　レイクナバ。{7f0a}{7f02}この町には　{7f24}という{7f02}一人の男が　住んでいました。{7f0a}{7f02}今は　ただ　人に使われる身ですが{7f02}お金を貯めて　世界一の武器屋になる{7f02}それが　{7f24}の夢だったのです。{7f0b}{0000},0x0261
"",子供の　らくがき帳がある。{7f02}どのページにも　かわいい動物の絵が　{7f02}いっぱい描かれている。{7f0b}{0000},0x02C0
"",{7f04}ロレンス「{7f24}さんは{7f02}じつに　なんとも　幸せ者ですね。{0000},0x02E6
"",{7f04}{7f28}「あんたの奥さん{7f02}美人なんだなあ……。{7f02}世の中の　不条理を感じるぜ。{0000},0x02FE
