"",遅かったじゃないか！{7f02}さあ　店の中に　入った　入った！{7f0b}{0000},0x0018
"",エンドールに　店を持つなんて{7f02}見なおしたぜ。{7f24}。{7f0a}{7f02}やっぱり　美人のヨメさんが{7f02}いるヤツは　ひと味ちがうよな。{7f02}オレも　そろそろ……。{7f0b}{0000},0x002E
"",{7f24}さん。{7f02}あんたの成功を　祈っているよ。{7f0b}{0000},0x006A
"",よーし　トーマス　ご苦労だったな。{7f02}さあ　オリに　もどるんだ！{7f0b}{0000},0x007A
"",じゃあ　返したくなったら{7f02}いつでも　来ておくれよ。{7f02}オレは　ここに　いるからさ。{7f0b}{0000},0x0095
"",やあ　{7f24}さん。{7f02}どうしたんだい？{7f02}犬を　返しにきてくれたのかな？{0000},0x00B5
"",トーマス！{7f02}{7f24}さんの　言うことを{7f02}よく　きくんだぜ！{7f0b}{0000},0x00CE
"",{7f24}さん！{7f02}オレだよ　トムの息子だよ！{7f02}あんたのおかげで　帰ってこれたよ。{7f0a}{7f02}そうそう　お礼を　しなくちゃな。{7f02}でもいま　持ち合わせが　なくて……。{7f0a}{7f02}え？　なに？　お礼はいいから{7f02}犬のトーマスを　貸してくれだって？{7f02}ああ　おやすいご用さ。{7f0a}{7f02}きつね狩りが　得意な犬でさ{7f02}きっと　役に立つと思うよ。{7f0b}{0000},0x00E3
"",{7f04}トム「おお　{7f24}！{7f02}わしの息子が　帰ってきたのじゃ！{7f0a}{7f02}{7f04}トム「これも　毎日　教会に通い{7f02}あやつが　帰ってくるように{7f02}祈っていたおかげじゃろうか……。{7f0a}{7f02}{7f04}トム「こうしてはおれん。{7f02}{7f24}よ　わしを　教会まで{7f02}押していってくれんか？{0000},0x015D
"",よお　{7f24}！{7f02}今から　帰るところかい？{7f0a}{7f02}家に帰りゃ　美人のヨメさんが{7f02}出むかえてくれるんだよな。{7f02}うらやましいぜ　コンチクショウ！{7f0b}{0000},0x01B6
"",{7f24}さんも　私といっしょに{7f02}世界の平和を　神様に{7f02}祈ってくださいまし。{7f0a}{7f02}世界が　滅んでしまっては{7f02}{7f24}さんも　商売どころでは{7f02}ありませんものね。{7f0b}{0000},0x01EE
"",よお　{7f24}！{7f02}ネネさんは　元気にしてるかい？{7f0a}{7f02}まったく　あんな美人が{7f02}どうして　お前みたいなのと{7f02}結婚したのか　不思議だぜ。{7f0a}{7f02}オレなんて　このトシまで{7f02}独り身だってのによう……。{7f02}うらやましいぜ　コンチクショウ！{7f0b}{0000},0x022B
"",{7f04}トーマス「わんわんわん！{7f0b}{0000},0x0285
"",わんわんわん！{7f0b}{0000},0x0290
"",{7f04}ポポロ「あっ　パパ。{7f02}あのね　宿屋のおじちゃんが{7f02}話があるって　言ってたよ。{7f0b}{0000},0x0297
"",レイクナバの町に　ようこそ！{7f0a}{7f02}あれ？　なんだ　{7f24}かあ。{7f02}ようこそなんて言って{7f02}損しちゃったなあ。{7f0b}{0000},0x02B8
"",{7f04}トム「では　またな。{7f0b}{0000},0x02E0
"",{7f04}{7f24}は　{7f15}Ｇを　手に入れた！{7f0a}{0000},0x02EA
"",{7f04}トム「やれ　教会に　着いたわい。{7f02}すまんかったのう。{7f02}これを　受けとってくだされ。{7f0b}{0000},0x02F8
"",{7f04}トム「ほれ　どうした？{7f02}もっと　しっかり　押さぬか。{7f0b}{0000},0x031A
"",{7f04}トム「そうか……。残念じゃのう。{7f0b}{0000},0x0330
"",{7f04}トム「では　しっかり　押してくれよ。{7f0b}{0000},0x0340
"",{7f04}トム「おお　{7f24}　いい所に来た！{7f02}たのみたいことがあるんじゃ。{7f0a}{7f02}{7f04}トム「このトムじいも　年のせいか{7f02}足腰が　弱くなってのう……{7f02}教会に通うのも　ひと苦労じゃ。{7f0a}{7f02}{7f04}トム「後で　お礼を　するから{7f02}わしを　教会まで{7f02}押していってくれんか？{0000},0x0350
"",花だんの花を　ぬかないでください。{7f0b}{0000},0x03AE
"",{7f04}ロレンス「レイクナバには　妙に{7f02}客の多い　武器屋が　あるとか……。{7f0a}{7f02}{7f04}ロレンス「えっ？　あなたが{7f02}以前はたらいていた所なんですか？{0000},0x03BD
"",{7f04}{7f28}「ほう。{7f02}あんたは　この町の出身なのか。{7f02}うん　なかなか　いい所じゃないか！{0000},0x03F7
"",{7f04}トーマス「クゥ～ン　クゥ～ン。{0000},0x0416
"",{7f04}トーマス「ウ～ワンワンワン！{0000},0x0425
