"",わたしは　ドン・ガアデといいますが{7f02}いったい　これは　どうしたんでしょう？{7f0a}{7f02}{7f04}ドン・ガアデ「ふと　気づいたら{7f02}村が　なくなっていて……。{7f0a}{7f02}{7f04}ドン・ガアデ「そうだ！{7f02}こんなことを　している場合では{7f02}なかったのだ！{7f0a}{7f02}{7f04}ドン・ガアデ「早く　ボンモールのお城に{7f02}行かなくては……。{7f02}では　失礼！{7f0b}{0000},0x0018
"",こんこん{7f02}では　さようなら。{7f0b}{0000},0x0087
"",ああ　よかった！{7f02}逃がしてくれる　お礼に{7f02}このよろいを　差し上げましょう。{7f0b}{0000},0x0092
"",そんな　意地悪言わないで{7f02}逃がしてくださいよお。{0000},0x00B1
"",こんこん　まいりました。{7f02}どうか　逃がしてください。{7f02}もう　２度と　悪さをしませんから……。{0000},0x00C4
"",{7f04}ロレンス「この辺りには　以前{7f02}人を化かす　きつねが　いたと{7f02}聞いています。{7f0a}{7f02}{7f04}ロレンス「あっ　信じていませんね！？{7f02}まあ　無理もないか……きつねが{7f02}人を化かすなんて　迷信ですから。{0000},0x00E6
"",{7f04}{7f28}「……なんだ　ここは？{7f02}ただの荒れ地じゃないか。{0000},0x012F
"",{7f04}トーマス「わん？{0000},0x0143
