"",あーあ　やっぱり　仕事を{7f02}もらえませんでした。ところで……{7f0a}{7f02}キングレオのお城では{7f02}毎日のように　女たちを呼んで{7f02}うたげを　ひらいているそうですね。{7f0a}{7f02}しかし　あのお城に行って{7f02}帰ってきた娘は{7f02}なぜか　ひとりもいないのです。{7f0b}{0000},0x0018
"",へー　あんたたち{7f02}親父さんの　カタキを探して{7f02}旅を　してたんだ！？{7f0a}{7f02}そりゃ　大変だろうけど{7f02}なにがあっても　絶対に{7f02}途中で　くじけるんじゃないよ。{7f0b}{0000},0x0071
"",すこしの間だったけど{7f02}一緒にはたらけて　楽しかったわ。{7f02}カタキ討ち　がんばってね。{7f0b}{0000},0x00AE
"",{7f04}{7f25}「おはよう　姉さん。{7f02}さあ　出かけましょう。{7f0b}{0000},0x00D0
"",{7f04}{7f26}「キングレオの悪いウワサは{7f02}あたしも　聞いたことがあるわ。{7f0a}{7f02}{7f04}{7f26}「きっと　スケベな王さまが{7f02}女の子を　囲いんでるんだろうって{7f02}ウワサになってたもの。{0000},0x00E4
"",{7f04}{7f25}「キングレオのお城で{7f02}なにが　起こってるのかしら……。{0000},0x0123
"",{7f04}{7f26}「あーあ　みんなと{7f02}さよならするのは　ちょっとだけ{7f02}なごりおしい気がするわね。{0000},0x013A
"",{7f04}{7f26}「ふわぁ～……。{7f02}昨夜のラストダンスは　ちょっと{7f02}はりきりすぎたわ。腰が……。{0000},0x015A
"",{7f04}{7f25}「姉さんにしては{7f02}めずらしく　すんなり起きたわね。{7f02}雨でも降らなきゃいいけど。{0000},0x017D
