"",錬金術？　ああ　知ってますよ。{7f02}鉄を　金に変えることでしょ？{7f0a}{7f02}多くの人が　研究をしているけど{7f02}それに成功した者は{7f02}ひとりも　いないはずです。{7f0b}{0000},0x0018
"",オレは　ここで{7f02}踊り子さんが　通るのを{7f02}待ってるんだ。{7f0a}{7f02}仕事を終えて　踊りつかれた{7f02}踊り子さんのカオが{7f02}なんともいえず　たまらんのだ。{7f0b}{0000},0x0056
"",くそー　リンダのやつ{7f02}どこへ　逃げたんだっ！？{7f0a}{7f02}せっかく　キングレオのお城から{7f02}お呼びがかかったって　いうのによ！{7f0b}{0000},0x008C
"",酒場で　はたらいていたリンダが{7f02}いなくなったらしい。{7f02}売れっ子だったのにな。{7f0b}{0000},0x00BF
"",酒場は　夜からよ。{7f02}ごめんね。{7f0b}{0000},0x00DD
"",ここは　歌と踊りの町モンバーバラ。{7f02}北に行けば　コーミズ村があります。{7f0b}{0000},0x00EB
"",コーミズ村の　錬金術師{7f02}エドガンさんは　弟子のバルザックに{7f02}殺されたんだってな。{7f0a}{7f02}なんとっ！？　あんたたちは{7f02}エドガンさんの娘さんだったのか！？{7f02}かわいそうになあ……。うっうっ。{7f0b}{0000},0x010D
"",歌に踊りもいいけどさ{7f02}あたしは　腹の底から笑えるような{7f02}旅芸人に　来てもらいたいよ。{7f0b}{0000},0x0159
"",オレは　ここで{7f02}踊り子さんが　通るのを{7f02}待ってるんだ。{7f0a}{7f02}仕事に向かう　踊り子さんの{7f02}さあ　やるぞってカオが{7f02}なんともいえず　たまらんのだ。{7f0b}{0000},0x017E
"",{7f04}{7f26}「いつまで　こんな所で{7f02}グズグズしてるつもり？{7f02}この国を出るのよ。一刻も早く。{0000},0x01B6
"",{7f04}{7f25}「この人……{7f02}昼間も　ここにいなかった？{7f02}一日中いるのかしら……。{0000},0x01DA
"",{7f04}{7f26}「お金も払わずに　踊り子を{7f02}見ようだなんて　貧乏人の上に{7f02}ずうずうしい！　最悪ねっ！{0000},0x01F6
"",{7f04}{7f2c}「なんと　{7f26}さまは{7f02}この町で　踊り子として{7f02}はたらいて　おられたですと！？{7f0a}{7f02}{7f04}{7f2c}「それは　ぜひ一度{7f02}見たかった……。いやいや{7f02}ご苦労を　されたのですな。{0000},0x021B
"",{7f04}{7f26}「スケベ男たちの　においが{7f02}町じゅう　ただよってるって感じ。{7f02}おー　やだやだ。{0000},0x025A
"",{7f04}{7f25}「どの建物からも{7f02}にぎやかな　人の声が{7f02}あふれてきてるわね。{0000},0x027C
"",{7f04}{7f26}「そう言えば　リンダってコの{7f02}言ってたこと　気になったわね。{7f0a}{7f02}{7f04}{7f26}「キングレオの新しい王さまの{7f02}恐ろしい実験って{7f02}いったい　なんなのかしら。{0000},0x0298
"",{7f04}{7f26}「リンダってコの気持ち{7f02}とっても　わかるわぁー。{7f0a}{7f02}{7f04}{7f26}「くる日もくる日も{7f02}スケベ男たちの　顔を見てたら{7f02}逃げたくもなるわよ。うんうん。{0000},0x02D3
"",{7f04}{7f25}「……姉さん。{7f02}ぶつぶつ言ってないで{7f02}はやく　行きましょ。{0000},0x030E
"",{7f04}{7f26}「ねえねえ　{7f25}。{7f02}あたし　前から考えてた{7f02}商売のネタが　あるんだけど……{7f0a}{7f02}{7f04}{7f26}「昼間から飲める{7f02}酒場があったら　結構{7f02}お客さんが入ると思わない？{0000},0x0328
"",{7f04}{7f25}「お父さんが　殺されたこと{7f02}やっぱり　この町にも{7f02}知れわたっているのね……。{7f0a}{7f02}{7f04}{7f25}「バルザック……。{7f02}お父さんのお弟子さんのことは{7f02}家族のように　思っていたのに。{0000},0x036A
"",{7f04}{7f26}「はっきり言って{7f02}他人の同情なんて{7f02}１ゴールドにも　ならないのよね。{0000},0x03AD
"",{7f04}{7f26}「お金も払わずに　踊り子を{7f02}見ようだなんて　貧乏人の上に{7f02}ずうずうしい！　最悪ねっ！{0000},0x03CC
"",{7f04}{7f2c}「なんと　{7f26}さまは{7f02}この町で　踊り子として{7f02}はたらいて　おられたですと！？{7f0a}{7f02}{7f04}{7f2c}「それは　ぜひ一度{7f02}見たかった……。いやいや{7f02}ご苦労を　されたのですな。{0000},0x03F2
"",{7f04}{7f26}「夜になると　スケベ面した{7f02}男たちが　わんさとやってくるから{7f02}なるべく明るいうちに行動しましょ。{0000},0x0430
"",{7f04}{7f25}「歌と踊りの町……。{7f02}そう　この町は　昼のあいだは{7f02}眠っているのよね。{0000},0x045B
