"",わたしは　ここに新しく入った{7f02}踊り子よ！{7f0a}{7f02}ここのスターだった　{7f26}に{7f02}負けないよう　がんばるわ！{7f0b}{0000},0x0018
"",{7f04}座長「最近　お城の使いが{7f02}女の子を　よく連れていくんだ。{7f02}うたげをひらく　とか言ってね。{7f0a}{7f02}{7f04}座長「え？　お城かい？{7f02}ここより　ずっと北の方。{7f02}コーミズ村より　まだ北だよ。{7f0b}{0000},0x003F
"",{7f04}座長「そうか。{7f02}いよいよ　行ってしまうか。{7f0a}{7f02}{7f04}座長「どこに行くかは知らんが　たまには{7f02}コーミズ村に　帰るのもよいだろう。{7f0a}{7f02}{7f04}座長「墓まいりをすれば{7f02}きっと　お父さんもよろこぶはず。{7f02}気をつけて　行くのだよ。{7f0b}{0000},0x0087
"",{7f04}座長「わたしとしては　人気もあるし{7f02}もうしばらく　いてほしかったのだが{7f02}カタキ討ちを　止めるワケにいくまい。{7f0a}{7f02}{7f04}座長「今日は　ゆっくり休んで{7f02}明日の朝　出ればいいだろう。{7f02}気をつけて　行くんだよ。{7f0b}{0000},0x00DA
"",{7f04}{7f26}たちは　１００Ｇを手に入れた。{7f0a}{0000},0x012C
"",{7f04}座長「まあ　そんなにガッカリしないで。{7f02}あせらなくても　旅を続けていれば{7f02}きっと　いつか見つかるさ。{7f0a}{7f02}{7f04}座長「そうそう　これは今日までの{7f02}お手当て。ご苦労だったね。{7f0b}{0000},0x013D
"",{7f04}{7f25}「そう……。{7f0b}{0000},0x0183
"",{7f04}{7f26}「あら　そうだったわね。{7f02}残念だけど　バルザックも{7f02}いなかったわ。{7f0a}{0000},0x018B
"",{7f04}{7f25}「もう！　ちがうでしょっ！{7f02}バルザックよ。カタキのバルザック！{7f0a}{0000},0x01A8
"",{7f04}{7f26}「だめだめ。{7f02}今日も　あんまり　いい男は{7f02}いなかったわ。{7f0a}{0000},0x01C6
"",{7f04}{7f25}「おつかれさま　姉さん。{7f02}どうだった？　いた？{7f0a}{0000},0x01DE
"",{7f04}{7f26}「あらら　また新人のコが{7f02}入ったのね。{7f0a}{7f02}{7f04}{7f26}「でも　この{7f26}ちゃんの{7f02}人気に追いつくには　あのコじゃ{7f02}ちょっと　むずかしいかもね。うふ。{0000},0x01F2
"",{7f04}{7f26}「生活に行きづまったら{7f02}また座長さんの　お世話になるわ。{7f02}さんざん　コビを売っておきましょ。{0000},0x022A
"",{7f04}{7f25}「そうね。{7f02}座長さんの言うとおりだわ。{7f02}今は　この町には用はないわね。{0000},0x0251
"",{7f04}{7f26}「生活に行きづまったら{7f02}また座長さんの　お世話になるわ。{7f02}さんざん　コビを売っておきましょ。{0000},0x026E
"",{7f04}{7f25}「そうね。{7f02}座長さんの言うとおりだわ。{7f02}今は　この町には用はないわね。{7f0a}{7f02}{7f04}{7f25}「姉さん。{7f02}コーミズ村に　戻りましょう。{0000},0x0295
