"",むふふー。たまらんのー。{7f02}こりゃー　夢に見るわい。{7f0b}{0000},0x0018
"",わわっ！　話しかけないでくれ！{7f02}今　踊り子さんのすがたを{7f02}目に　焼きつけてるんだから！{7f0b}{0000},0x002D
"",酒をやりながら　かわいこちゃんの{7f02}踊りを見る！　まったくこれ以上の{7f02}ぜいたくは　ないですよ！{7f0b}{0000},0x0051
"",あ…熱いッス！{7f02}身体中　熱いッス！！{7f0b}{0000},0x0076
"",え？　最近　{7f26}ちゃんが{7f02}出ないと思ったら　そんな姿にっ！{7f02}ああ　{7f26}ちゃん！{7f0b}{0000},0x0087
"",おや？　どこかで見たことあると{7f02}思ったら……　マーニャちゃん！？{7f0a}{7f02}うわー！　感激だなあ。{7f02}あなたと　お話ができるなんて！{7f0b}{0000},0x00A6
"",いいぞー！　脱げー！{7f0b}{0000},0x00D7
"",オレも　舞台に上がりてえなあ……。{7f0b}{0000},0x00E0
"",{7f26}ちゃんじゃないの！{7f02}やめたって　聞いてたけど{7f02}また戻ってきたんだね！　うれしー！{7f0b}{0000},0x00F1
"",いいです……。いい……。{7f0b}{0000},0x0112
"",リンリンちゃーん！{7f02}今日も　光ってるよーっ！{7f0b}{0000},0x011C
"",いや～{7f02}かぶりつきは　さいこーですなあ！{7f0b}{0000},0x012F
"",この席には　大金を払ってるんです！{7f02}絶対に　もとは取らなきゃ！{7f0b}{0000},0x0141
"",やめておこうと思ったのに{7f02}結局　今日も来ちゃいました！{7f02}もう　やみつきですよ！{7f0b}{0000},0x015C
"",むっひょー！{7f02}もっとぉ　もっとぉーっ！！{7f0b}{0000},0x017D
"",チ…チクショーッ！{7f02}どこにいっちまったんだあっ！{7f0b}{0000},0x018E
"",わたしの　うしろの人が{7f02}モゾモゾ動くので{7f02}気が散って　しょうがない！{7f0a}{7f02}なにか　落とし物でも{7f02}探しているのだろうか……。{7f0b}{0000},0x01A3
"",わたしは　バトランドという国から{7f02}{7f26}という踊り子を見るために{7f02}はるばる　やってきたのだが……{7f0a}{7f02}なんと　その踊り子は{7f02}もう　やめてしまって{7f02}ここには　いないというのだ。{7f0b}{0000},0x01D5
"",この　前の柱を取ってくれ！{7f02}ちっとも見えないよ！{7f0b}{0000},0x0218
"",踊り子を見ていると{7f02}心が　洗われますね。{7f0b}{0000},0x022D
"",こんなに　混んでいるとは！{7f02}ヒマなヤツらが多いぜ　まったく！{7f0b}{0000},0x023F
"",安いキップを買ったら{7f02}こんなに　うしろだったんですよ。{7f02}とほほ……。{7f0b}{0000},0x0259
"",{7f43}脱げー！{0000},0x0276
"",{7f43}おどれー！{0000},0x027B
"",{7f43}ピーピー！{0000},0x0281
"",{7f43}色っぽいよー！　{7f26}！{0000},0x0287
"",{7f43}ピー！　ピー！{0000},0x0290
"",{7f43}{7f26}ちゃん　さいこー！{0000},0x0297
"",これから始まるお話は{7f02}父親のカタキを探し　旅をする{7f02}美しい姉妹の物語。{7f0a}{7f02}姉{7f26}は　踊り子。{7f02}妹{7f25}は　占い師。{7f0a}{7f02}物語は　歌と踊りの町{7f02}モンバーバラから　始まります。{7f0b}{0000},0x02A0
"",{7f04}{7f26}「やばいやばいっ！{7f02}{7f25}！　今の男から{7f02}はやく　はなれるのよっ！{0000},0x02EA
"",{7f04}{7f25}「姉さんってば{7f02}結構　有名人だったのね……。{0000},0x0304
"",{7f04}{7f26}「そういう　あんたも{7f02}相当なヒマ人じゃんって{7f02}つっこみたくなるわね。{0000},0x031A
"",{7f04}{7f2c}「うおおっ！　客席からの{7f02}熱い視線が　眠っていた自分を{7f02}ふるい起こすようだっ！{0000},0x0339
"",{7f04}{7f25}「ちょ…ちょっと　姉さんっ！{7f02}あ…あたし　踊れないわよ！{7f0a}{7f02}{7f04}{7f25}「ど…どうすればいいの？{7f02}こう？　こう？{0000},0x035C
"",{7f04}{7f26}「おっとっと。思わずクセで{7f02}舞台に　上がっちゃったわ。{0000},0x0387
"",{7f04}{7f26}「昼のあいだは{7f02}ここも　静かなもんね。{0000},0x03A0
