"",{7f04}リンダ「お願いです！{7f02}どうか　見逃してください！{7f02}お城になんか　行きたくありません！{7f0a}{7f02}{7f04}リンダ「だって　あたし聞いたんです。{7f02}キングレオのお城に　革命が起こり{7f02}王さまは　殺されたとか。{7f0a}{7f02}{7f04}リンダ「そして　新しい王さまは{7f02}錬金術と称して{7f02}おそろしい　実験をしていると……。{7f0b}{0000},0x0018
"",ぐうぐう……。神よ　私に{7f02}あわれな子羊を守るチカラを{7f02}お与えください。ぐうぐう……。{7f0b}{0000},0x0084
"",誰を　おさがしかは知らんが{7f02}この部屋には　わししか　おらぬ。{7f02}立ち去られよ！{7f0b}{0000},0x00A8
"",美しく描かれた{7f02}風景画が　かざってある。{7f0b}{0000},0x00C8
"",{7f04}{7f26}「キングレオの悪いウワサは{7f02}あたしも　聞いたことがあるわ。{7f0a}{7f02}{7f04}{7f26}「きっと　スケベな王さまが{7f02}女の子を　囲いんでるんだろうって{7f02}ウワサになってたもの。{0000},0x00DA
"",{7f04}{7f25}「キングレオのお城で{7f02}なにか　起こっているみたい……。{0000},0x0119
"",{7f04}{7f25}「姉さん　行きましょ。{7f02}ここは　わたしたちの出る幕じゃ{7f02}ないじゃない。{0000},0x0130
"",{7f04}{7f26}「なんなのよっ！{7f02}じゃまくさい　おっさんねっ！{7f02}向こうに　行けないじゃない！{0000},0x014D
