"",いらっしゃい。{7f02}飲んで歌って　イヤなことは{7f02}忘れましょう！{7f0b}{0000},0x0018
"",錬金術師の　エドガンは{7f02}何ゆえに　弟子のバルザックに{7f02}殺されたのであろうか……。{7f0b}{0000},0x002F
"",よう！　あんたたちは{7f02}エドガンさんの　娘さんだったな。{7f0a}{7f02}ところでエドガンさんは　鉄を金に{7f02}変えることに　成功したのかい？{7f02}えっ？　知らないのか。{7f0a}{7f02}でもよう　もしそれができりゃ{7f02}王さまにだって　なれるよなあ。{7f02}ひっく……。{7f0b}{0000},0x0050
"",仕事のあとの　お酒は{7f02}さいこーですよ。かー　うまい！{7f0b}{0000},0x00A6
"",モンバーバラの　夕焼けの風景を{7f02}描いた絵が　かざられている。{7f0b}{0000},0x00BB
"",{7f04}{7f25}「お父さん……。{7f02}錬金術の夢が　かなえられなくて{7f02}どんなに　無念だったでしょうね。{0000},0x00D4
