"",この部屋は　リンダの部屋だったのに{7f02}あのコ　どこ行ったんだろうねえ……。{7f0b}{0000},0x0018
"",え？{7f02}ここは　ぱふぱふの部屋かだって？{7f02}うふふ　ないしょよ。{7f0b}{0000},0x0033
"",やだ～！{7f02}ここは　あなたのような人が{7f02}来る所じゃないわよ。{7f0b}{0000},0x0049
"",美しく描かれた{7f02}風景画が　かざってある。{7f0b}{0000},0x005F
"",{7f04}{7f26}「……あんたは　いったい{7f02}なにを　想像してんのよ。{0000},0x0070
"",{7f04}{7f25}「やだやだっ！{7f02}こんな所に来るなんて{7f02}姉さんってば　乱れてるっ！{0000},0x0084
