"",{7f43}船が着いたぞー！{7f02}エンドールの国だぞー！{7f0b}{0000},0x0018
"",ここより　北　コーミズ村。{7f0b}{0000},0x002C
"",橋は　みんなのもの。{7f02}こわさないように　しましょう。{7f0b}{0000},0x0038
"",ここより　東　テンペの村。{7f0b}{0000},0x004D
"",森の　中では{7f02}あそばないように。{7f0b}{0000},0x0059
"",あやしい者を　見つけたら{7f02}お城まで！　バトランド王{7f0b}{0000},0x0067
"",{7f04}{7f25}「{7f2c}さん……。{0000},0x007E
"",{7f04}{7f26}「行くのよ　{7f25}。{7f02}船に乗って　この国を出るのよ。{0000},0x0085
"",{7f04}{7f2c}「エドガンさま……。{7f02}おじょうさまの命は{7f02}この{7f2c}が　必ずや……。{0000},0x009A
"",{7f04}{7f25}「次に　目指すのは{7f02}キングレオのお城ね。{0000},0x00B5
"",{7f04}{7f26}「いつまでも　こんな所に{7f02}いないで　キングレオのお城を{7f02}目指すのよ。{0000},0x00C7
"",{7f04}{7f2c}「バルザックのやつめ。{7f02}いったい　どこに{7f02}かくれているのか……。{0000},0x00E3
"",{7f04}{7f2c}「この{7f2c}{7f02}こうして　外に出るのは{7f02}久しぶりです……。{7f0a}{7f02}{7f04}{7f2c}「ずいぶん　長い間{7f02}あの洞くつの中で　キズの回復を{7f02}待っておりましたから……。{0000},0x00FE
"",{7f04}{7f26}「そうねえ。ここまでで{7f02}気になった話って言えば……{7f0a}{7f02}{7f04}{7f26}「やっぱり　キングレオの{7f02}王さまの話ね。どうする？{7f02}キングレオのお城に　行ってみる？{0000},0x0136
"",{7f04}{7f25}「バルザックが　お父さんを{7f02}殺した後　悪魔に魂を売ったのは{7f02}わかったけど……{7f0a}{7f02}{7f04}{7f25}「まだ　肝心の居場所までは{7f02}わからないのよね。{0000},0x0172
"",{7f04}{7f26}「とにかく　バルザックを{7f02}倒すまで　あたしたちの{7f02}旅は　終わらないのよ。{0000},0x01A9
"",{7f04}{7f25}「お父さんのカタキ……。{7f02}バルザックは　いったい{7f02}どこに　いるのかしら？{0000},0x01C8
