"",{7f04}ペスタ「くーん　くーん。{7f0b}{0000},0x0018
"",キングレオの王さまが代わってから{7f02}税金の取り立てが　きびしくてのう。{7f02}こんな夜ふけまで　働かねばならん。{7f0a}{7f02}死んでしまった　先代の王は{7f02}こんなこと　させんかったのにのう。{7f02}ぶつぶつ……。{7f0b}{0000},0x0023
"",まったく　きはバルザックじゃ！{7f02}はじめから　エドガンの発明を{7f02}盗む気で　弟子になったのじゃろう。{7f0b}{0000},0x0072
"",まったく　きはバルザックじゃ！{7f02}はじめから　エドガンの発明を{7f02}盗む気で　弟子になったのじゃろう。{7f0a}{7f02}ところで　これは秘密じゃがな……。{7f0a}{7f02}エドガンの　もうひとりの弟子{7f02}オーリンは　この村の西の洞くつに{7f02}身を　ひそめているらしいぞ。{7f0a}{7f02}オーリンなら{7f02}バルザックの　いどころを{7f02}知っているかもしれんのう……。{7f0b}{0000},0x009D
"",{7f04}ペスタ「わん　わん　わん！{7f0b}{0000},0x011D
"",ああ　{7f25}ちゃん！{7f02}なんという姿に……。{7f0a}{7f02}だから　カタキ討ちなんておやめって{7f02}あれほど言ったのに……。{7f0b}{0000},0x0129
"",おや　{7f25}ちゃんじゃない！{7f02}帰ってきたんだね。{7f02}やっぱり故郷は　いいもんでしょ。{7f0b}{0000},0x0153
"",ヒヒーン！{7f0b}{0000},0x0175
"",ヒヒーン！{7f0b}{0000},0x017C
"",エドガンさんが　亡くなってから{7f02}どのくらい　たつかのう……。{7f0a}{7f02}あの頃　ミネアの拾った仔犬が{7f02}わしのところで　大きくなってのう。{7f0a}{7f02}利口な犬じゃから{7f02}きっと　ふたりのことも{7f02}おぼえているはずじゃ。{7f0b}{0000},0x0182
"",ンモーーー。{7f0b}{0000},0x01D3
"",ここは　コーミズ村だよ。{7f0a}{7f02}おや　たしか　あんたは{7f02}エドガンさんの娘さん！{7f02}そうか　帰ってきただか！{7f0b}{0000},0x01DA
"",錬金術師エドガン　ここに眠る{7f02}と刻まれている。{7f0b}{0000},0x0204
"",錬金術師　エドガンの家。{7f0b}{0000},0x0219
"",{7f04}{7f26}「いつまで　こんな所で{7f02}グズグズしてるつもり？{7f02}この国を出るのよ。一刻も早く。{0000},0x0226
"",{7f04}{7f26}「進化の秘法……。{7f0a}{7f02}{7f04}{7f26}「……なんなの？{7f02}すごく　イヤな気持ちになる言葉。{0000},0x024A
"",{7f04}{7f25}「ごめんね　ペスタ。{7f02}お父さんのカタキを討ったら{7f02}そのときは　また一緒に暮らそうね。{0000},0x026D
"",{7f04}{7f2c}「ここに戻るのは{7f02}我が師　エドガンさまのカタキを{7f02}討った後と　決めていたのですが……。{0000},0x0292
"",{7f04}{7f26}「う～ん……。{7f02}いつ来ても　面白みに欠ける村ね。{0000},0x02B8
"",{7f04}{7f25}「お父さんは　もういないけど{7f02}ここにいるだけで　なんだか{7f02}わたしは　ほっとするわ。{0000},0x02CE
"",{7f04}{7f2c}「バルザックめ……。{7f02}あれほど　目をかけてくれた{7f02}エドガンさまを……。くっ！{0000},0x02F0
"",{7f04}{7f26}「西の洞くつっていえば{7f02}よく　父さんも行ってたわよね。{7f0a}{7f02}{7f04}{7f26}「あんなところに{7f02}何か　あるのかしら。{0000},0x0311
"",{7f04}{7f25}「そうね……。{7f02}そういえば　{7f2c}さんは{7f02}あれから　どうしてるのかしら？{7f0a}{7f02}{7f04}{7f25}「{7f2c}さんがいれば{7f02}きっと　わたしたちのチカラに{7f02}なってくれるだろうけど……。{0000},0x033C
"",{7f04}{7f25}「ペスタ　わたしたちのこと{7f02}ちゃんと　おぼえてたのね！{0000},0x037A
"",{7f04}{7f25}「あはは。{7f02}ペスタも　元気にしてるのね！{0000},0x0392
"",{7f04}{7f26}「牛のカルビン号も{7f02}まだまだ　元気そうだったわね。{7f0a}{7f02}{7f04}{7f26}「あたしは　絶対いつか{7f02}あいつを食べるって　子供の頃から{7f02}決めてるんだから。{0000},0x03A4
"",{7f04}{7f25}「うふふ。{7f02}みんな　変わってなくて{7f02}うれしいな。{0000},0x03DF
"",{7f04}{7f2c}「ここに戻るのは{7f02}我が師　エドガンさまのカタキを{7f02}討った後と　決めていたのですが……。{0000},0x03F4
"",{7f04}{7f26}「う～ん……。{7f02}いつ来ても　面白みに欠ける村ね。{0000},0x0419
"",{7f04}{7f25}「お父さんは　もういないけど{7f02}ここにいるだけで　わたしは{7f02}なんだか　ほっとするわ。{0000},0x0430
