"",おや？　あんたたちも　この洞くつに{7f02}静寂の玉を　探しにきたのかい？{7f0a}{7f02}でも　あきらめたほうがいいよ。{7f02}わたしも　はるばるモンバーバラから{7f02}やってきたんだがね……。{7f0a}{7f02}どうしても　下に降りる階段が{7f02}見つからないのだよ。{7f0b}{0000},0x0018
"",ここに　錬金術師の{7f02}秘密の研究所があると{7f02}聞いてきたのだが……。{7f0a}{7f02}どうしても　下に降りる階段が{7f02}見つからないのだよ。{7f0a}{7f02}宝箱の底に　仕掛けがあって{7f02}それで入り口が開くってことは{7f02}わかっているのに……。とほほ。{7f0b}{0000},0x006E
"",{7f04}{7f26}「はあ……。{7f02}また　この洞くつにいるなんて{7f02}あたしってば　かわいそう……。{0000},0x00C4
"",{7f04}{7f25}「{7f2c}さんが{7f02}この奥にいたのには{7f02}きっと　理由があるんです。{7f0a}{7f02}{7f04}{7f25}「この洞くつには{7f02}まだ　なにかあります。{7f02}まちがいありません。{0000},0x00E0
"",{7f04}{7f26}「下におりる階段が{7f02}見つからないのは　あのおっさんに{7f02}知恵と勇気が　足りないせいよ。{7f0a}{7f02}{7f04}{7f26}「……って　あたし前にも{7f02}同じこと言った気がするわね。{7f02}気のせいかしら？{0000},0x0112
"",{7f04}{7f21}「さーてっ！{7f02}どんな魔物が出てきても{7f02}この{7f21}が　相手するわよ！{0000},0x0153
"",{7f04}{7f2f}「いつも　空の上なので{7f02}地面の下というのも{7f02}なかなか　刺激的でステキです。{0000},0x016F
"",{7f04}{7f23}「魔物の気配がありますな。{7f02}なにはともあれ{7f02}油断は禁物ですぞ。{0000},0x0190
"",{7f04}{7f26}「これでもう　この洞くつには{7f02}用はないんでしょ？{7f02}だったら　さっさと出ましょうよ！{0000},0x01AC
"",{7f04}{7f26}「ねーねー。{7f02}あたしたち　まだここから{7f02}出れないの？{7f0a}{7f02}{7f04}{7f26}「へ？　静寂の玉？{7f02}そんなの　どうだっていいじゃない。{0000},0x01CE
"",{7f04}{7f2c}「あの上下する床は{7f02}エドガンさまの　作られた仕掛け。{7f02}やすやすとは　見つかりますまい。{0000},0x01FD
"",{7f04}{7f26}「下におりる階段が{7f02}見つからないのは　あのおっさんに{7f02}知恵と勇気が　足りないせいよ。{0000},0x0223
"",{7f04}{7f25}「こんな所に　人がいるなんて{7f02}ちょっと　信じられないけど……。{0000},0x0245
"",{7f04}{7f26}「あー　やだやだ。{7f02}あたしってば　洞くつって場所が{7f02}無条件に　きらいなのよね。{0000},0x0260
