"",{7f04}オーリン「とにかく　このわたしも{7f02}おともさせて　いただきます！{7f02}さあ　急いで　まいりましょう！{7f0b}{0000},0x0018
"",{7f04}オーリン「おおっ！　それです！{7f02}すでに　お持ちでしたか！{7f0a}{0000},0x003D
"",ややっ！{7f02}{7f26}さまに　{7f25}さま！{7f02}わたしです！　弟子のオーリンです！{7f0a}{7f02}{7f04}オーリン「なんですって！？{7f02}おふたりだけで　カタキ討ちの旅を？{7f02}おお……　なんと言うことだ！{7f0a}{7f02}{7f04}オーリン「ならば　わたしも{7f02}おじょうさまがたと　願いは同じ！{7f0a}{7f02}{7f04}オーリン「わたしも　エドガンさまの{7f02}カタキ討ちだけを胸に　ここで{7f02}キズの回復を　待っていたのです！{7f0a}{7f02}{7f04}オーリン「うわさでは　バルザックめ{7f02}悪魔に魂を売り　強力なチカラを{7f02}身に　つけたそうです。{7f0a}{7f02}{7f04}オーリン「しかし　静寂の玉さえあれば{7f02}やつのチカラを　封じられるはず！{7f0a}{0000},0x0055
"",宝箱の底に　ボタンを見つけた！{7f02}押してみますか？{0000},0x0127
"",{7f04}{7f26}「はっは～ん。{7f02}父さんったら　うまいこと{7f02}かくしたものね。{0000},0x013D
"",{7f04}{7f25}「この宝箱に{7f02}こんな仕掛けがあったなんて……。{0000},0x0155
"",{7f04}{7f26}「はあ……。{7f02}また　この洞くつにいるなんて{7f02}あたしってば　かわいそう……。{0000},0x0169
"",{7f04}{7f25}「{7f2c}さんが{7f02}この奥にいたのには{7f02}きっと　理由があるんです。{7f0a}{7f02}{7f04}{7f25}「この洞くつには{7f02}まだ　なにかあります。{7f02}まちがいありません。{0000},0x0187
"",{7f04}{7f21}「さーてっ！{7f02}どんな魔物が出てきても{7f02}この{7f21}が　相手するわよ！{0000},0x01B9
"",{7f04}{7f2f}「いつも　空の上なので{7f02}地面の下というのも{7f02}なかなか　刺激的でステキです。{0000},0x01D5
"",{7f04}{7f23}「魔物の気配がありますな。{7f02}なにはともあれ{7f02}油断は禁物ですぞ。{0000},0x01F7
"",{7f04}{7f26}「これでもう　この洞くつには{7f02}用はないんでしょ？{7f02}だったら　さっさと出ましょうよ！{0000},0x0213
"",{7f04}{7f26}「ねーねー。{7f02}あたしたち　まだここから{7f02}出れないの？{7f0a}{7f02}{7f04}{7f26}「へ？　静寂の玉？{7f02}そんなの　どうだっていいじゃない。{0000},0x0235
"",{7f04}{7f2c}「わたしが　至らないばかりに{7f02}{7f25}さまと　{7f26}さまにまで{7f02}ご苦労を……。{7f0a}{7f02}{7f04}{7f2c}「ここから先は　なにがあろうと{7f02}おじょうさまがたに{7f02}ご苦労は　おかけしませんぞ。{0000},0x0263
"",{7f04}{7f25}「{7f2c}さんがいれば{7f02}魔物と戦うのも　うんと楽になるわ。{0000},0x02A3
"",{7f04}{7f26}「{7f2c}は{7f02}生きていて　よかったわね。{7f0a}{7f02}{7f04}{7f26}「さあ　目指すカタキは{7f02}バルザックよ。{7f02}さっさと　ここから出ましょ。{0000},0x02BA
"",{7f04}{7f25}「こんな所に　人がいるなんて{7f02}ちょっと　信じられないけど……。{0000},0x02E9
"",{7f04}{7f26}「暗ーい。寒ーい。じめじめー。{7f02}もう　ホントやだやだ。{7f02}背中が　かゆーいっ！{0000},0x0304
