"",ダミー{7f0b}{0000},0x0018
"",「魔法の杖をもとめて　第４章」と{7f02}書かれた　古い本がある。{7f02}{7f4b}は　手にとって読んだ。{7f0a}{7f02}私は魔法使いマドルエ。{7f02}気は進まぬが　これも仕事とわりきって{7f02}洞くつに　もぐることにした。{7f0a}{7f02}なんでも　魔法の杖を　見つけるには{7f02}もっとも奥の宝箱の　底を調べるべし{7f02}……とのことだ。{7f0a}{7f02}まったく　よりにもよって{7f02}一番奥の部屋とは　念の入ったことだ。{7f02}そんなに私がキライか？　ムキッ～！！{7f0a}{7f02}……いや　少々取り乱した。{7f02}とにかく　この魔法の杖を見つけたら{7f02}もう　こんな仕事は　やめてしまおう。{7f0a}{7f02}故郷に帰り　今までコツコツためた金で{7f02}なにか商売でも　始めよう。{7f02}これからは　気ままに生きてやるんだ！{7f0b}{0000},0x001C
"",{7f04}{7f24}「ふむ……。{7f02}こりゃ　見たことのない素材だ。{7f02}このカギ　値打ちモノですぞ。{7f0a}{7f02}{7f04}{7f24}「おっとっと。{7f02}だからといって{7f02}売っては　いけませんよ。{0000},0x010A
"",{7f04}{7f22}「このカギがあれば{7f02}また　私たちに　新しい道が{7f02}生まれるかもしれませんね。{0000},0x0142
"",{7f04}{7f25}「ありがとう。{7f02}お父さん……。{0000},0x0163
"",{7f04}{7f26}「あった　あった！{7f02}本当にもう　父さんってば{7f02}じらし上手なんだからー{0000},0x0170
"",{7f04}{7f26}「父さんったら{7f02}あたしたちにまで　ナイショで{7f02}こんな部屋を　持ってたなんて……。{7f0a}{7f02}{7f04}{7f26}「まさか　研究以外のことも{7f02}してたり……なんてことないわね。{7f02}あの　父さんのことだから。{0000},0x018D
"",{7f04}{7f25}「知らなかった。{7f02}お父さんが使ってた部屋……。{0000},0x01D2
