"",返事がない。{7f02}ただの　しかばねのようだ……。{7f0b}{0000},0x0018
"",{7f04}{7f2c}「ど　どうやら　わたしは……{7f02}もう　おとも　できそうに{7f02}ありません……。{7f0a}{7f02}{7f04}{7f2c}「ご無念でしょうが……{7f02}ひとまず　この国を出るのです。{7f02}そして　いつの日か必ず……。{7f0a}{7f02}{7f04}{7f2c}「父のカタキを果たす{7f02}その日まで　おふたりとも{7f02}どうか　ご無事で……。ぐふっ！{7f0b}{0000},0x002A
"",{7f04}{7f2c}「ここは　わたしにまかせて{7f02}お逃げください！　さあ　はやく！{7f0b}{0000},0x0092
"",だ…　脱獄だーっ！{7f02}だれか　手を貸してくれーっ！{7f0b}{0000},0x00AC
"",{7f04}{7f2c}「くっ！　見つかったか！{7f02}かくなる上は……　うおおおっ！{7f0b}{0000},0x00C1
"",むむむっ！？{7f02}お前たち　どこから現れた！{7f0a}{0000},0x00D9
"",ぐうぐう……。{7f02}は　はくしょん！{7f02}ぐうぐう……。{7f0b}{0000},0x00EB
"",あーん　つかまっちゃう！{7f02}きゃっきゃっ。{7f0b}{0000},0x00FF
"",でへへー。{7f02}逃がさないぞー。でへへー。{7f0b}{0000},0x0110
"",この城の大臣は{7f02}とても　神経質なお方だ。{7f0a}{7f02}この前も　大きな音をさせて{7f02}大臣を　ビックリさせた男が{7f02}港町の牢屋に　入れられてな。{7f0a}{7f02}港町か？{7f02}この城から　すこし北に行った{7f02}海辺に　あるはずだぞ。{7f0b}{0000},0x0121
"",う～む　不思議だ……。{7f02}どうも　足もとから　人の声が{7f02}聞こえてくる気がするのだ。{7f0b}{0000},0x0174
"",この城の大臣は　おくびょうなくせに{7f02}いつも　いばってるんだよ。{7f0a}{7f02}あいつの部屋の前で{7f02}大きな音を　たててごらん。{7f0a}{7f02}きっとビックリして　王さまに{7f02}知らせにいくだろうさ。きゃはは！{7f0b}{0000},0x0197
"",王さまの部屋がどこかは{7f02}大臣しか　知らないと思うよ。{7f0a}{7f02}大臣のあとをつければ{7f02}わかるだろうけど　後がこわいしね。{7f0b}{0000},0x01E0
"",ここは　偉大なるお城{7f02}キングレオだ！{7f0b}{0000},0x0210
"",なんと　かいだんが　みつかった。{0000},0x0222
"",{7f04}{7f25}「{7f2c}さん……。{0000},0x022E
"",{7f04}{7f26}「ねえ　{7f25}。あたしたちは{7f02}なにがあっても　どんなことしても{7f02}絶対に　生き延びるのよ。{7f0a}{7f02}{7f04}{7f26}「あたしたちが死んだら{7f02}誰も　父さんと{7f2c}のカタキを{7f02}討てないんだから……。{0000},0x0235
"",{7f04}{7f25}「{7f2c}さん……。{0000},0x0279
"",{7f04}{7f26}「いいから　行くのっ！{0000},0x0281
"",{7f04}{7f25}「だって　{7f2c}さんが……。{0000},0x028B
"",{7f04}{7f26}「逃げるのよ　{7f25}！{0000},0x0295
"",{7f04}{7f25}「変わったお城……。{0000},0x029F
"",{7f04}{7f26}「やっばーい。{7f02}あの男　真剣にこわれてるかも。{0000},0x02A9
"",{7f04}{7f25}「変わったお城……。{0000},0x02BE
"",{7f04}{7f2c}「カギのかかったトビラの先に{7f02}行かれたいのでしたら{7f02}この{7f2c}に　おまかせください。{0000},0x02C7
"",{7f04}{7f25}「なんだか　威圧的なお城……。{0000},0x02E8
"",{7f04}{7f26}「とりあえず　ここの王さまに{7f02}会ってみるのが　先決ね。{0000},0x02F6
"",{7f04}{7f26}「ここから北の{7f02}港町っていったら　たしか{7f02}ハバリアね。{7f0a}{7f02}{7f04}{7f26}「そこに行ったら{7f02}なにか　わかるかしら？{0000},0x030F
"",{7f04}{7f26}「な…なによー。{7f02}あんた　なにを根拠に　あたしが{7f02}なんにも考えてないって言うのよっ！{0000},0x0339
"",{7f04}{7f25}「どうしたら　王さまの部屋に{7f02}行けるのかしら……。{7f02}姉さんも　すこしは考えてよ。{0000},0x035B
"",{7f04}{7f26}「偉大なるお城　だって。{7f02}知性のないカオしてると思ったら{7f02}言うことも　やっぱりバカね。{0000},0x037D
"",{7f04}{7f2c}「カギのかかったトビラの先に{7f02}行かれたいのでしたら{7f02}この{7f2c}に　おまかせください。{0000},0x03A3
"",{7f04}{7f25}「なんだか　威圧的なお城……。{0000},0x03C4
"",{7f04}{7f26}「とりあえず　ここの王さまに{7f02}会ってみるのが　先決ね。{0000},0x03D2
"",{7f04}{7f25}「なんだか　威圧的なお城……。{7f02}どうやったら　中に入れるのかしら。{0000},0x03EA
