"",なんと！　カベが開いた！{0000},0x0018
"",{7f34}は　カベを調べた。{7f0a}{7f02}カベに　ボタンが見つかった。{7f02}ボタンを　押しますか？{0000},0x0022
"",ええいっ！{7f02}こんな所で　何をしておる！？{7f02}はやく　向こうへ行かぬかっ！{7f0b}{0000},0x0041
"",わしは　このお城の大臣である。{7f0a}{7f02}そしてここは　わしの部屋。{7f02}早く　立ち去らねば{7f02}牢屋に入れてしまうぞ！{7f0b}{0000},0x005E
"",城を守護する　ドラゴンの像だ。{7f0b}{0000},0x0088
"",{7f04}{7f26}「はっは～ん。{7f02}こーんなことに　なってたなんてね。{0000},0x0097
"",{7f04}{7f25}「しーーーっ！{7f02}今は　しゃべってる場合じゃ{7f02}ないでしょ！{0000},0x00AA
"",{7f04}{7f25}「このお城の大臣なら{7f02}王さまの居場所も{7f02}知ってるでしょうね……。{0000},0x00C2
"",{7f04}{7f26}「おお　こわいこわい。{7f02}あんなふうに　カラいばりしてるのは{7f02}いくじがない証拠ね。{0000},0x00DD
"",{7f04}{7f25}「このお城の大臣なら{7f02}王さまの居場所も{7f02}知ってるでしょうね……。{0000},0x00FC
"",{7f04}{7f26}「おお　こわいこわい。{7f02}あんなふうに　カラいばりしてるのは{7f02}いくじがない証拠ね。{0000},0x0117
