"",となりにいる　おっさんは{7f02}ときどき寝ぼけて　気味の悪いことを{7f02}言うんだ。おかげで　眠れないよ。{7f0b}{0000},0x0018
"",むにゃむにゃ……。{7f02}もっと　娘を連れてくるのだ！{7f0a}{7f02}進化の秘法を　完成するには{7f02}若き乙女の魂が　必要なのじゃ！{7f02}ぐうぐう……。{7f0b}{0000},0x003F
"",うふふ。ここでは{7f02}どんなぜいたくも　許されるのよ。{7f02}わたし　幸せ！{7f0b}{0000},0x0074
"",この城の大臣は　おくびょうなくせに{7f02}いつも　いばってるんだよ。{7f0a}{7f02}あいつの部屋の前で{7f02}大きな音を　たててごらん。{7f0a}{7f02}きっとビックリして　王さまに{7f02}知らせにいくだろうさ。きゃはは！{7f0b}{0000},0x008F
"",ひっひっひっ……。{7f02}わしは　この城につかえる{7f02}魔法の研究家じゃよ。{7f0a}{7f02}なに？　なんの魔法かじゃと？{7f02}それは　教えるわけにいかんな。{7f02}ひっひっひっ……。{7f0b}{0000},0x00D8
"",おいしい　ごちそうにお酒。{7f02}飲んで歌って遊んで……。{7f02}ここは　天国のようなところね。{7f0b}{0000},0x0114
"",でへへー　まてまてまて！{7f02}つかまえちゃうぞー。{7f0b}{0000},0x0136
"",やーんっ　どいて　どいて！{7f02}追いつかれちゃう。きゃっきゃっ！{7f0b}{0000},0x014A
"",{7f04}{7f25}「姉さんっ！{7f02}カタキ討ちは　どうするのよ！{7f02}ホントにもうっ！{0000},0x0162
"",{7f04}{7f26}「ふーん。{7f02}そんなに　いいお城なら{7f02}あたしも　ここにいようかしら。{0000},0x017C
"",{7f04}{7f25}「姉さんっ！{7f02}カタキ討ちは　どうするのよ！{7f02}ホントにもうっ！{0000},0x0196
"",{7f04}{7f26}「ふーん。{7f02}そんなに　いいお城なら{7f02}あたしも　ここにいようかしら。{0000},0x01B0
"",{7f04}{7f25}「変わったお城……。{0000},0x01CA
"",{7f04}{7f26}「やっばーい。{7f02}あの男　真剣にこわれてるかも。{0000},0x01D4
"",{7f04}{7f25}「変わったお城……。{0000},0x01E8
