"",今　乗船券を持っているのは{7f02}王さまが代わる前に{7f02}手に入れた人たち　ばかりです。{7f0a}{7f02}新しい王さまは　とてもきびしく{7f02}もしかすると　次に出る船が{7f02}最後の船に　なるかもしれません。{7f0b}{0000},0x0018
"",こんな夜ふけに　船など出るものか！{7f02}昼間　もう一度来るのだな。{7f0b}{0000},0x0060
"",ぐうぐう……。{7f0b}{0000},0x007B
"",おじいちゃんたら{7f02}また　ここに来てたのね。{7f0a}{7f02}そんなに　エンドールの国が{7f02}なつかしいのかしら。{7f02}ここからじゃ見えやしないのに……。{7f0b}{0000},0x0083
"",この海の向こう　エンドールには{7f02}大きなコロシアムがあってのう……。{7f0a}{7f02}わしも　若い頃は{7f02}そのコロシアムで　戦ったもんじゃ。{7f02}あの頃が　なつかしいのう……。{7f0b}{0000},0x00B5
"",うちの　おじいちゃんったら{7f02}どこに行ったのかしら。{7f02}そろそろ　ごはんの間なのに……。{7f0b}{0000},0x00F4
"",キングレオの王さまが代わってから{7f02}港の　取り締まりが{7f02}きびしくなっちまってな。{7f0a}{7f02}船に乗るための　乗船券が{7f02}なかなか　手に入らないんだ。{7f0b}{0000},0x0116
"",ここは　港町ハバリア。{7f02}エンドール行きの　船が出る町だ。{7f0b}{0000},0x014F
"",{7f04}{7f26}「いいなあ　エンドール。{7f02}一度は行ってみたい{7f02}あこがれの　場所だわ。{7f0a}{7f02}{7f04}{7f26}「カジノに　コロシアム……。{7f02}素敵な男も　きっと{7f02}たくさんいるに　ちがいないわ。{0000},0x0167
"",{7f04}{7f2c}「バルザックのやつは{7f02}この町に　ひそんでいるだろうか。{0000},0x01A7
"",{7f04}{7f2c}「かつて　エドガンさまが{7f02}生きておられた頃は　この町にも{7f02}よく買い出しに　来たものです。{0000},0x01BF
"",{7f04}{7f25}「船に乗るってどんな気分かしら。{7f02}一度も　乗ったことがないから{7f02}想像も　つかないわ。{0000},0x01E4
"",{7f04}{7f26}「夜の港町か……。{7f02}どうせなら　かっこいい男の人と{7f02}二人きりで　来たかったわ。{0000},0x0206
"",{7f04}{7f26}「いいなあ　エンドール。{7f02}行きたい　行きたい　行きたいーっ！{0000},0x0227
"",{7f04}{7f25}「うふふ。{7f02}今の　おじいさんは　そんなに{7f02}強そうには　見えなかったけど。{0000},0x023F
"",{7f04}{7f26}「いいなあ　エンドール。{7f02}一度は行ってみたい{7f02}あこがれの　場所だわ。{7f0a}{7f02}{7f04}{7f26}「カジノに　コロシアム……。{7f02}素敵な男も　きっと{7f02}たくさんいるに　ちがいないわ。{0000},0x025D
"",{7f04}{7f2c}「バルザックのやつは{7f02}この町に　ひそんでいるだろうか。{0000},0x029D
"",{7f04}{7f2c}「かつて　エドガンさまが{7f02}生きておられた頃は　この町にも{7f02}よく買い出しに　来たものです。{0000},0x02B5
"",{7f04}{7f25}「船に乗るってどんな気分かしら。{7f02}一度も　乗ったことがないから{7f02}想像も　つかないわ。{0000},0x02DA
"",{7f04}{7f26}「うーん……。{7f02}潮の香りが　たまんないわ。{7f02}海辺の町って感じがするわね。{0000},0x02FC
