"",うおーん　うおーん。{7f0b}{0000},0x0018
"",静寂の玉を使えば　敵の魔法を{7f02}封じ込めてしまえるそうじゃ。{7f0b}{0000},0x0021
"",聞いてください！{7f02}わたしは　なんにも{7f02}悪いことは　してないんです。{7f0a}{7f02}ただ　ちょっと　まちがえて{7f02}お城の　大臣の部屋のそばで{7f02}火薬を　爆発させてしまって……。{7f0a}{7f02}火薬ですか？　私は昔{7f02}西の　アッテムト鉱山にいたので{7f02}そのとき　手に入れたものです。{7f0b}{0000},0x003C
"",ここは　牢屋。{7f02}キングレオの王さまに{7f02}逆らった者たちが　入っている。{7f0b}{0000},0x00A0
"",{7f04}{7f26}「……なんで　あんなのまで{7f02}牢屋に　入ってるのかしら。{0000},0x00BD
"",{7f04}{7f26}「同じ方法で　大臣を{7f02}びっくりさせるってのは{7f02}あたしは賛成よ。楽しそうだしね。{0000},0x00D2
"",{7f04}{7f25}「西の　アッテムト……。{7f02}そこに　何かをつかむ{7f02}ヒントが　あるかしら……。{0000},0x00F4
"",{7f04}{7f2c}「見たところ{7f02}ここには　バルザックのやつは{7f02}いないようですな。{0000},0x0112
"",{7f04}{7f26}「ねえねえ　{7f25}。{7f02}ここって　なんかクサくない？{7f02}さすがに　牢屋よね。{0000},0x012C
"",{7f04}{7f26}「……なんで　あんなのまで{7f02}牢屋に　入ってるのかしら。{0000},0x0147
"",{7f04}{7f26}「同じ方法で　大臣を{7f02}びっくりさせるってのは{7f02}あたしは賛成よ。楽しそうだしね。{0000},0x015D
"",{7f04}{7f25}「西の　アッテムト……。{7f02}そこに　何かをつかむ{7f02}ヒントが　あるかしら……。{0000},0x017E
"",{7f04}{7f2c}「見たところ{7f02}ここには　バルザックのやつは{7f02}いないようですな。{0000},0x019D
"",{7f04}{7f26}「ねえねえ　{7f25}。{7f02}ここって　なんかクサくない？{7f02}さすがに　牢屋よね。{0000},0x01B7
