"",それなら　用事を済ませてから{7f02}また来なさい。{7f02}しばらく　待っていてあげるから。{7f0b}{0000},0x0018
"",ようし！　では　出航だ！{7f02}全員　持ち場につけー！{7f02}いかりを上げろー！{7f0b}{0000},0x0037
"",船が出ると　もう　この国には{7f02}もどっては　これないだろう。{7f0a}{7f02}思い残すことは　ないかね？{7f02}船を出しても　いいかね？{0000},0x0054
"",わたしが　この船の船長だ。{7f02}もうすぐ　船を出すから{7f02}下の船室に　行ってなさい。{7f0b}{0000},0x007E
"",この船の行き先は　エンドール。{7f02}どんな国でしょうか？{7f02}ワクワクしますね。{7f0b}{0000},0x009B
"",船室は　下にあるぜ。{7f02}お客さん！{7f0b}{0000},0x00B9
"",乗船券を　持ってきたな。{7f02}さあ　乗った　乗った！{7f02}もうすぐ　出航だぜ！{7f0b}{0000},0x00C7
"",乗船券を持ってるかい？{7f02}持ってねえなら　乗せるわけには{7f02}いかねえ。出直してきな！{7f0b}{0000},0x00E2
"",{7f04}{7f26}「これに乗れば{7f02}エンドールに　行けるのね。{0000},0x0100
"",{7f04}{7f25}「船って　あんなに{7f02}大きいものだったのね……。{0000},0x0114
