"",ぐうぐう……。{7f0b}{0000},0x0018
"",{7f04}ピピン「ぐうぐう……。{7f02}パパー！　ぼくだよ　ピピンだよ。{7f02}むにゃむにゃ……。{7f0b}{0000},0x001E
"",私の名前は　ルナ。{7f02}私たちの父親は　この国の{7f02}鉱山で　はたらいていました。{7f0a}{7f02}{7f04}ルナ「せっかく　弟とふたりで{7f02}父親に会いに来たのに　お父さんは{7f02}もう死んでいたなんて……。{7f0a}{7f02}{7f04}ルナ「ああっ　弟のピピンに{7f02}なんて言えばいいの？　ううっ……。{7f0b}{0000},0x003C
"",オラあ　好きなコができただ！{7f02}絶対　ヨメっこにもらって帰るだ！{7f0a}{7f02}どこのコかって？　カー！{7f02}聞くなって　こっぱずかしい！{7f02}酒場の　ジルってコだ。ひゃー！{7f0b}{0000},0x0097
"",美しく描かれた{7f02}風景画が　かざってある。{7f0b}{0000},0x00D4
"",{7f04}{7f25}「つらい思いをしてるのは{7f02}わたしたちだけじゃない……。{7f02}当たり前のことだけど。{0000},0x00E6
