"",やあ　いらっしゃい　いらっしゃい！{7f02}飲んで歌って　楽しい夜を！{7f0b}{0000},0x0018
"",ああんっ　忙しいっ！{7f02}みんな　すごく飲むから{7f02}注文取りも大変だわ！{7f0b}{0000},0x0030
"",なんでも　エンドールで行われた{7f02}武術大会では　どこかのお城の{7f02}お姫さまが優勝したそうです。{7f0a}{7f02}でも　そのお姫さまが試合のあと{7f02}自分のお城に　帰ってみると{7f02}お城は　もぬけのカラだったとか。{7f0a}{7f02}不思議なことも　あるもんですなあ。{7f0b}{0000},0x004E
"",ここキングレオは　平和な{7f02}国だったのだが　前の王が{7f02}突然　亡くなってしまってな。{7f0a}{7f02}後つぎの息子は　自分が王にならず{7f02}血のつながりのない男を{7f02}新しい王に　任命してしまったのだ。{7f0a}{7f02}それ以来　この国は　荒れ放題さ。{7f02}えっ？　新しい王の名前か？{7f02}たしか　バル……なんとかだったな。{7f0b}{0000},0x00AA
"",楽しいだなやー。{7f02}あー　それ　それ！{7f0b}{0000},0x011A
"",{7f04}ジル「あたしは　ジル。{7f02}さあ　あなたも　踊って踊って！{7f0b}{0000},0x012A
"",おーい！{7f02}酒はまだか！　酒は！{7f0b}{0000},0x013F
"",まだ　準備中なんです。{7f02}すいませんね。{7f0b}{0000},0x014C
"",あたしは　ジル。{7f02}こんな早くから　会いに来てくれて{7f02}ありがとう。{7f0a}{7f02}{7f04}ジル「でも　酒場は夜からなの。{7f02}ごめんね。{7f0b}{0000},0x015D
"",{7f04}{7f25}「なんなのかしら？{7f02}世界中で　不思議なことが{7f02}起こっているのね。{0000},0x0189
"",{7f04}{7f26}「お城のお姫さまが{7f02}武術大会で優勝したですって？{7f0a}{7f02}{7f04}{7f26}「そんな　たくましい{7f02}お姫さまが　いるなら{7f02}ぜひ一度　会ってみたいわね。{0000},0x01A5
"",{7f04}{7f25}「キングレオの{7f02}新しい王の名が　バルなんとか！？{7f02}どういうことかしら……。{0000},0x01DA
"",{7f04}{7f26}「この{7f26}ちゃんを{7f02}踊りに誘うとは　世間知らずね。{7f0a}{7f02}{7f04}{7f26}「あたしが本気で踊ったら{7f02}男の視線は　クギづけだってのに。{0000},0x01FA
"",{7f04}{7f26}「酒場だけは　どこの町でも{7f02}似たようなものね。{0000},0x022D
