"",あなたがたが　カタキとねらう男は{7f02}巨大な　暗黒のチカラによって{7f02}まもられています。{7f0a}{7f02}しかし　案ずることはありません。{7f02}私には　見えるのです。{7f0a}{7f02}あなたがたも　また{7f02}光かがやく　チカラによって{7f02}まもられているのが……。{7f0a}{7f02}今は　か細く小さな光ですが{7f02}いくつもいくつも　みちびかれ{7f02}やがて　大きなチカラとなるでしょう。{7f0a}{7f02}あせっては　いけません。{7f02}あなたがたが　絶望の道に迷った{7f02}そのときこそ……{7f0a}{7f02}あなたがたの旅が　始まるのです。{7f0b}{0000},0x0018
"",占い師ミネアよ。{7f02}あなたには　すでに見えるでしょう。{7f0a}{0000},0x00B9
"",ここは　お告げ所。{7f02}神のお告げがくだる　聖なるほこら。{7f0a}{0000},0x00CF
"",{7f04}{7f25}「か細く小さな光が……{7f02}いくつもいくつも　みちびかれ……{7f0a}{7f02}{7f04}{7f25}「そう　とっくに気づいてた。{7f02}今の　わたしたちじゃ{7f02}バルザックには……{7f0a}{7f02}{7f04}{7f25}「……ううん。{7f02}なんでもないの。{7f02}気にしないで　姉さん。{0000},0x00E7
"",{7f04}{7f26}「えっ？　えっ？{7f02}見えてるって　なにが？{7f02}{7f25}　あんたなにか見えるの？{0000},0x0134
"",{7f04}{7f25}「なんだか　ここって不思議ね。{7f02}大きな炎を取り囲む{7f02}小さな　７つの炎……。{0000},0x014F
