"",これ以上　掘り進んではならぬ……。{7f02}メラメラメラ……。{7f0b}{0000},0x0018
"",わが遺跡を　荒らす者に{7f02}災いあれ……。メラメラメラ……。{7f0b}{0000},0x002E
"",妻の　ヘレンの墓です。{7f0a}{7f02}ヘレン……。君に会える日も{7f02}そう遠くはないようだ……。{7f0b}{0000},0x0046
"",{7f04}おとうさん　早く帰ってきてね。{7f02}弟のピピンも　寂しがってるわ。{7f02}今度　ふたりで会いに行きます……。{7f0b}{0000},0x0068
"",{7f04}返事がない。{7f02}ただの　しかばねのようだ……。{7f0a}{7f02}しかし　その手には{7f02}{7f04}手紙が　にぎりしめられている。{7f0a}{0000},0x0093
"",にゃ～ん……。{7f0b}{0000},0x00BD
"",炭鉱から　変なガスがわいてきて{7f02}人が　バタバタと倒れたんだ。{7f02}ここももう　おしまいだな。{7f0b}{0000},0x00C4
"",ここは鉱山の町　アッテムト。{7f02}と言っても　今では　とても{7f02}人の住めるところじゃないわ。{7f0b}{0000},0x00EA
"",勇敢な　鉱山の男たちの魂よ{7f02}永遠なれ……　と刻まれている。{7f0b}{0000},0x0110
"",愛するヘレン　ここに眠る{7f02}と刻まれている。{7f0b}{0000},0x0129
"",危険！　近づくな！{7f0b}{0000},0x013B
"",{7f04}{7f26}「いつまで　こんな所で{7f02}グズグズしてるつもり？{7f02}この国を出るのよ。一刻も早く。{0000},0x0146
"",{7f04}{7f25}「ねえ　姉さん。愛する人が{7f02}死ぬことより　つらいことなんて{7f02}この世に　あるのかしら……。{0000},0x0169
"",{7f04}{7f25}「闇夜を照らす{7f02}月の明かりのように　この者の魂に{7f02}一条の光　差さんことを……。{0000},0x018D
"",{7f04}{7f26}「気のどくね……。{7f02}さすがに　なんて言っていいのか{7f02}言葉が　見つからないわ。{0000},0x01AE
"",{7f04}{7f26}「ゴホッゴホッ！{7f02}……あんまり　この町には{7f02}長居　できなそうね。{0000},0x01CC
"",{7f04}{7f25}「ひどい　におい……。{0000},0x01E7
"",{7f04}{7f25}「闇夜を照らす{7f02}月の明かりのように　この者の魂に{7f02}一条の光　差さんことを……。{0000},0x01F1
"",{7f04}{7f26}「気のどくね……。{7f02}さすがに　なんて言っていいのか{7f02}言葉が　見つからないわ。{0000},0x0212
"",{7f04}{7f25}「ひどい……。{0000},0x0230
"",{7f04}{7f26}「ガス！？　それで　町が{7f02}こんなになったっていうの？{0000},0x0237
"",{7f04}{7f26}「ゴホッゴホッ！{7f02}……あんまり　この町には{7f02}長居　できなそうね。{0000},0x024E
"",{7f04}{7f25}「ひどい　におい……。{0000},0x0269
