"",おじいちゃんは　火薬作りだけが{7f02}生きがいだったのに{7f02}それを　禁止されてしまったんです。{7f0a}{7f02}それ以来　すっかり{7f02}元気を　なくしてしまって……。{7f0b}{0000},0x0018
"",わしは　火薬作りの名人じゃ。{7f02}しかし　火薬作りは{7f02}お城から　禁止されてしまってのう。{7f0a}{7f02}もし火薬がほしいなら　炭鉱の中に{7f02}まだ残っているから　それを{7f02}持ってゆくがいい。ゴホゴホ……。{7f0b}{0000},0x004E
"",{7f04}{7f25}「火薬は　炭鉱の中か……。{0000},0x0095
"",{7f04}{7f26}「炭鉱の中ってことは{7f02}ガスの元に向かって{7f02}突き進んでいくってこと？{7f0a}{7f02}{7f04}{7f26}「はあ……。あたしってば{7f02}地面の下に　行くってだけで{7f02}ほんと　心すさむのよね。{0000},0x00A0
"",{7f04}{7f25}「火薬は　炭鉱の中か……。{0000},0x00DA
"",{7f04}{7f26}「炭鉱の中ってことは{7f02}ガスの元に向かって{7f02}突き進んでいくってこと？{7f0a}{7f02}{7f04}{7f26}「はあ……。あたしってば{7f02}地面の下に　行くってだけで{7f02}ほんと　心すさむのよね。{0000},0x00E5
