"",ゴホゴホ……。{7f02}あの炭鉱からは　まだまだ{7f02}金が　出るはず。{7f0a}{7f02}それを　見つけるまでは……。{7f02}ゴホゴホ……。{7f0b}{0000},0x0018
"",ぐうぐう……。{7f0b}{0000},0x003D
"",ゴホゴホ……。{7f02}命がおしかったら　炭鉱には{7f02}入らないことです。{7f0a}{7f02}変なガスが　出たときから{7f02}魔物たちが　現れはじめて……。{7f02}ゴホゴホ……。{7f0b}{0000},0x0044
"",あんたたち！　となりの部屋の{7f02}人みたいに　ならないうちに{7f02}はやく　よそに　おゆき！{7f0a}{7f02}わたし？　わたしは　みんなの世話を{7f02}するのが　昔からの仕事なのさ。{7f02}病人を　置いてはいけないしね。{7f0b}{0000},0x0077
"",{7f04}{7f25}「ガスだけじゃなくて{7f02}魔物まで　現れてるなんて……。{0000},0x00BE
"",{7f04}{7f25}「ガスだけじゃなくて{7f02}魔物まで　現れてるなんて……。{0000},0x00D3
