"",返事がない。{7f02}ただの　しかばねのようだ……。{7f0b}{0000},0x0018
"",気をつけな！　ここには{7f02}魔物が　ウジャウジャいるぜ！{7f0b}{0000},0x0029
"",{7f04}{7f25}「次に　目指すのは{7f02}キングレオのお城ね。{0000},0x003E
"",{7f04}{7f26}「さあ　１秒も早く{7f02}ここから　出ましょ！{0000},0x0051
"",{7f04}{7f25}「ガスだけじゃなくて{7f02}魔物まで……　なんでなの？{7f02}なにか　関係があるのかしら。{0000},0x0063
"",{7f04}{7f25}「今の人が　言ってたことは{7f02}本当よ。魔物の気配が{7f02}辺りに　ただよってるもの。{0000},0x0082
"",{7f04}{7f26}「ガスくさくて薄暗くて{7f02}おまけに　魔物がウジャウジャ？{7f0a}{7f02}{7f04}{7f26}「次の人生は　まちがっても{7f02}こんな場所に来ないで済む{7f02}人生でありますように……。{0000},0x00A1
