"",いっぱいいた仲間は{7f02}みんな　死んじまったよ。{7f0a}{7f02}オレも　そろそろ　この町を{7f02}出ようかって　思っているんだ。{7f02}ゴホゴホ……。{7f0b}{0000},0x0018
"",勇敢な　鉱山の男たちの魂よ{7f02}永遠なれ……　と刻まれている。{7f0b}{0000},0x0046
"",{7f04}{7f25}「次に　目指すのは{7f02}キングレオのお城ね。{0000},0x005D
"",{7f04}{7f26}「さあ　１秒も早く{7f02}ここから　出ましょ！{0000},0x0070
"",{7f04}{7f25}「ガスだけじゃなくて{7f02}魔物まで……　なんでなの？{7f02}なにか　関係があるのかしら。{0000},0x0082
