"",ガスが出ようが　魔物が出ようが{7f02}金が出るまで　がんばるんだ！{7f02}あっ　掘って掘って　掘りぬいて！{7f0b}{0000},0x0018
"",火薬を　取りに来ただって？{7f02}だったら　そこの箱に　火薬つぼが{7f02}入ってるぜ。持っていきな。{7f0a}{7f02}もっとも　シケっちまってて{7f02}派手な音をさせるくらいしか{7f02}使いみちが　ないだろうけどな。{7f0b}{0000},0x003C
"",{7f04}{7f25}「次に　目指すのは{7f02}キングレオのお城ね。{0000},0x0081
"",{7f04}{7f26}「さあ　１秒も早く{7f02}ここから　出ましょ！{7f02}ガス吸いすぎて　死にそうよ。{0000},0x0095
"",{7f04}{7f26}「アタマは悪そうだけど{7f02}ある意味　たのもしいわね。{0000},0x00B3
"",{7f04}{7f25}「ガスだけじゃなくて{7f02}魔物まで……　なんでなの？{7f02}なにか　関係があるのかしら。{0000},0x00C9
