"",{7f04}キングレオ「まあ　よい。今しばらくは{7f02}お前を　死なせるわけには　ゆかぬ。{7f0a}{7f02}{7f04}キングレオ「エドガンの娘たちよ。私が{7f02}この国の真の後継者　キングレオだ。{7f0a}{7f02}{7f04}キングレオ「今度は　私が相手になろう！{7f02}さあ　かかってくるがいい！{7f0b}{0000},0x0018
"",{7f04}バルザック「こ…これはキングレオさま！{7f02}このことは　なにとぞ{7f02}デスピサロさまには　ご内密に……。{7f0a}{0000},0x0076
"",そんなことでは　この国をゆだねた{7f02}甲斐がないぞ！　そして　なにより{7f02}デスピサロさまに　申し訳が立たぬ！{7f0b}{0000},0x009F
"",不覚をとったものだな　バルザック！{7f0a}{0000},0x00CB
"",{7f04}王「ほほう……　その方らは{7f02}たしか　エドガンの娘たちだったな。{7f0a}{7f02}{7f04}王「父のカタキ討ちに来たというわけか。{7f02}いかにも　私が　バルザックだ。{7f0a}{7f02}{7f04}バルザック「お前たちの父　エドガンは{7f02}偶然に発見した　進化の秘法を{7f02}何を思ったか　闇に葬ろうとしたのだ。{7f0a}{7f02}{7f04}バルザック「おろかなことだと思わぬか。{7f02}その進化の秘法さえあれば{7f02}世界の王にも　なれるものを……。{7f0a}{7f02}{7f04}バルザック「見るがいい　私のチカラを！{7f02}このすばらしき　進化した身体を！{7f0b}{0000},0x00D9
"",なっ！　何者だ！{7f02}ここは　バルザック王の{7f02}お部屋なるぞ！{7f0a}{7f02}すぐに　出てゆくのだ！{7f02}そして　この部屋のことは{7f02}忘れるのだ！{7f0b}{0000},0x018A
"",むむむっ！！{7f02}こんな所まで　入ってくるとは{7f02}なんという連中だ！{7f0a}{7f02}すぐに立ち去らんと{7f02}ただでは　すまさんぞ！！{7f0b}{0000},0x01BB
"",勇ましい　戦士の像だ。{7f0b}{0000},0x01E9
"",ライオンの顔を　かたどった{7f02}巨大な彫刻だ。{7f0b}{0000},0x01F4
"",{7f04}{7f2c}「{7f26}さま　{7f25}さま{7f02}心の準備は　よろしいですね。{0000},0x0208
"",{7f04}{7f25}「お父さんのカタキ……。{7f02}バルザック……。{0000},0x021E
"",{7f04}{7f26}「はっは～ん。{7f02}こーんなことに　なってたなんてね。{0000},0x0231
