"",ゴホゴホ……。{7f02}わしは　この国の先代の王じゃ……。{7f02}外では　死んだことになっておろう。{7f0a}{7f02}お前たちが　戦った相手は{7f02}わしの息子じゃ……。しかし　やつめ{7f02}悪魔に　魂を　ゆずりわたし……。{7f0a}{7f02}今のお前たちでは　やつには勝てん！{7f02}ひとまず　この国を離れ{7f02}チカラを　たくわえるのじゃ……。{7f0a}{7f02}奥の部屋の箱に　乗船券がある。{7f02}それを　持っていくがいい……。{7f02}ゴホ…ゴホゴホ……。{7f0a}{7f02}そして　いつの日か　お前たちが{7f02}この国を　正しき道へと{7f02}戻してくれ……。頼むぞ……。{7f0b}{0000},0x0018
"",ゴホ…　ゴホゴホ……。{7f0a}{7f02}どうやら　気づいたようじゃな。{7f02}エドガンの娘たち……{7f02}{7f26}　そして{7f25}よ……。{7f0b}{0000},0x00C6
"",うつら……　うつら……。{7f0b}{0000},0x00EC
"",{7f04}{7f26}「このまま　ここにいたら{7f02}あたしたちも　きっと{7f02}すぐに　殺されるでしょうね……。{0000},0x00F5
"",{7f04}{7f2c}「{7f26}さま　{7f25}さま{7f02}この{7f2c}が　ついていながら{7f02}申し訳ありませんでした……。{0000},0x0115
"",{7f04}{7f25}「……ここは？{0000},0x0133
"",{7f04}{7f26}「あいたたた……。{0000},0x013A
