"",人々の　いろんな思いをのせて{7f02}船は　出てゆきます。{7f0a}{7f02}娘さん。{7f02}この国で　何があったのかは{7f02}知らないが　元気をお出しなさい。{7f0a}{7f02}生きてさえいれば　きっと{7f02}いいことも　あるでしょうから……。{7f0b}{0000},0x0018
"",うう　ジル……。{7f02}なんで　オラのことを……。{7f02}ジルよお……。{7f0a}{7f02}うんにゃ！{7f02}ヨメっこは　他にもいるだ！{7f02}他の国に行けば　もっといいコが……{7f0a}{7f02}うえーん　うえーん。{7f0b}{0000},0x0060
"",{7f04}ルナ「弟には　父親のことは{7f02}しばらく　話さないでいるわ。{7f0a}{7f02}{7f04}ルナ「いつか　この子が大きくなって{7f02}悲しみに　たえられるようになる{7f02}その日まで……。{7f0b}{0000},0x009D
"",{7f04}ピピン「ぼく　ピピン。{7f0a}{7f02}{7f04}ピピン「せっかく　パパに会うために{7f02}この国に来たのに　お姉ちゃんたら{7f02}もう帰るって言うんだ。ぷんぷん。{7f0b}{0000},0x00D7
"",まだ　船は出ないのかって？{7f02}まあ　そう　あせりなさんな。{7f0a}{7f02}他のお客たちと　話でもして{7f02}そのあと　上にいる船長に{7f02}話してみるんだな。{7f0b}{0000},0x010C
"",{7f04}{7f25}「生きてさえ…いれば……。{0000},0x013E
