"",さあ　寝るぞ　寝るぞ。{7f02}人間　やっぱり眠るときが{7f02}いちばん　しあわせでござる。{7f0b}{0000},0x0018
"",ふぅー　やれやれ。{7f02}お城の見回りも　楽じゃないな。{7f0b}{0000},0x003B
"",あやしい者は　一歩たりとも{7f02}通しはせぬ！{7f0b}{0000},0x0053
"",ここは　バトランドのお城。{7f0b}{0000},0x0067
"",ぐうぐう……。{7f0b}{0000},0x0074
"",今夜は　宿屋にでも泊まって{7f02}明日　また来るといい。{7f0b}{0000},0x007C
"",王さまは　すでに　お休みだ。{7f0b}{0000},0x0094
"",ここは　お城の宝物庫だ。{7f0a}{7f02}たとえ　カギを開けられても{7f02}よほどの者でなければ{7f02}宝箱まで　たどりつけまい！{7f0b}{0000},0x00A1
"",よう　{7f20}！{7f02}まだ　こんな所を　ウロウロして{7f02}あいかわらず　のろまだな。{7f0b}{0000},0x00D1
"",あ　あら　いやですわ。{7f02}聞いていらしたの……ぽっ。{7f0b}{0000},0x00F0
"",{7f20}さまは　今ごろ{7f02}どうなさっているのかしら？{7f02}心配ですわ……。{7f0b}{0000},0x0104
"",ああ　{7f20}さまではっ！？{7f02}ご無事で　なによりでございます。{7f0a}{7f02}わたくし　いつでも{7f02}あなたさまの　旅の安全を{7f02}祈っておりますわ。……ぽっ。{7f0b}{0000},0x011E
"",売りに出されていた{7f02}黄金の腕輪というのが{7f02}魔物たちに　うばわれたとか……。{7f0a}{7f02}でも　そんなもの{7f02}魔物が盗んで{7f02}どうするんでしょうねえ……。{7f0b}{0000},0x0156
"",では　聞いてから{7f02}また来てください。{7f0b}{0000},0x018F
"",でも　いったい　どうやって{7f02}天空にいる竜の神さまに{7f02}会えばいいのでしょうか……。{7f0a}{7f02}だいいち　神さまだから{7f02}わざわざ知らせに行かなくても{7f02}もう　知ってるんじゃないかなあ。{7f0b}{0000},0x019E
"",となりの部屋にいる老人の話を{7f02}聞きましたか？{0000},0x01E2
"",ふむ！　ついに　わかったぞ！{7f0a}{7f02}地獄の帝王とは　どうやら{7f02}究極の進化をとげた　怪物らしい！{7f0a}{7f02}しかし　天空の竜の神さまが{7f02}そのあまりのすごさに　おどろき{7f02}地底に封じこめた…とある！{7f0a}{7f02}その地獄の帝王が{7f02}なぜか　復活するそうじゃ。{7f0a}{7f02}そのことを　竜の神さまに{7f02}早く　知らせなければっ！{7f0b}{0000},0x01F6
"",天空のお城に{7f02}竜の神さまが　住んでいるとか……{7f02}究極の進化がどうだとか……。{7f0a}{7f02}まったく　あの老人のたわ言には{7f02}困ったものだ。{7f0b}{0000},0x0270
"",王さまから　聞いたのですが{7f02}むかし　このお城には{7f02}天空の盾があったそうです。{7f0a}{7f02}そういえば　天空のかぶとは{7f02}西の海　スタンシアラの{7f02}王さまが　持っていたとか。{7f0a}{7f02}今も　持っているのかな……。{7f0b}{0000},0x02A5
"",わが王は　だれとでも{7f02}お会いになりますが{7f02}くれぐれも　ご無礼のないように。{7f0b}{0000},0x02F3
"",おお！　{7f20}どの{7f02}お元気そうで　なによりです。{7f0a}{7f02}王さまも　{7f20}どののことを{7f02}気にしておられましたぞ。{7f02}どうぞ　お目通りなさい。{7f0b}{0000},0x0313
"",王さまは　この上におわします。{7f0b}{0000},0x0346
"",「バトランドの歴史」と{7f02}書かれた本がある。{7f02}{7f4b}は　手にとって読んだ。{7f0a}{7f02}バトランドの開祖　バトレアは{7f02}まだ集落でしかなかった　当の{7f02}バトランドを　魔物たちから守った。{7f0a}{7f02}その際　天の神から　さずかった盾で{7f02}バトレアは　魔物の　あらゆる攻撃から{7f02}身を守ったという……。{7f0b}{0000},0x0353
"",{7f04}{7f25}「他人を　おとしめることで{7f02}自分が　優位に立ったような気に{7f02}なる人って　いますよね。{0000},0x03CC
"",{7f04}{7f26}「ちょっと　{7f20}　いいの？{7f02}あんなこと言わせといて！{7f0a}{7f02}{7f04}{7f26}「ああいうのには　一度{7f02}ビシッと　言ったやった方が{7f02}いいわよ。{0000},0x03F3
"",{7f04}{7f20}「彼は　やたら　私を{7f02}のろまあつかいするんですよ。{7f02}そんなに　鈍そうに見えますかな？{0000},0x0426
"",{7f04}{7f25}「{7f20}さんと　あの女性の間に{7f02}何が　あったのか……。{7f02}深くは　追求しませんわ。{0000},0x044A
"",{7f04}{7f26}「{7f20}ってば　やるぅ！{7f02}この色男！　女殺し～！{0000},0x046C
"",{7f04}{7f24}「ふ～む。{7f02}{7f20}さんも　なかなか{7f02}スミに置けませんな。{0000},0x0483
"",{7f04}{7f20}「ゴホン　ゴホン！{7f02}あ　あのご婦人とはですな…まあ{7f02}なんと言うか……ゴニョゴニョ。{0000},0x049C
"",{7f04}{7f26}「黄金の腕輪だなんて{7f02}あたしだって　欲しいわ。{7f02}魔物も　光り物には　目がないのね。{0000},0x04C3
"",{7f04}{7f24}「フ～ム。{7f02}もったいない話ですな。売れば{7f02}どれほど　もうかったのでしょうか？{0000},0x04E8
"",{7f04}{7f23}「黄金の腕輪！？{7f02}あのは　たしか　姫さまの{7f02}ニセモノが　現われたのでしたな。{7f0a}{7f02}{7f04}{7f23}「え～い！{7f02}今思い出しても　ハラの立つ！{0000},0x0508
"",{7f04}{7f22}「たしかに　奇妙な話ですね。{7f02}もしや　あの腕輪には　なにか{7f02}秘密があったのでしょうか？{0000},0x0542
"",{7f04}{7f21}「黄金の腕輪って{7f02}あのフレノールの事件のの？{7f0a}{7f02}{7f04}{7f21}「う～ん。{7f02}これは　何か　裏が　ありそうね。{0000},0x0567
"",{7f04}{7f26}「聞いてから　また来いなんて{7f02}えらそうなヤツね～。{0000},0x0596
"",{7f04}{7f23}「う～む。もう少し{7f02}なんと言うか　愛のある{7f02}対を　してほしいところですな。{0000},0x05AD
"",{7f04}{7f25}「わたしには　平気で{7f02}何でも　押しつけるくせに……。{0000},0x05D0
"",{7f04}{7f26}「それなら　竜の神さまに{7f02}すべて　まかせておけば　安心ね。{7f0a}{7f02}{7f04}{7f26}「……って　そんなワケには{7f02}いかないか。そもそも　あたし{7f02}人まかせって　性分じゃないのよね。{0000},0x05E8
"",{7f04}{7f22}「神とは　全能なるものです。{7f02}となれば　当然　すべて{7f02}ご存知なのでしょうが……。{7f0a}{7f02}{7f04}{7f22}「しかし　われわれが{7f02}何をすべきか　見定めるためにも{7f02}天空へは　行かねばなりますまい。{0000},0x062B
"",{7f04}{7f21}「竜の神さまって{7f02}やっぱり　強いのかしら？{7f02}一度　手合わせしてみたいわ！{0000},0x0676
"",{7f04}{7f20}「{7f1f}どのっ！{7f02}それは　冗談ですよな？{7f02}不安にさせないでくだされ。{0000},0x0697
"",{7f04}{7f20}「ならば　よいのです。{7f02}まったく　失礼な質問をして{7f02}申し訳ありませんでしたな。{0000},0x06B5
"",{7f04}{7f20}「{7f1f}どのは　われらが{7f02}何のために　天空の装備を{7f02}探しているか　覚えておりますな？{0000},0x06D8
"",{7f04}{7f25}「……究極の進化とは{7f02}やはり　父がしていた研究に{7f02}関係あるのでしょうか？{7f0a}{7f02}{7f04}{7f25}「なんだか　悪い予感がします。{0000},0x06FC
"",{7f04}{7f26}「とんでもない話ね！{7f02}あのおじいさん　注目されたくて{7f02}フカシこいてんじゃないの？{0000},0x072F
"",{7f04}{7f24}「ははあ。それなら{7f02}その竜の神さまに　頼めば{7f02}地獄の帝王を　封じられるのですな。{7f0a}{7f02}{7f04}{7f24}「ああ　よかった。{7f02}自力で　倒さなくちゃならんのかと{7f02}ちょっと　心配してたんですよ。{0000},0x0753
"",{7f04}{7f23}「究極の進化とは{7f02}いかなるものなのか……？{7f02}ちょっと　見てみたい気もしますな。{0000},0x079C
"",{7f04}{7f22}「なにゆえ　地獄の帝王は{7f02}復活するのでしょう？　やはり{7f02}魔物どもの企みなのでしょうか？{0000},0x07BE
"",{7f04}{7f21}「神さまが　おどろくなんて{7f02}どれくらい　強いのかしら？{7f02}一度　戦ってみたいわ！{0000},0x07E5
"",{7f04}{7f20}「う～む。なんとも{7f02}とてつもない話でしたな。{7f0a}{7f02}{7f04}{7f20}「しかし　私には　今の話が{7f02}本当だということが　わかります。{7f02}一刻も早く　天空に上らねば！{0000},0x0807
"",{7f04}{7f24}「私が　もとめる　天空の剣は{7f02}どこにあるのやら？{7f02}まったく　見当もつきませんな。{0000},0x0843
"",{7f04}{7f23}「なにを　わがサントハイムとて{7f02}秘宝の　ひとつや　ふたつくらい{7f02}ありますぞ。{7f0a}{7f02}{7f04}{7f23}「ええと……た　たしか{7f02}何代か前の王さまは　魔法の杖を{7f02}たくさん　集めていたはず……。{0000},0x0867
"",{7f04}{7f22}「さすが　天空の装備は{7f02}王家の宝となるだけの価値が{7f02}あるものなのですね。{0000},0x08B2
"",{7f04}{7f21}「天空の装備って{7f02}各地の王家に　伝わってるのね。{7f02}でも　うちには　なかったなあ。{0000},0x08D3
"",{7f04}{7f20}「重要な話を　聞けましたな。{7f02}さすが　バトランドの兵士は{7f02}戦い上手だけでなく　学もある。{0000},0x08F6
"",{7f04}{7f2e}「バトランドの王さまは{7f02}いばっとらんど！{7f02}……フフフ　うまくできましたよ。{0000},0x091F
"",{7f04}{7f25}「お城の各所に　水が{7f02}配置されているのは　なにか{7f02}呪術的な意味が　あるのでしょうか？{0000},0x0940
"",{7f04}{7f26}「あら　意外に　いいお城ね。{7f02}もっと　無骨で　いなかくさいのを{7f02}想像してたわ。{0000},0x0968
"",{7f04}{7f24}「どうも　このお城には{7f02}兵士や　衛兵が{7f02}たくさん　いるみたいですね。{7f0a}{7f02}{7f04}{7f24}「やっぱり　この国でなら{7f02}いい商売が　できそうです。{0000},0x098A
"",{7f04}{7f23}「わがサントハイムの城に{7f02}比べると　いささか　優美さに{7f02}欠ける城ですな。{7f0a}{7f02}{7f04}{7f23}「まあ　これくらいが{7f02}戦士の国の限界でしょうとも。{7f02}ふははは……。{0000},0x09C0
"",{7f04}{7f22}「このお城は　城内に{7f02}教会が　ないみたいですね。{7f02}残念なことです。{0000},0x0A02
"",{7f04}{7f21}「戦士が　多いんだから{7f02}どこかに　訓練場くらい{7f02}ないのかしら？{0000},0x0A20
"",{7f04}{7f20}「なつかしのバトランド城！{7f02}旅に出る前　私は　このお城に{7f02}仕えていたのです。{7f0a}{7f02}{7f04}{7f20}「もちろん　今でも{7f02}わが忠誠は　この国と{7f02}バトランド王に　ありますがな。{0000},0x0A3D
