"",ここは　バトランド王のお部屋です。{7f0b}{0000},0x0018
"",マグマの杖は　岩をも溶かす{7f02}高熱のマグマを　よびおこすとか…。{7f0a}{7f02}はるか西の国　サントハイムに{7f02}伝わると　聞きおよびます。{7f0b}{0000},0x0028
"",ガーデンブルグのお城は{7f02}岩山の上にあり　むかしは{7f02}細い山道が　通じていたそうじゃ。{7f0a}{7f02}しかし少し前　火山の爆発で{7f02}その山道も　ふさがってしまった！{7f0a}{7f02}マグマの杖でもあれば{7f02}入り口をふさいでいる火山岩を{7f02}溶かせるかも　知れぬが……。{7f0a}{7f02}なんと　もう持っているのか！？{7f02}さすがじゃのう！{7f02}あっぱれ　あっぱれ。{7f0b}{0000},0x005E
"",ガーデンブルグのお城は{7f02}岩山の上にあり　むかしは{7f02}細い山道が　通じていたそうじゃ。{7f0a}{7f02}しかし少し前　火山の爆発で{7f02}その山道も　ふさがってしまった！{7f0a}{7f02}マグマの杖でもあれば{7f02}入り口をふさいでいる火山岩を{7f02}溶かせるかも　知れぬが……。{7f0b}{0000},0x00DF
"",{7f04}王「ほう！　そなたたちが{7f02}地獄の帝王を倒さんとする{7f02}勇者の一行と申すか。{7f0a}{7f02}{7f04}王「じつは　最近わかったことだが{7f02}この城には　かつて{7f02}天空の盾が　あったそうじゃ。{7f0a}{7f02}{7f04}王「しかし　わしの　じいさまの時{7f02}ガーデンブルグの女王に{7f02}あげてしまったらしい。{7f0a}{7f02}{7f04}王「ガーデンブルグは{7f02}東の山奥にそびえる{7f02}女だけが住む　お城。{7f0a}{7f02}{7f04}王「まったく　じいさまのスケベ心には{7f02}まいってしまうわい。{7f0b}{0000},0x0143
"",{7f04}王「おお　{7f20}！{7f02}よくぞ　戻った！{7f0a}{7f02}{7f04}王「そうか　勇者どのに会えたのだな！{7f02}あっぱれ　あっぱれ！{7f0a}{7f02}{7f04}王「じつは　最近わかったことだが{7f02}この城には　かつて{7f02}天空の盾が　あったそうじゃ。{7f0a}{7f02}{7f04}王「しかし　わしの　じいさまの時{7f02}ガーデンブルグの女王に{7f02}あげてしまったらしい。{7f0a}{7f02}{7f04}王「ガーデンブルグは{7f02}東の山奥にそびえる{7f02}女だけが住む　お城。{7f0a}{7f02}{7f04}王「まったく　じいさまのスケベ心には{7f02}まいってしまうわい。{7f0b}{0000},0x01E1
"",玉座を守護する　黄金のドラゴン像だ。{7f0b}{0000},0x0288
"",バトランド王家の紋章が　彫られている。{7f0b}{0000},0x029C
"",{7f04}{7f26}「バルザックのおかげで{7f02}マグマの杖を　手に入れるのには{7f02}苦労させられたわね。{7f0a}{7f02}{7f04}{7f26}「親のカタキってことを{7f02}のぞいても　ホントに{7f02}にくたらしいヤツだったわ！{0000},0x02AF
"",{7f04}{7f23}「わがサントハイムの秘宝{7f02}マグマの杖ならば{7f02}岩を溶かすくらい　朝メシ前ですぞ。{0000},0x02F7
"",{7f04}{7f21}「わたし　マグマの杖が{7f02}サントハイムの宝だったなんて{7f02}ぜんぜん　知らなかったわ。{0000},0x031D
"",{7f04}{7f20}「岩をも溶かせるとは{7f02}マグマの杖というのは{7f02}じつに　大したものですな。{0000},0x0341
"",{7f04}{7f23}「そういえば　何代か前の王が{7f02}魔法の杖を　集めていたと{7f02}聞いております。{7f0a}{7f02}{7f04}{7f23}「もしかして　マグマの杖も{7f02}その王さまが　集めたものの{7f02}ひとつかも　知れませんな。{0000},0x035F
"",{7f04}{7f22}「サントハイムの宝物庫は{7f02}魔法のカギで　閉ざされていました。{7f0a}{7f02}{7f04}{7f22}「あの宝物庫の中に{7f02}マグマの杖が　あるのでしょうか？{0000},0x03A3
"",{7f04}{7f21}「わたしは　マグマの杖なんて{7f02}聞いたことないわ。{7f02}本当に　サントハイムにあるの？{0000},0x03DB
"",{7f04}{7f25}「道が　ふさがったのに{7f02}何もしないなんて　なんだか{7f02}閉鎖的な感じがします。{7f0a}{7f02}{7f04}{7f25}「ガーデンブルグへ行っても{7f02}あまり　歓迎されないかも{7f02}しれませんね。{0000},0x03FF
"",{7f04}{7f24}「そんな　細い道しか{7f02}なかったとは　どうも　商売には{7f02}熱心でない国のようですな。{7f0a}{7f02}{7f04}{7f24}「それとも　自国のみで{7f02}すべてを　まかなえるほど{7f02}豊かな国なのでしょうか？{0000},0x0440
"",{7f04}{7f23}「巨大な岩をも　溶かせるとは{7f02}魔法のチカラというのは{7f02}かくも　偉大なものですな。{0000},0x0485
"",{7f04}{7f21}「あたしのコブシで{7f02}その岩を　くだけないかしら？{7f0a}{7f02}{7f04}{7f21}「……わかってるわ。{7f02}いくらなんでも　そんなこと{7f02}ムリに決まってるわよね。{0000},0x04AA
"",{7f04}{7f20}「なんと！{7f02}ガーデンブルグへの道は{7f02}どうやら　けわしそうですな。{0000},0x04E2
"",{7f04}{7f25}「先々代の　バトランド王は{7f02}スケベな人だったんですね。{7f0a}{7f02}{7f04}{7f25}「血は　受けつがれるもの。{7f02}きっと　今の王さまも{7f02}やっぱり　スケベなんですわ。{0000},0x0500
"",{7f04}{7f26}「そりゃあねえ。{7f02}いくら　えらい人でも{7f02}スケベ心には　さからえないわよ。{0000},0x053D
"",{7f04}{7f24}「女だけの城とは……{7f02}そんな所で　武器屋を開くのも{7f02}いいですなあ。{7f0a}{7f02}{7f04}{7f24}「……ゴホン　ゴホン！{7f02}今のは　聞かなかったことに{7f02}してください。{0000},0x055D
"",{7f04}{7f23}「まあ　ガーデンブルグの女王は{7f02}代々　美人ぞろいと聞きますから{7f02}気持ちは　わかりますが……。{7f0a}{7f02}{7f04}{7f23}「先々代の　バトランド王にも{7f02}困ったもんですのう。{0000},0x0598
"",{7f04}{7f22}「女性だけの城なんて{7f02}ちょっと　怖い気もしますね。{7f0a}{7f02}{7f04}{7f22}「私など　姫さまひとりに{7f02}振り回されてるくらいですから。{0000},0x05DA
"",{7f04}{7f21}「女だけの城なんて{7f02}かっこいいわね。{7f02}ちょっと　あこがれちゃうな。{0000},0x060C
"",{7f04}{7f25}「先々代の　バトランド王は{7f02}スケベな人だったんですね。{7f0a}{7f02}{7f04}{7f25}「血は　受けつがれるもの。{7f02}きっと　今の王さまも{7f02}やっぱり　スケベなんですわ。{0000},0x0628
"",{7f04}{7f26}「そりゃあねえ。{7f02}いくら　えらい人でも{7f02}スケベ心には　さからえないわよ。{0000},0x0665
"",{7f04}{7f24}「女だけの城とは……{7f02}そんな所で　武器屋を開くのも{7f02}いいですなあ。{7f0a}{7f02}{7f04}{7f24}「……ゴホン　ゴホン！{7f02}今のは　聞かなかったことに{7f02}してください。{0000},0x0685
"",{7f04}{7f23}「まあ　ガーデンブルグの女王は{7f02}代々　美人ぞろいと聞きますから{7f02}気持ちは　わかりますが……。{7f0a}{7f02}{7f04}{7f23}「先々代の　バトランド王にも{7f02}困ったもんですのう。{0000},0x06C0
"",{7f04}{7f22}「女性だけの城なんて{7f02}ちょっと　怖い気もしますね。{7f0a}{7f02}{7f04}{7f22}「私など　姫さまひとりに{7f02}振り回されてるくらいですから。{0000},0x0702
"",{7f04}{7f21}「女だけの城なんて{7f02}かっこいいわね。{7f02}ちょっと　あこがれちゃうな。{0000},0x0734
"",{7f04}{7f20}「勇者どのの一行に　合流し{7f02}バトランドに帰ったことで{7f02}私の　面目も立ちました。{7f0a}{7f02}{7f04}{7f20}「この運命の出会いと{7f02}旅に出ることを　許してくださった{7f02}王さまに　感謝しますぞ。{0000},0x0751
"",{7f04}{7f2e}「バトランドの王さまは{7f02}いばっとらんど！{7f02}……フフフ　うまくできましたよ。{0000},0x079D
"",{7f04}{7f25}「お城の各所に　水が{7f02}配置されているのは　なにか{7f02}呪術的な意味が　あるのでしょうか？{0000},0x07BF
"",{7f04}{7f26}「あら　意外に　いいお城ね。{7f02}もっと　無骨で　いなかくさいのを{7f02}想像してたわ。{0000},0x07E6
"",{7f04}{7f24}「どうも　このお城には{7f02}兵士や　衛兵が{7f02}たくさん　いるみたいですね。{7f0a}{7f02}{7f04}{7f24}「やっぱり　この国でなら{7f02}いい商売が　できそうです。{0000},0x0808
"",{7f04}{7f23}「わがサントハイムの城に{7f02}比べると　いささか　優美さに{7f02}欠ける城ですな。{7f0a}{7f02}{7f04}{7f23}「まあ　これくらいが{7f02}戦士の国の限界でしょうとも。{7f02}ふははは……。{0000},0x083F
"",{7f04}{7f22}「このお城は　城内に{7f02}教会が　ないみたいですね。{7f02}残念なことです。{0000},0x087F
"",{7f04}{7f21}「戦士が　多いんだから{7f02}どこかに　訓練場くらい{7f02}ないのかしら？{0000},0x089D
"",{7f04}{7f20}「なつかしのバトランド城！{7f02}旅に出る前　私は　このお城に{7f02}仕えていたのです。{7f0a}{7f02}{7f04}{7f20}「もちろん　今でも{7f02}わが忠誠は　この国と{7f02}バトランド王に　ありますがな。{0000},0x08BA
