"",はっ…………。{7f02}なんと　夢であったか……。{7f0b}{0000},0x0018
"",ぬお～！　出たな！　怪物どもめ！{7f0b}{0000},0x0028
"",近ごろ　空をながめていると{7f02}むなさわぎが　してならぬ。{7f0a}{7f02}何事もなければ　よいのだが……。{7f0b}{0000},0x0038
"",{7f04}{7f2e}「バトランドの王さまは{7f02}いばっとらんど！{7f02}……フフフ　うまくできましたよ。{0000},0x005D
"",{7f04}{7f25}「お城の各所に　水が{7f02}配置されているのは　なにか{7f02}呪術的な意味が　あるのでしょうか？{0000},0x007D
"",{7f04}{7f26}「あら　意外に　いいお城ね。{7f02}もっと　無骨で　いなかくさいのを{7f02}想像してたわ。{0000},0x00A2
"",{7f04}{7f24}「どうも　このお城には{7f02}兵士や　衛兵が{7f02}たくさん　いるみたいですね。{7f0a}{7f02}{7f04}{7f24}「やっぱり　この国でなら{7f02}いい商売が　できそうです。{0000},0x00C2
"",{7f04}{7f23}「わがサントハイムの城に{7f02}比べると　いささか　優美さに{7f02}欠ける城ですな。{7f0a}{7f02}{7f04}{7f23}「まあ　これくらいが{7f02}戦士の国の限界でしょうとも。{7f02}ふははは……。{0000},0x00F5
"",{7f04}{7f22}「このお城は　城内に{7f02}教会が　ないみたいですね。{7f02}残念なことです。{0000},0x0131
"",{7f04}{7f21}「戦士が　多いんだから{7f02}どこかに　訓練場くらい{7f02}ないのかしら？{0000},0x014D
"",{7f04}{7f20}「なつかしのバトランド城！{7f02}旅に出る前　私は　このお城に{7f02}仕えていたのです。{7f0a}{7f02}{7f04}{7f20}「もちろん　今でも{7f02}わが忠誠は　この国と{7f02}バトランド王に　ありますがな。{0000},0x0167
