"",城には入れますが　{7f02}王には　会えませんよ。{7f02}夜の決まりっす。{7f0b}{0000},0x0018
"",王に　なにかご用ですかな？{7f02}だが　急ぎの用でなければ{7f02}明日にしていただきたい。{7f0a}{7f02}昼間は多忙ゆえ　夜ぐらいは{7f02}王には　しっかり身体を{7f02}休めていただきたいのだ。{7f0b}{0000},0x002F
"",わがバトランドの城門は{7f02}よその国からの客人にも{7f02}へだてなく　開かれております。{7f0a}{7f02}どうぞ　お通りください。{7f0b}{0000},0x006D
"",誰かと思えば　{7f20}どのか。{7f02}どうぞ　お通りください。{7f0b}{0000},0x0098
"",へっ…へっ…へクシッ！{7f02}……うう。門番をするには{7f02}少々　はだ寒い日ですな。{7f0b}{0000},0x00AD
"",{7f04}{7f26}「前から思ってたんだけど{7f02}夜に　玉座の間に入れないのって{7f02}サービス悪いわよね。{0000},0x00CB
"",{7f04}{7f20}「たしかに　バトランド王は{7f02}お忙しい方です。{7f0a}{7f02}{7f04}{7f20}「{7f1f}どの。王に会うのは{7f02}また　明日にしましょう。{0000},0x00ED
