"",ボク　悪いスライムじゃないよ。{7f02}友だちの　ネコのミーちゃんが{7f02}心配で　会いに来たんだよ。{7f0a}{7f02}あのね　ミーちゃんが言うには{7f02}サントハイムの王さまには{7f02}不思議なちからが　あったんだって！{7f0a}{7f02}王さまに　くわしい人が{7f02}となり町　サランにいるから{7f02}聞いてごらんって　言ってるよ！{7f0b}{0000},0x0018
"",にゃん　にゃん　にゃん！{7f0b}{0000},0x008A
"",にゃん　にゃん　にゃん！{7f0b}{0000},0x0095
"",{7f04}{7f20}「スライムやホイミスライムは{7f02}魔物とはいえ　気のいいやつです。{7f0a}{7f02}{7f04}{7f20}「やつの話。{7f02}信じてみては　いかがかな？{0000},0x00A0
"",{7f04}{7f23}「スライムとはいえ魔物。{7f02}はたして　どれほど{7f02}信用できるものですかな。フム。{7f0a}{7f02}{7f04}{7f23}「しかし他に　手がかりはない。{7f02}ひとまずは　サランに行き{7f02}たしかめてみましょう。{0000},0x00D0
"",{7f04}{7f21}「お父さまの不思議なチカラ？{7f02}そういえば　たまに　ヘンな夢を{7f02}見ていらしたわ。{7f0a}{7f02}{7f04}{7f21}「とにかく　サランへ！{7f02}その人に　話を聞いてみましょう！{0000},0x0115
"",{7f04}{7f21}「あのネコさんだけでも{7f02}無事でよかったわ。うん……。{0000},0x0153
"",{7f04}{7f24}「やあ。このネコさんは{7f02}おなかが　すいてるのかな？{7f02}……それは　私か。{0000},0x016A
"",{7f04}{7f26}「ネコだけでも無事で{7f02}よかったわ。{7f02}なんか　ほっとしちゃう。{0000},0x0187
"",{7f04}{7f20}「これで　しばらくの間は{7f02}この城にも　静寂がおとずれよう。{7f02}せめてもの救い　だな。{0000},0x01A2
"",{7f04}{7f23}「わが　サントハイムが{7f02}このまま滅びるものか！{7f0a}{7f02}{7f04}{7f23}「いつの日か　かならずや{7f02}王も　みなも　お助けしますぞ！{0000},0x01C6
"",{7f04}{7f22}「{7f21}姫さまの身は{7f02}この{7f22}　命にかえても{7f02}お守りいたします。{7f0a}{7f02}{7f04}{7f22}「そのためにも　もっと{7f02}修行をつんで　強くならねば。{7f02}さあ　参りましょう！{0000},0x01F6
"",{7f04}{7f21}「行ってきます　お父さま。{7f02}もうしばらく　待っててね。{7f02}きっと元気で帰ってくるから。{7f0a}{7f02}{7f04}{7f21}「わたしたちが帰ったら{7f02}お父さまも　元気なお顔を{7f02}見せてね。約束よ……？{0000},0x0231
"",{7f04}{7f24}「魔物たちがねらう{7f02}黄金の腕輪。{7f02}商人の血がさわぐ名です。{7f0a}{7f02}{7f04}{7f24}「……えっ？{7f02}とっくに　悪党にうばわれた？{7f02}なーんだ　がっかりです。{0000},0x0277
"",{7f04}{7f25}「進化の秘法の研究は　いわば{7f02}父の形見のようなものです。{7f02}悪用されるわけには　いきません。{7f0a}{7f02}{7f04}{7f25}「デス{7f31}。そして魔族。{7f02}進化の秘法を　ねらう者を{7f02}わたしたちで　止めなくては！{0000},0x02B3
"",{7f04}{7f26}「さっ　元気出して！{7f02}行きましょっ！　ねっ？{7f02}クヨクヨしても始まらないっと！{0000},0x0300
"",{7f04}{7f2e}「ギャグを言いづらい{7f02}空気だなあ……。{7f02}しかし　負けないぞ！{0000},0x0322
"",{7f04}{7f24}「サントハイムといえば{7f02}エンドールと並ぶ　大きな国。{7f02}しかし　様子がヘンですね。{0000},0x033D
"",{7f04}{7f25}「城を　おおっていた{7f02}まがまがしい気が{7f02}いっそう強くなりました。{7f0a}{7f02}{7f04}{7f25}「おそらくは　中に{7f02}……ええ　きっと中にいます。{0000},0x0362
"",{7f04}{7f26}「やっぱりそうだわ。{7f02}ここにいる。あいつ。{7f02}……かならず　ここにいるわ。{7f0a}{7f02}{7f04}{7f26}「わかるの。{7f02}血が　熱くなるのよ。{7f02}あいつを倒せって声が聞こえる。{0000},0x0393
"",{7f04}{7f21}「……そう。{7f02}あのネコは　無事だったのね。{7f02}でも　みんなは。{7f0a}{7f02}{7f04}{7f21}「…………。{7f02}ごめんなさい。{7f02}今は　話したくないの。{0000},0x03D0
"",{7f04}{7f25}「今のネコ。{7f02}いったい　何を必死に{7f02}訴えていたのでしょう。{0000},0x03FF
"",{7f04}{7f2e}「ギャグを言いづらい{7f02}空気だなあ……。{7f02}しかし　負けないぞ！{0000},0x0419
"",{7f04}{7f24}「サントハイムといえば{7f02}エンドールと並ぶ　大きな国。{7f02}しかし　様子がヘンですね。{0000},0x0435
"",{7f04}{7f25}「この城には……たぶん{7f02}もう一度　訪れなければ{7f02}ならない。そんな気がします。{0000},0x045A
"",{7f04}{7f26}「ずいぶん　ひっそりした{7f02}お城だわね。{7f02}何があったのかしら？{0000},0x047A
