"",キキー！{7f02}ほほう　ちょうど{7f02}いいところに　来たな！{7f0a}{7f02}おれさまは　腹が減ってるのだ！{7f0a}{7f02}なんせ　バルザックのやつが{7f02}やたら　こき使うものだからな。{7f0a}{7f02}うらむなら{7f02}バルザックをうらみな！{7f02}キキー！{7f0b}{0000},0x0018
"",メラメラ　人間め！{7f02}殺されぬうちに{7f02}さっさと出てゆけ！{7f0b}{0000},0x0069
"",キキー！{7f02}ここのサントハイムの城は{7f02}オレたち魔物が　いただいた！{7f0a}{7f02}この城の王は{7f02}バルザックさまだ！　キキー！{7f0b}{0000},0x0083
"",人間め……。{7f02}この奥の宝には　近付かせぬぞ。{7f02}さあ　帰るがよい！　メラメラ。{7f0b}{0000},0x00B2
"",メラメラ　殺されぬうちに{7f02}さっさと出てゆけ……。{7f0b}{0000},0x00D4
"",この城は　われらのもの。{7f02}人間は立ち去れーい！　メラメラ。{7f0b}{0000},0x00EB
"",メラメラ……。{7f02}ここは　サントハイムの城。{7f02}しかし今は魔物の城だ。{7f0b}{0000},0x0105
"",春の山が描かれた　風景画だ。{7f0b}{0000},0x0121
"",テーブルには　おいしそうな料理が{7f02}ならべられている。{7f0b}{0000},0x0132
"",「信仰と祈り」という　神学の本がある。{7f02}本の間に　何か　はさまっているようだ。{7f0a}{7f02}なんと　アリーナの　かくしどり{7f02}ブロマイドが出てきた！{7f0b}{0000},0x014A
"",{7f04}{7f20}「これで　しばらくの間は{7f02}この城にも　静寂がおとずれよう。{7f02}せめてもの救い　だな。{0000},0x0189
"",{7f04}{7f23}「黄金の腕輪　か。フム……。{7f02}そして　またもデス{7f31}。{7f0a}{7f02}{7f04}{7f23}「われらは　もしや{7f02}とてつもない戦いに{7f02}足を　踏み入れてしまったのか？{0000},0x01AE
"",{7f04}{7f22}「たとえ　魔物だとしても{7f02}誰もいない城よりは{7f02}まだ　めるだけましだった。{7f0a}{7f02}{7f04}{7f22}「サントハイムに{7f02}人々と　笑顔が戻るのは{7f02}いつの日のことなのでしょう。{0000},0x01E8
"",{7f04}{7f21}「次に　サントハイムの城に{7f02}戻ってくるには　城のみんなも{7f02}帰ってきてると　いいな。{7f0a}{7f02}{7f04}{7f21}「うん！　きっとそうなるわ。{7f02}そうなるように　がんばろう！{0000},0x0228
"",{7f04}{7f24}「……誰もいないお城って{7f02}さみしいもんですね。{0000},0x0266
"",{7f04}{7f25}「進化の秘法の研究は　いわば{7f02}父の形見のようなものです。{7f02}悪用されるわけには　いきません。{7f0a}{7f02}{7f04}{7f25}「デス{7f31}。そして魔族。{7f02}進化の秘法を　ねらう者を{7f02}わたしたちで　止めなくては！{0000},0x027A
"",{7f04}{7f26}「バルザックは　もういない。{7f02}でも　お父さんも帰ってこないのね。{7f02}……当たり前　か。{0000},0x02CB
"",{7f04}{7f23}「盗っ人　たけだけしいとは{7f02}このことですな！！{7f02}いまいましい　魔物めっ！{0000},0x02EF
"",{7f04}{7f21}「もともと　お父さまの{7f02}このサントハイムの宝だわ！{7f02}魔物の宝じゃないわ！{7f0a}{7f02}{7f04}{7f21}「……どうして？{7f02}どうして　サントハイムだけが{7f02}こんな目にあうの？{0000},0x030C
"",{7f04}{7f22}「神は　なにゆえ{7f02}サントハイムを　このような{7f02}苦難に　あわせるのか。{7f0a}{7f02}{7f04}{7f22}「ああ……。{0000},0x0348
"",{7f04}{7f21}「このサントハイムは{7f02}わたしの城よ。わたしとお父さまの！{7f02}魔物の好きには　させないわ！{0000},0x036E
"",{7f04}{7f23}「部下に悪口を言われるとは{7f02}バルザックとやらの{7f02}うつわが　知れますな。フン！{0000},0x0391
"",{7f04}{7f21}「魔物が　お父さまの玉座を{7f02}汚してるなんて　がまんできない。{7f02}やつは　わたしが倒すわ！{0000},0x03B5
"",{7f04}{7f25}「下っぱを　倒したところで{7f02}何も　変わりません。{7f02}さあ　バルザックを！{0000},0x03DB
"",{7f04}{7f26}「うらむなら　地獄で{7f02}バルザックを　うらむのね！{7f02}フン！　いい気味だわっ。{0000},0x03FB
"",{7f04}{7f23}「ええいっ　魔物め！{7f02}我がもの顔ができるのも{7f02}今のうちだけじゃぞ！！{0000},0x041D
"",{7f04}{7f21}「……死ぬのはあいつら。{7f02}魔物たちよ！　わたしたちじゃない。{7f0a}{7f02}{7f04}{7f21}「わたしは　死なないわ。{7f02}魔物の親玉を倒して　城を元通りに{7f02}するまでは　ぜったいに死なない。{0000},0x043C
"",{7f04}{7f24}「わわっ　ぶっそうな！{7f02}そうですよ　用がないなら{7f02}早く　城から出ましょう！{0000},0x047F
"",{7f04}{7f22}「バルザックを倒せば{7f02}お城のみなさんだって{7f02}戻ってくるかもしれない。{7f0a}{7f02}{7f04}{7f22}「……今は　そう願って{7f02}戦うだけです。{0000},0x049F
"",{7f04}{7f21}「誰もいなくたって{7f02}このお城は　サントハイム城よ！{7f02}魔物の城なんかじゃないわ！{7f0a}{7f02}{7f04}{7f21}「許さない……。{7f02}魔物たち　ぜったいに許さない。{7f02}わたしは　負けないわ。{0000},0x04D1
"",{7f04}{7f25}「父の死から　かたときも{7f02}その名を忘れたことはありません。{7f02}……バルザック。許さないわ。{0000},0x050F
"",{7f04}{7f26}「あのバルザックが王なんて{7f02}ナマイキじゃないの。{7f02}身のほどを　教えてやるわ！{0000},0x0537
"",{7f04}{7f20}「むむっ！？　この城も{7f02}魔物に　支配されているのか！{7f02}なんたることだ！{0000},0x055B
"",{7f04}{7f23}「城に住むことを許されるのは{7f02}高貴なる者だけです。{7f02}魔物など　もってのほか！{7f0a}{7f02}{7f04}{7f23}「こっぴどい目にあわせて{7f02}追い出して　やりましょうぞ！{0000},0x0579
"",{7f04}{7f22}「神よ　どうぞ{7f02}姫さまを　お守り下さい。{7f02}われらにチカラを与えて下さい。{7f0a}{7f02}{7f04}{7f22}「そうして　どうか{7f02}消えたサントハイムの人々に{7f02}ご加護を……。どうか　神よ。{0000},0x05B6
"",{7f04}{7f21}「これ以上　魔物たちの{7f02}好きには　させないわ。{7f02}ぜったいに　させない。{7f0a}{7f02}{7f04}{7f21}「……命にかえても{7f02}魔物たち　みんな{7f02}おいはらってやる。{0000},0x05FC
"",{7f04}{7f25}「やはり　この城には{7f02}縁があるようですね。{7f02}さあ　２階へ行きましょう！{0000},0x0633
"",{7f04}{7f26}「うわっ　いるいる！{7f02}魔物がウジャウジャしてるわ！{7f02}よーしっ　やっつけるわよ！{0000},0x0654
"",{7f04}{7f23}「盗っ人　たけだけしいとは{7f02}このことですな！！{7f02}いまいましい　魔物めっ！{0000},0x0677
"",{7f04}{7f21}「もともと　お父さまの{7f02}このサントハイムの宝だわ！{7f02}魔物の宝じゃないわ！{7f0a}{7f02}{7f04}{7f21}「……どうして？{7f02}どうして　サントハイムだけが{7f02}こんな目にあうの？{0000},0x0694
"",{7f04}{7f21}「……こんなに魔物を{7f02}いと思ったのは　初めてよ。{7f0a}{7f02}{7f04}{7f21}「もっと強くならなきゃ。{7f02}もっと　もっと強くならなきゃ。{7f02}そうすればきっと　お父さまも……。{0000},0x06D0
"",{7f04}{7f24}「わわっ　ぶっそうな！{7f02}そうですよ　用がないなら{7f02}早く　城から出ましょう！{0000},0x070F
"",{7f04}{7f23}「まったく　いまいましい！{7f02}魔物め　今に見ておれっ！！{0000},0x0730
"",{7f04}{7f22}「我が身の　ふがいなさが{7f02}これほど　くやしかったことは{7f02}ありません……。{7f0a}{7f02}{7f04}{7f22}「神よ　どうか　ご加護を。{7f02}われらにチカラを　与えて下さい。{7f02}どうか　神よ……。{0000},0x0746
"",{7f04}{7f25}「サントハイムの方々は{7f02}もしや　もう……？{7f0a}{7f02}{7f04}{7f25}「いえ　何でもありません。{7f02}ごめんなさい。{0000},0x078C
"",{7f04}{7f23}「ええいっ　魔物め！{7f02}我がもの顔ができるのも{7f02}今のうちだけじゃぞ！！{0000},0x07B4
"",{7f04}{7f21}「誰もいなくたって{7f02}このお城は　サントハイム城よ！{7f02}魔物の城なんかじゃないわ！{7f0a}{7f02}{7f04}{7f21}「許さない……。{7f02}魔物たち　ぜったいに許さない。{7f02}わたしは　負けないわ。{0000},0x07D2
"",{7f04}{7f26}「あの炎　アッテムトでも{7f02}見かけたわ。もしかして{7f02}この城も　アッテムトのように？{0000},0x0811
"",{7f04}{7f2e}「さあっ！　暗い気分も{7f02}わたしのギャグでぶっとばせ！{7f0a}{7f02}{7f04}{7f2e}「いや～っ　一度でいいから{7f02}いっしょに　温泉に{7f02}{7f21}さんと　はいむたいっ……{7f0a}{7f02}{7f04}{7f2e}「うわっ！　なぐらないで{7f02}くださいよっ！！{7f02}わたしは　場をなごませようと！{0000},0x0835
"",{7f04}{7f22}「神は　なにゆえ{7f02}サントハイムを　このような{7f02}苦難に　あわせるのか。{7f0a}{7f02}{7f04}{7f22}「ああ……。{0000},0x0891
"",{7f04}{7f21}「まだ……。{7f02}やっぱり……。{7f0a}{7f02}{7f04}{7f21}「…………。{0000},0x08B6
"",{7f04}{7f24}「ありゃっ　おかしいな？{7f02}兵士さんも　だーれも{7f02}いないなんて？{0000},0x08CA
"",{7f04}{7f25}「この城には……たぶん{7f02}もう一度　訪れなければ{7f02}ならない。そんな気がします。{0000},0x08E6
"",{7f04}{7f26}「これだけ広いお城なのに{7f02}誰もいないだなんて{7f02}やだやだ！　気味わるーいっ。{0000},0x0907
