"",黄金の腕輪を　手に入れ{7f02}進化の秘法を{7f02}カンペキなものとしたとき……。{7f0a}{7f02}そのこそ　われら{7f02}暗黒の種族の代が　来ようぞ！{7f02}わっはっはっ！{7f0b}{0000},0x0018
"",進化の秘法を完成させるには{7f02}やはり　黄金の腕輪が必要なのだ。{7f0a}{7f02}暗黒のチカラを　増幅させるという{7f02}黄金の腕輪！{7f0b}{0000},0x0057
"",実験は　失敗だったようだな。{7f02}デスピサロさまに{7f02}ご報告せねば……。{7f0b}{0000},0x008C
"",{7f45}{7f04}バルザック「そ…　そんな　バカな……。{7f02}カンペキなはずの　私の身体が{7f02}打ちのめされるとは……。{7f0a}{7f02}{7f04}バルザック「しかし　進化の秘法が{7f02}あるかぎり　わたしは滅びぬはず…{7f02}今に……　今に……　ぐふっ！{7f0b}{0000},0x00AD
"",{7f45}{7f04}バルザック「おろかな者たちよ。{7f02}また　来たようだな。{7f0a}{7f02}{7f04}バルザック「すでに　わたしは{7f02}究極の進化を　きわめた！{7f02}この肉体は　神に近い。{7f0a}{7f02}{7f04}バルザック「何度　戦っても{7f02}同じことよっ！！{7f0b}{0000},0x0103
"",{7f45}{7f04}バルザック「人も　魔物も超えた{7f02}より優れた存在なのだ。{7f02}さあ　ひれ伏すがよい！{7f0a}{7f02}{7f04}バルザック「もはや　デスピサロさま……{7f02}いや！　デスピサロのやつも{7f02}わたしには　およばないだろう。{7f0a}{7f02}バルザック「さあ　来い！{7f02}おろかで　ひ弱な　人間どもめ！{7f0b}{0000},0x0153
"",ふっふっふっ。{7f02}人間め　この城に何の用だ。{7f0a}{7f02}わたしは　バルザック。{7f02}今の　この城の主だ！{7f0a}{7f02}{7f04}バルザック「すでに　わたしは{7f02}究極の進化を　きわめた！{7f02}この肉体は　神に近い。{7f0b}{0000},0x01BC
"",{7f45}わたしは　バルザック。{7f02}今の　この城の主だ！{7f0a}{7f02}{7f04}バルザック「サントハイムの者よ{7f02}この城を　取り戻したくば{7f02}わたしを　倒してみよ！{7f0a}{7f02}{7f04}バルザック「すでに　わたしは{7f02}究極の進化を　きわめた！{7f02}この肉体は　神に近い。{7f0a}{7f02}{7f04}バルザック「もはや　デスピサロさま……{7f02}いや！　デスピサロのやつも{7f02}わたしには　およばないだろう。{7f0a}{7f02}{7f04}バルザック「さあ　ひれ伏すがよい！{7f0b}{0000},0x0204
"",ふっふっふっ。{7f02}人間め　この城に何の用だ。{7f02}……おお　お前たちは！{7f0a}{7f02}そうか　サントハイムに{7f02}ゆかりの者たちだな！{7f02}わっはっは　よくぞ戻った！{7f0b}{0000},0x0299
"",{7f45}どうだ！　見違えたであろう！{7f02}わたしが　バルザックだ！{7f0a}{7f02}{7f04}バルザック「すでに　わたしは{7f02}究極の進化を　きわめた！{7f02}この肉体は　神に近い。{7f0a}{7f02}{7f04}バルザック「もはや　デスピサロさま……{7f02}いや！　デスピサロのやつも{7f02}わたしには　およばないだろう。{7f0a}{7f02}{7f04}バルザック「エドガンの娘よ。{7f02}さぞかし　父が恋しかろう。{7f02}すぐに父の元へ　送ってやるぞ。{7f0b}{0000},0x02D6
"",ふっふっふっ。{7f02}人間め　この城に何の用だ。{7f02}……ほう？{7f0a}{7f02}おお　なつかしい顔が見えるな。{7f02}やはり来たか　エドガンの娘よ！{7f02}再びこうして　あいまみえるとはな！{7f0b}{0000},0x0364
"",待てーい！{7f02}人間め　どこへ行くつもりだっ！？{7f02}さあ　出てゆけ！　キッキッ。{7f0b}{0000},0x03A7
"",ふん！　バルザックのやつ{7f02}いい気になりやがって……。{7f0a}{7f02}デスピサロさまの命令じゃなきゃ{7f02}あんな　やつのもとで{7f02}働きゃしないのに……。キッキッ。{7f0b}{0000},0x03CA
"",{7f04}{7f23}「王のお姿が　見えずとも{7f02}この{7f23}　王への忠誠は{7f02}けして　忘れませんとも！{7f0a}{7f02}{7f04}{7f23}「姫さまを守り　必ずや{7f02}王や　城のみなを{7f02}お助け　いたしますぞ！{0000},0x0406
"",{7f04}{7f22}「神は　なにゆえ{7f02}サントハイムを　このような{7f02}苦難に　あわせるのか。{7f0a}{7f02}{7f04}{7f22}「ああ……。{0000},0x0446
"",{7f04}{7f21}「お父さま……待っててね。{7f02}いつか必ず　ううん　すぐに！{7f02}すぐ　助けてあげるから。{0000},0x046C
"",{7f04}{7f24}「……誰もいないお城って{7f02}さみしいもんですね。{0000},0x0491
"",{7f04}{7f25}「進化の秘法の研究は　いわば{7f02}父の形見のようなものです。{7f02}悪用されるわけには　いきません。{7f0a}{7f02}{7f04}{7f25}「デス{7f31}。そして魔族。{7f02}進化の秘法を　ねらう者を{7f02}わたしたちで　止めなくては！{0000},0x04A6
"",{7f04}{7f26}「バルザックは　もういない。{7f02}でも　お父さんも帰ってこないのね。{7f02}……当たり前　か。{0000},0x04F2
"",{7f04}{7f20}「あのバルザックでさえも{7f02}手足の一本に　すぎないのか！{7f02}ううむっ　デス{7f31}恐るべし……。{7f0a}{7f02}{7f04}{7f20}「しかし　今は　ひとまず{7f02}身体を休めることとしましょう。{7f02}さあ　町へ行きましょう。{0000},0x0516
"",{7f04}{7f23}「黄金の腕輪　か。フム……。{7f02}そして　またもデス{7f31}。{7f0a}{7f02}{7f04}{7f23}「われらは　もしや{7f02}とてつもない戦いに{7f02}足を　踏み入れてしまったのか？{0000},0x0564
"",{7f04}{7f22}「たとえ　魔物だとしても{7f02}誰もいない城よりは{7f02}まだ　めるだけましだった。{7f0a}{7f02}{7f04}{7f22}「サントハイムに{7f02}人々と　笑顔が戻るのは{7f02}いつの日のことなのでしょう。{0000},0x059B
"",{7f04}{7f21}「まだ　ダメなの？{7f02}バルザックを倒しただけじゃ{7f02}お父さまは　帰ってこないの？{7f0a}{7f02}{7f04}{7f21}「……ううん。平気よ。{7f02}大丈夫　デス{7f31}を倒せば{7f02}今度こそ　きっと……。{0000},0x05DD
"",{7f04}{7f24}「はーっ　なんとか{7f02}勝てるもんですねえ。{7f02}しかし　こわかったーっ。{7f0a}{7f02}{7f04}{7f24}「はてさて。それにしても{7f02}黄金の腕輪　というのが{7f02}気になりますね。{0000},0x0622
"",{7f04}{7f25}「父の　進化の秘法の研究から{7f02}すべてが始まったのなら{7f02}わたしたちが　止めなくては。{7f0a}{7f02}{7f04}{7f25}「バルザック……彼も。{7f02}いえ　何でもありません。{7f02}さあ行きましょう！{0000},0x065C
"",{7f04}{7f26}「やったわ……。{7f02}バルザックを　倒した……。{7f02}お父さんのカタキを……。{7f0a}{7f02}{7f04}{7f26}「やだ　涙がっ……。{7f02}ちょっと　見ないでよ！{7f02}泣き顔は　ブスなんだから！{0000},0x06A0
"",{7f04}{7f23}「何をしておられます？{7f02}さあ　にっくき魔物は{7f02}玉座に　座っているのですぞ！{0000},0x06DF
"",{7f04}{7f22}「どんなに敵が強くとも{7f02}今度ばかりは　立ち向かうしか{7f02}ありません。{7f0a}{7f02}{7f04}{7f22}「……大丈夫です。{7f02}神は　きっと　われらを{7f02}お守りくださいます！{0000},0x0701
"",{7f04}{7f21}「あいつを　追い出して{7f02}城を　取り戻すのよ！{7f02}他のことは　後まわしだわ！{0000},0x073F
"",{7f04}{7f25}「お願いします。{7f02}玉座の魔物は　わたしたちの父の{7f02}命をうばった男の　なれの果て。{7f0a}{7f02}{7f04}{7f25}「あの魔物だけは　何があっても{7f02}見逃すわけには　いかないのです。{7f02}どうか　戦わせて下さい。{0000},0x0760
"",{7f04}{7f26}「ちょっと！　どこ行くのよ！{7f02}まさか　おじけづいたんじゃ{7f02}ないでしょうね！？{0000},0x07AB
"",{7f04}{7f22}「デス{7f31}という名前。{7f02}……いやな予感がします。{0000},0x07CD
"",{7f04}{7f21}「デス{7f31}！？{7f02}エンドールの武術大会の男ね！{7f02}あいつが　魔物の親玉……？{7f0a}{7f02}{7f04}{7f21}「なら　ちょうどいいわ。{7f02}試合の決着もつけたいし。{7f02}バルザックの次は　デス{7f31}よ！{0000},0x07E4
"",{7f04}{7f26}「バルザックのやつ{7f02}サイテーな性格は　昔のままね。{7f02}……昔から　いやなやつだった。{0000},0x082E
"",{7f04}{7f20}「うぬっ！　あやつは！？{7f02}キングレオよりも　はるかに{7f02}強そうな目の魔物だ。{7f0a}{7f02}{7f04}{7f20}「気を　ひきしめねば{7f02}危ないかもしれん。{7f02}準備は　よろしいか？{0000},0x0854
"",{7f04}{7f23}「この{7f23}。さしちがえても{7f02}あやつめを倒すつもりです！{7f02}目にもの見せてやりましょうぞ！{0000},0x0895
"",{7f04}{7f22}「とうとう　見つけました。{7f02}サントハイムに　あだなす者。{7f0a}{7f02}{7f04}{7f22}「……戦いましょう。{7f02}そうして　この城を{7f02}元の　平和な城に戻すのです！{0000},0x08BB
"",{7f04}{7f21}「あいつ！{7f02}お父さまの玉座に　のうのうと！{7f0a}{7f02}{7f04}{7f21}「許さないわ！{7f02}ひきずり降ろして　こてんぱんに{7f02}やっつけてやる！{0000},0x08F4
"",{7f04}{7f24}「ひえええええっ！{7f02}わ　私　できれば{7f02}馬車に　戻りたいかなーっと。{0000},0x0925
"",{7f04}{7f25}「あれが　バルザック……？{7f02}なんて　まがまがしい気。{7f02}おそろしさに　足がすくむ。{7f0a}{7f02}{7f04}{7f25}「でも　負けるわけには……{7f02}逃げるわけには　いかない。{7f02}お父さん　どうかチカラを！{0000},0x0944
"",{7f04}{7f26}「いた！　あいつよ！！{7f02}姿は変わっていても　わかるわ！{7f02}あいつ……バルザックよ！{7f0a}{7f02}{7f04}{7f26}「お父さんのかたき。{7f02}今こそ　とってやる！{0000},0x098B
"",{7f04}{7f23}「王のお姿が　見えずとも{7f02}この{7f23}　王への忠誠は{7f02}けして　忘れませんとも！{7f0a}{7f02}{7f04}{7f23}「姫さまを守り　必ずや{7f02}王や　城のみなを{7f02}お助け　いたしますぞ！{0000},0x09C1
"",{7f04}{7f22}「神は　なにゆえ{7f02}サントハイムを　このような{7f02}苦難に　あわせるのか。{7f0a}{7f02}{7f04}{7f22}「ああ……。{0000},0x0A00
"",{7f04}{7f21}「……お父さま……。{0000},0x0A27
"",{7f04}{7f24}「ここにも　誰もいないか。{7f02}うーん。どうしたんでしょうね。{0000},0x0A30
"",{7f04}{7f25}「城の中だというのに{7f02}魔物の気配がします。{7f02}よく　気をつけてください。{0000},0x0A4A
"",{7f04}{7f26}「王さまも　いないのね。{7f02}まったく　どういうこと？{0000},0x0A69
