"",ダミー{7f0b}{0000},0x0018
"",亡くなった　サントハイム王妃の{7f02}肖像画が　かざられている。{7f0b}{0000},0x001C
"",サントハイム領地の　山々が{7f02}あざやかに　描かれている。{7f0b}{0000},0x0037
"",{7f04}板で　修理してあるだけなので{7f02}けやぶれそうだった。{7f0a}{7f02}{7f04}カベを　けやぶりますか？{0000},0x004F
"",{7f04}開けた穴を　板で{7f02}修理しているようだ。{7f0b}{0000},0x0071
"",{7f04}{7f23}「王のお姿が　見えずとも{7f02}この{7f23}　王への忠誠は{7f02}けして　忘れませんとも！{7f0a}{7f02}{7f04}{7f23}「姫さまを守り　必ずや{7f02}王や　城のみなを{7f02}お助け　いたしますぞ！{0000},0x0083
"",{7f04}{7f22}「今ごろ　王さまや{7f02}城のみなさんは　どこで{7f02}どんな目に　あっているのか。{7f0a}{7f02}{7f04}{7f22}「考えるだけで{7f02}この胸が　痛みます。{0000},0x00C0
"",{7f04}{7f21}「本当のことを言うとね{7f02}ひとりでお城に来るのは{7f02}こわかったの。{7f0a}{7f02}{7f04}{7f21}「……ありがとう。{7f02}いっしょに　いてくれて。{0000},0x00F0
"",{7f04}{7f25}「バルザックの悪行　父の死{7f02}そして　これまでの旅……。{7f0a}{7f02}{7f04}{7f25}「もし　すべて運命ならば{7f02}そうだとしたら　おそろしくて{7f02}二度と　占いなんてできないわ。{0000},0x011D
"",{7f04}{7f26}「お姫さまって{7f02}すごいお部屋に　住んでるのね。{7f0a}{7f02}{7f04}{7f26}「いつか　平和になったら{7f02}泊まりにきてみたいわ。{0000},0x015B
"",{7f04}{7f21}「本当のことを言うとね{7f02}ひとりでお城に来るのは{7f02}こわかったの。{7f0a}{7f02}{7f04}{7f21}「……ありがとう。{7f02}いっしょに　いてくれて。{0000},0x0186
"",{7f04}{7f25}「いずれ……そうだわ。{7f02}いずれ　わたしたち姉妹は{7f02}この城で会う……あいつに。{7f0a}{7f02}{7f04}{7f25}「……はっ！{7f02}今　わたし　何か言いました！？{7f02}まるで　覚えてないわ。{0000},0x01B3
