"",むにゃむにゃ……。{7f02}異常なーし……むにゃ。{7f0b}{0000},0x0018
"",エンドール城へ　ようこそ。{7f02}わが国の城門は　民衆のために{7f02}広く　開かれております。{7f0b}{0000},0x002B
"",エンドール王家の　結婚式といえば{7f02}世界一　豪勢なことで有名なのだ。{7f0a}{7f02}またとない機会だから{7f02}あなたも　ぜひ見ていくといい。{7f02}きっと　みんなに　じまんできるぞ。{7f0b}{0000},0x004F
"",ならば　左右にあるトビラより{7f02}城内に入るがいい。{7f0b}{0000},0x0091
"",結婚式を見にきたのかな？{0000},0x00A7
"",{7f04}{7f24}「眠ってる兵士の耳元で{7f02}大声だしたら　さぞかし{7f02}びっくりすることでしょうね。{0000},0x00B2
"",{7f04}{7f23}「エンドールは　兵士の質が{7f02}低いですな。サントハイムには{7f02}居眠りをする兵など　おりませんぞ。{0000},0x00D5
"",{7f04}{7f20}「ぬぬぬ　けしからん。{7f02}城の警備を　つとめるものが{7f02}居眠りをするなど　最低だ！{0000},0x00FE
"",{7f04}{7f26}「ようし　眠ってるすきに{7f02}サイフを　いただいちゃいましょう！{7f0a}{7f02}{7f04}{7f26}「って　冗談　冗談。{7f02}ちょっと言ってみただけよ。{0000},0x0121
"",{7f04}{7f23}「エンドールの結婚式が{7f02}どれほどのものか　ぜひとも{7f02}この目で　見ておかねば！{7f0a}{7f02}{7f04}{7f23}「ゆくゆくは　姫さまの{7f02}結婚式の参考にもなるしのう。{0000},0x0153
"",{7f04}{7f21}「どうせ　結婚式なんか{7f02}見たって　つまらないわよ。{0000},0x018C
"",{7f04}{7f25}「なんでも　コロシアムを{7f02}結婚式場に　作り変えたそうですから{7f02}少々　ムードに欠けるかもしれません。{0000},0x01A1
"",{7f04}{7f26}「あたし　ここの結婚式は{7f02}{7f1f}と会う前に　あきるほど{7f02}見てるんだよね。{7f0a}{7f02}{7f04}{7f26}「あっ　{7f1f}が　どうしても{7f02}見たいって言うなら　ちゃんと{7f02}ついてくから　心配しないでね。{0000},0x01CE
"",{7f04}{7f22}「城門があると{7f02}お城も立派に見えますね。{0000},0x020F
"",{7f04}{7f20}「ほほう　エンドール城も{7f02}バトランドと同じように　城の回りが{7f02}お堀で　囲まれているのだな。{0000},0x0222
"",{7f04}{7f25}「お城の　コロシアムへ行けば{7f02}すてきな結婚式が　見られますわ。{0000},0x024A
"",{7f04}{7f26}「まだ　結婚式が続いてるから{7f02}王さまには　会えそうにないわね。{7f02}夜なら　会えると思うけど。{0000},0x0267
