"",ぐうぐう……。{7f0b}{0000},0x0018
"",こんな夜更けに{7f02}お城に　入ってくるとは！{7f0a}{7f02}わたしが　見つけた以上{7f02}黙っているわけには　ゆかぬ。{7f02}ささ　立ち去られよ！{7f0b}{0000},0x001F
"",やれやれ　また　じいさんの{7f02}たわ言が始まったよ。{7f0b}{0000},0x0053
"",コロシアムへ　行きたいなら{7f02}この廊下をまっすぐ進み{7f02}階段を　降りるといい。{7f0b}{0000},0x0067
"",世界のどこかで　地獄の帝王が{7f02}よみがえりつつあるらしい。{7f0b}{0000},0x008A
"",はるか　ブランカの東には{7f02}大きな砂漠があるそうじゃ。{7f0a}{7f02}そして　砂漠をこえた先の{7f02}南にある港町では　なんと{7f02}船まで売ってるというぞ。{7f0b}{0000},0x00A4
"",お姫さまに　好きな人が{7f02}いたなんて……。{7f0a}{7f02}でも　その人と結婚できたんだから{7f02}よかったわよねえ。{7f0b}{0000},0x00DE
"",困ったことに　ここの王様は{7f02}軽はずみで　思ったことを　すぐに{7f02}実行しちゃうんです。{7f0a}{7f02}でも　今回の結婚だけは{7f02}ほんとに　正解だと思いますよ。{7f0b}{0000},0x0105
"",この上は　王さまのお部屋です。{7f0b}{0000},0x0140
"",大きな絵が　かざられている。{7f02}どうやら　王国の歴史を{7f02}伝えるもののようだ。{7f0b}{0000},0x014E
"",{7f04}{7f21}「わたしも　お姫さまだけど{7f02}好きな人と　むすばれることより{7f02}今は　格闘のライバルがほしいわ！{0000},0x016F
"",{7f04}{7f23}「リック王子と　モニカ姫は{7f02}周囲の者が　知らぬまに{7f02}恋仲になっておったとは。{7f0a}{7f02}{7f04}{7f23}「ならば　{7f21}姫にも{7f02}すでに意中の者がいても　ちっとも{7f02}おかしくありませんな。{0000},0x0199
"",{7f04}{7f26}「モニカ姫と　リック王子って{7f02}どうやって　知り合ったんだろう？{7f02}ひょっとして　念波で？{0000},0x01DF
"",{7f04}{7f2d}「いつか私も　大きな船を{7f02}たくさん所有できるほどの{7f02}大商人になりたいです。{0000},0x0208
"",{7f04}{7f25}「これから先の旅で{7f02}わたしたちが　自由に使える船が{7f02}必要になってくるかも　しれません。{0000},0x022A
"",{7f04}{7f26}「船を売ってるほどの町なら{7f02}大きなカジノが　ありそうね。{7f02}なんか　ワクワクしてきたわ。{0000},0x0250
"",{7f04}{7f24}「私が　店を出す許可を{7f02}いただけたのも　王さまの軽はずみの{7f02}おかげなんでしょうかねえ？{0000},0x0277
"",{7f04}{7f25}「姉さんの　軽はずみの行動で{7f02}わたしが　楽しい思いをした事は{7f02}数えるほどもないわ……。{0000},0x029D
"",{7f04}{7f26}「あたしの場合　てきとうに{7f02}決めたことの方が　よく考えた場合より{7f02}うまく行くことが　多いのよね。{0000},0x02C3
"",{7f04}{7f20}「兵士たるもの　みなが{7f02}結婚式で　浮かれているときこそ{7f02}平常心を　心がけねばならんのです。{7f0a}{7f02}{7f04}{7f20}「しっかり　城の警備を{7f02}つとめている　ここの兵士たちは{7f02}おおむね　優秀ですな。{0000},0x02ED
"",{7f04}{7f22}「結婚式が　続いているせいか{7f02}城全体が　活気付いてますね。{0000},0x0339
"",{7f04}{7f21}「どうせだったら{7f02}結婚式より　また武術大会を{7f02}開いてくれればいいのに！{0000},0x0355
"",{7f04}{7f24}「ここにいると　店を持つ前{7f02}商品を背負って　何度も城を{7f02}出入りした事を　思い出しますなあ。{0000},0x0375
"",{7f04}{7f25}「あっ　またイヤな思い出が。{7f02}いえ　別に　それほど{7f02}たいした事ではないのですが……。{7f0a}{7f02}{7f04}{7f25}「姉さんと一緒に　夜中に{7f02}城に忍びんで　物取りと{7f02}まちがえられた事があるんです。{0000},0x039E
"",{7f04}{7f26}「あたし　けっこう長い間{7f02}エンドールにいたから　この城のことは{7f02}裏の裏まで　知りつくしてるわよ。{0000},0x03E8
