"",王様と　姫さまは　{7f02}すでに　お休みでございます。{7f0b}{0000},0x0018
"",古い書物によると　地獄の帝王とは{7f02}究極の進化をとげた生物らしい。{7f0a}{7f02}その能力の　あまりのすごさに{7f02}この世に存在してはならぬものと{7f02}神々が封じこめた……とある。{7f0a}{7f02}いわば　進化論から外れた{7f02}生物だったというわけだな。{7f0b}{0000},0x002C
"",王さまに　会いに来たのか？{7f02}しかし　わが王は　今は{7f02}結婚式に出席しておるのだ。{7f0b}{0000},0x0088
"",ここは　玉座の間です。{7f02}むやみに走ったり　大声を出して{7f02}わめいたり　しないでくださいよ。{7f0b}{0000},0x00A8
"",「すばらしいコロシアム」と{7f02}書かれた本がある。{7f02}{7f4b}は　手にとって読んだ。{7f0a}{7f02}わがエンドールのコロシアムは{7f02}現在の王により　建てられました。{7f0a}{7f02}武術大会をはじめ　さまざまな{7f02}王の思いつきによる　催し物で{7f02}国民の人気を　あつめています。{7f0a}{7f02}血わき　肉おどる　戦い！{7f02}夢とロマンあふれる　お芝居！{7f02}娯楽のすべては　コロシアムに！{7f0b}{0000},0x00CD
"",「ひみつの　交換日記」と{7f02}書かれた本がある。{7f02}{7f4b}は　手にとって読んだ。{7f0a}{7f02}かわいいモニカ。{7f02}今日は　もう５０回も君のことを{7f02}思い出したよ。{7f0a}{7f02}朝ごはんの目玉やきも　お城の柱も{7f02}庭のネコも　池の魚も　屋根のカワラも{7f02}みーんな　君の顔に見えるんだ。{7f0a}{7f02}世界は　モニカであふれている！{7f02}モニカばんざい！{7f0a}{7f02}この日記は　いつもどおり{7f02}秘密のルートで　エンドールへ{7f02}送るからね。　　愛をこめて{7f0b}{0000},0x0158
"",{7f04}{7f25}「いけないわ　姉さん！{7f02}姉さんの頭で　むずかしい事を{7f02}考えると　熱が出て倒れるわよ。{0000},0x01FD
"",{7f04}{7f26}「究極の進化を　とげたんだから{7f02}究極に身体が大きくて　究極に体重が{7f02}重いってことよね　うーん。{0000},0x0222
"",{7f04}{7f2f}「王さまも　仕事をしてるより{7f02}一日中　お姫さまの花嫁姿を{7f02}見てるほうが　楽しいんですね。{0000},0x024D
"",{7f04}{7f24}「王さまが　いないのでは{7f02}王さまに　急ぎの用がある人は{7f02}お気の毒ですね。{0000},0x0274
"",{7f04}{7f20}「王までが　毎日　結婚式に{7f02}出ずっぱりとは　意外や意外。{7f02}一大事には　どうするのだろうか？{0000},0x0294
"",{7f04}{7f26}「王さまも　仕事を大臣に{7f02}押しつけて　結婚式に夢中ってわけね。{7f02}こんなんで　いいのかなあ。{0000},0x02BC
