"",テーブルを　きれいにふかないと。{7f02}せっせ　せっせ。{7f0b}{0000},0x0018
"",{7f04}モニカ「すやすや……。{7f02}お父さま　ごめんなさい……。{7f02}すやすや……。{7f0b}{0000},0x002D
"",{7f04}リック「モニカ……{7f02}愛してるよ……。{7f02}ぐうぐう……。{7f0b}{0000},0x0049
"",{7f04}王「わっはっはっ。{7f02}まさか　こんなに早く　姫が{7f02}結婚するとは思わなかったわい。{7f0a}{7f02}{7f04}王「わしの寝るところが{7f02}なくなってしまったのじゃよ。{7f02}わっはっはっ。{7f0b}{0000},0x0061
"",さあ　かたづけなきゃ。{7f02}せっせ　せっせ……。{7f0b}{0000},0x009C
"",お引き取りください！{7f02}ここは　王さまと姫さまの{7f02}衣装部屋です。{7f0b}{0000},0x00AD
"",カベには　高級そうな絵が{7f02}かざられている。{7f0b}{0000},0x00C9
"",{7f04}{7f20}「きれいな寝顔だな。{0000},0x00DC
"",{7f04}{7f23}「父親思いの　よい姫ですな。{7f02}{7f21}姫も　もう少し　お父上を{7f02}大切にしてくれれば……。{0000},0x00E6
"",{7f04}{7f26}「寝ながら　あやまるなんて{7f02}すごい特技だわ！　問題なのは{7f02}相手に届いてないことだけど。{0000},0x010B
"",{7f04}{7f20}「ぐっすり眠ってますね。{7f02}連日の結婚式で　つかれが{7f02}たまっているんでしょうな。{0000},0x0130
"",{7f04}{7f21}「この人の寝顔を　見てると{7f02}眠くなってくるわね。{0000},0x0151
"",{7f04}{7f22}「きっと　夢のなかでも{7f02}愛を語り合ってるんでしょうね。{7f02}うらやましい……。{0000},0x0167
"",{7f04}{7f26}「新婚さんなのに　別々に{7f02}寝るなんて　これは　もしかして{7f02}破局のきざし！？{0000},0x0186
"",{7f04}{7f22}「娘のしあわせのために{7f02}つらいことも　笑い飛ばすなんて{7f02}エンドール王は　やさしい方ですね。{0000},0x01A6
"",{7f04}{7f2d}「この国の王は　タフですね。{7f02}夜は立ちっぱなし　昼は結婚式に{7f02}出ずっぱり。まさに寝るヒマなしです。{0000},0x01CE
"",{7f04}{7f26}「王さまなんだから　ここに{7f02}ベッドを運びませるなり　なんなり{7f02}すればいいのに。{0000},0x01FA
"",{7f04}{7f22}「そんな　あんまりだ。{7f02}話しかけただけで　引き取れだなんて！{7f02}私は何も　悪いことしてないのに。{0000},0x021C
"",{7f04}{7f20}「こわもての　私を相手に{7f02}きっぱりと物を言うとは{7f02}なかなか　気丈な娘ですな。{7f0a}{7f02}{7f04}{7f20}「ちょっと　トキメキましたぞ。{0000},0x0243
"",{7f04}{7f24}「入るなと言われると{7f02}よけいに　入りたくなりますね。{7f02}……夜にでも来てみましょうか。{0000},0x0275
"",{7f04}{7f26}「失礼な娘ね。{7f02}衣装部屋に入って　タンスを{7f02}あさるなんて　一言もいってないのに。{0000},0x0298
