"",デスピサロに　気をつけるんだ！{7f0b}{0000},0x0018
"",えー！　ウソでしょ。{7f02}デ　デスピサロが　こんなとこに{7f02}来るわけないじゃないの……。{7f0a}{7f02}見なかったことにしよう。{7f02}うん　そうしよう！{7f0b}{0000},0x0025
"",やっぱりね。{7f02}デスピサロが　こんなところに{7f02}来るわけないものね。{7f0b}{0000},0x0058
"",冗談は　顔だけにおしよ。{7f0b}{0000},0x0072
"",ちょっと　そこの　あんた。{7f02}デスピサロに　そっくりだね。{7f02}まさか　本人なのかい……？{0000},0x007E
"",近づくんじゃねえっ！{7f02}はやく　デス{7f31}を連れて{7f02}こっから消えてくれ！{7f0b}{0000},0x00A0
"",ぎゃあああっ！{7f02}そいつが　デスピサロだ！{7f02}ひいいいっ　お助けー！{7f0b}{0000},0x00BD
"",デスピサロに　気をつけるんだ！{7f0b}{0000},0x00D8
"",どうも　女たちのおしゃべりは{7f02}とりとめがなくて{7f02}ついてゆけんな。{7f0b}{0000},0x00E5
"",デスピサロが　いなくなったのは{7f02}武術大会に出るよりも{7f02}大事な用が　できたからよ！{7f0b}{0000},0x0101
"",デスピサロが　魔物だったなんて……。{7f02}途中でいなくなったし　やっぱり{7f02}このうわさは　ホントなのかねえ。{7f0b}{0000},0x0123
"",ここは　お城の台所よ。{7f0b}{0000},0x014D
"",{7f24}という男が{7f02}はるか東の砂漠を　越えたらしい。{7f0a}{7f02}金もうけのためとはいえ{7f02}なかなか　勇気のあるヤツだな。{7f0b}{0000},0x0158
"",よいしょ　よいしょ。{7f02}洗い物が多くて　たいへん！{7f0b}{0000},0x0184
"",{7f04}{7f31}「この男　ひょっとすると{7f02}過去に　わたしのニセ者にでも{7f02}痛めつけられたんじゃないのか。{0000},0x0199
"",{7f04}{7f25}「気の毒ですが　あの方の{7f02}恐がりようは　見ているぶんには{7f02}とても　おもしろいですわ。{0000},0x01C0
"",{7f04}{7f26}「ピサロに覚えはなくても{7f02}昔　ピサロが　とことん痛めつけた{7f02}人間の　ひとりなんじゃないの？{0000},0x01E4
"",{7f04}{7f20}「かわいそうだから{7f02}これ以上　あの男に　ピサロどのを{7f02}近づけない方が　よいのでは？{0000},0x020A
"",{7f04}{7f22}「あそこまで　おびえるんだから{7f02}よほど　ひどい目にあったんでしょう。{7f02}{7f31}さんて　恐い方ですね。{0000},0x022D
"",{7f04}{7f31}「なにを恐れているのだ。{7f02}わたしは　このような男{7f02}見たこともないぞ。{0000},0x0256
"",{7f04}{7f31}「信じられないのなら　ムリに{7f02}信じてほしいとも思わんな。{0000},0x0273
"",{7f04}{7f21}「武術大会より　大事な用？{7f02}この世に　武術大会より　大事な用が{7f02}あるわけないじゃないのっ！{0000},0x028C
"",{7f04}{7f22}「デスピサロが　魔物！？{7f0a}{7f02}{7f04}{7f22}「あのとき　試合が中止になって{7f02}デスピサロと　姫さまが{7f02}戦うことにならないで　よかった……。{0000},0x02B4
"",{7f04}{7f25}「バルザックと　キングレオを{7f02}裏であやつってる　デスピサロも{7f02}やはり　魔物だったようですね。{0000},0x02E8
"",{7f04}{7f26}「デスピサロ！？{7f02}なんの名前だったっけ……武器？{0000},0x0313
"",{7f04}{7f23}「ふむ　デスピサロといえば{7f02}姫さまが　武術大会の決勝で{7f02}倒しそこねた者の　名ではないか。{0000},0x0329
"",{7f04}{7f20}「デスピサロに気をつけろ　か。{7f02}この言葉には　なにか重大な秘密が{7f02}かくされているかも　しれませんな。{0000},0x0351
"",{7f04}{7f21}「デスピサロ！{7f02}その名を聞くと　身体がうずくわ。{7f02}決勝で　戦いたかったのに！{0000},0x037C
"",{7f04}{7f25}「この方は　デスピサロに{7f02}よほど　ひどい仕打ちを{7f02}受けたのでしょうか？{0000},0x039E
"",{7f04}{7f25}「そういえば　バルザックが{7f02}デス{7f31}のことを{7f02}どうとか言っていたわね……。{0000},0x03BD
"",{7f04}{7f26}「何この人　気持ちわる～。{0000},0x03DD
"",{7f04}{7f25}「お金をもうけたい　一心で{7f02}砂漠を越えるなんて{7f02}見上げた根性の　持ち主ですわ。{0000},0x03EB
"",{7f04}{7f26}「よく　あの砂漠を越えたわね。{7f02}{7f24}って　きっと超人よ！{7f02}人間じゃないんだわ。{0000},0x0411
