"",結婚式を　見に来たのですね。{7f02}では　右の階段より{7f02}観客席に　あがってください。{7f0b}{0000},0x0018
"",奥は　新郎新婦の控え室です。{7f02}親族以外　入れないことになってます。{7f0b}{0000},0x0037
"",{7f04}{7f22}「控え室には　きっと{7f02}えらい人しか　入れないように{7f02}なっているんでしょうね。{0000},0x0052
"",{7f04}{7f24}「入れないとなると{7f02}入ってみたくなるのが　人の心情。{7f02}……夜にでも来てみますか。{0000},0x006F
"",{7f04}{7f20}「入れないものは{7f02}いくら　ねばってもムダですな。{7f02}さっさと　行きましょう。{0000},0x008E
"",{7f04}{7f26}「分かってないな　もうっ。{7f02}控え室とか　裏舞台を見せるのが{7f02}サービスの基本じゃん。{0000},0x00AC
