"",結婚した当時は　わしの妻も{7f02}ピチピチしとったのにのう。{7f0b}{0000},0x0018
"",神につかえる私には　結婚なんて{7f02}夢のまた夢で　てゆーか結婚なんか{7f02}しちゃいけなくて……。{7f0a}{7f02}でも　ステキな人があらわれて{7f02}求婚されたら　シスターやめるかも。{7f02}ああっ　神さま　ごめんなさいっ！{7f0b}{0000},0x002F
"",ウィ～ック。{7f02}結婚なんて　人生の墓場でっせ。{7f02}カミさん　最近　冷たくてさ……。{7f0b}{0000},0x007E
"",くそーっ！{7f02}モニカ姫は　オレたち船乗りの{7f02}アイドルだったのにぃ。{7f0b}{0000},0x00A0
"",となりの男　うるさくて……。{7f0b}{0000},0x00BF
"",それー！　そこでキスをするんだ！{7f02}ああっ　イライラするなあ！{7f02}ほら！　肩を抱きよせて！{7f0b}{0000},0x00CC
"",しかし　この結婚式は{7f02}いったい　いつまで続くのだろう。{7f0b}{0000},0x00F2
"",あ～あ　わたしも{7f02}結婚したくなっちゃった。{7f0b}{0000},0x0107
"",結婚式というのは{7f02}いつ見ても　いいものだな。{7f0b}{0000},0x0118
"",{7f04}{7f24}「結婚が墓場？{7f02}なにを　おっしゃいますやら。{7f0a}{7f02}{7f04}{7f24}「私なんか　結婚して以来{7f02}しあわせ太りで　おなかが{7f02}こんなになってしまいました。{0000},0x012A
"",{7f04}{7f25}「人生の墓場でも　かまわないから{7f02}姉さんから　解放してくれる男性が{7f02}あらわれてくれないかしら。{0000},0x015F
"",{7f04}{7f23}「そう　結婚こそ人生の墓場！{7f02}わしは　独身だから　この年になっても{7f02}ぴんぴんしております！{0000},0x0188
"",{7f04}{7f26}「つまんない相手と結婚すると{7f02}たちまち　人生の墓場になるところが{7f02}結婚の恐ろしいところよね。{0000},0x01AF
"",{7f04}{7f25}「ふつうの人の悩みを聞くと{7f02}本来の旅の目的を　うっかり{7f02}忘れそうになりますわね。{0000},0x01D6
"",{7f04}{7f20}「結婚か……。{7f02}私も　そろそろ　いい年だし{7f02}はやく身を固めんと　まずいかな。{0000},0x01FC
"",{7f04}{7f26}「あたしも結婚したいわ。{7f02}大金持ちで　一日中　カジノで{7f02}遊んでても　文句ひとつ言わない人と。{0000},0x021C
"",{7f04}{7f22}「ああ　いずれ{7f21}姫も{7f02}どこぞの国の王子と　あのような式を{7f02}あげられてしまうのだろうか……。{0000},0x0246
"",{7f04}{7f23}「負けません　負けませんぞ。{7f02}{7f21}姫の結婚式は　ここ以上に{7f02}きらびやかな式にしてみせます！{0000},0x026E
"",{7f04}{7f2e}「リック王子と　モニカ姫が{7f02}りっくおん　離婚したですって！？{7f0a}{7f02}{7f04}{7f2e}「おっと　めでたい席なのに{7f02}いささか　不謹慎でしたな。{0000},0x0295
"",{7f04}{7f2e}「コロシアムで　殺しあむぅ！{7f0a}{7f02}{7f04}{7f2e}「おっと　めでたい席なのに{7f02}いささか　不謹慎でしたな。{0000},0x02CA
"",{7f04}{7f21}「神聖なるコロシアムが{7f02}結婚式場になってるなんて。{7f0a}{7f02}{7f04}{7f21}「おめでたい事とはいえ{7f02}大事なものを　汚された気分だわ。{0000},0x02F2
"",{7f04}{7f26}「せめて　食事でも{7f02}ふるまってくれれば　毎日でも{7f02}来るんだけどなあ。{0000},0x0324
"",{7f04}{7f24}「私も　妻との結婚式を{7f02}思い出します。もちろん　ここの式ほど{7f02}ごうかでは　ありませんでしたが。{0000},0x0343
"",{7f04}{7f20}「なんと　危険な！{7f02}王子と姫のまわりに　警備の兵が{7f02}ひとりも　いないではないか。{0000},0x036B
