"",ボンモールのお城に　ようこそ。{7f0b}{0000},0x0018
"",リック王子さまって　夜になると{7f02}ひとりで　この辺りを{7f02}散策していたんですって。{7f0a}{7f02}失敗したわ～。{7f02}王子さまと　お近づきになる{7f02}絶好のチャンスだったのに！{7f0b}{0000},0x0026
"",また　明日{7f02}出直してくるが　よろしかろう。{7f0b}{0000},0x006A
"",このような　夜ふけに{7f02}お城に入ること　まかりならん！{7f0b}{0000},0x007D
"",あたしも　結婚したいな～。{7f02}どこかに　かっこよくて{7f02}お金持ちの男　いないかしら？{7f0b}{0000},0x0094
"",あんた　エンドールの結婚式は{7f02}もう見たかい？{7f02}きっと　ごうせいなんだろうな。{7f0b}{0000},0x00B6
"",今ごろ　エンドールでは{7f02}リック王子の結婚式が　盛大に{7f02}開かれているのだろうな……。{7f0a}{7f02}王さまも　王子さまも{7f02}エンドールに　おられるので{7f02}この城は　さみしいかぎりだ。{7f0b}{0000},0x00D6
"",{7f04}{7f26}「いくら　王子さまでも{7f02}夜中にウロウロしてる人なんて{7f02}あたしは　願い下げだな～。{0000},0x011C
"",{7f04}{7f24}「そのに　私は{7f02}リック王子から{7f02}手紙を　あずかったんですよ。{7f0a}{7f02}{7f04}{7f24}「まったく　人の縁とは{7f02}不思議なものですなあ。{7f0a}{7f02}{7f04}{7f24}「あの事件が　なければ{7f02}こうして　みなさんと旅することも{7f02}なかったでしょうに。{0000},0x0141
"",{7f04}{7f21}「どうしたのよ　{7f22}？{7f02}そんなにあわてて……。{7f0a}{7f02}{7f04}{7f21}「お城を抜け出す者同士{7f02}気が合うかもって{7f02}言っただけじゃない。{0000},0x0195
"",{7f04}{7f22}「ひ　姫さまっ！{7f02}相手は　モニカ姫の花ムコと{7f02}なられた方ですぞっ！{0000},0x01C8
"",{7f04}{7f21}「へえ。お城を抜け出す{7f02}王子なんて　なかなか{7f02}私と　気が合いそうね。{0000},0x01E7
"",{7f04}{7f25}「今　占ってみたのですが{7f02}彼女が　結婚するのは{7f02}ずっと先のことに　なるようです。{0000},0x0205
"",{7f04}{7f26}「やっぱり男は{7f02}カオだけじゃなくて{7f02}経済力も　なくっちゃね。{7f0a}{7f02}{7f04}{7f26}「あのコ　いいこと言うわ。{0000},0x0228
"",{7f04}{7f23}「カ～ッ！{7f02}なんですか　あの娘はっ。{7f0a}{7f02}{7f04}{7f23}「男を　容姿や　カネでしか{7f02}はかれんとは{7f02}なんと　なげかわしいっ！{0000},0x0253
"",{7f04}{7f22}「姫さまも　やはり{7f02}結婚相手は　あのような条件を{7f02}望まれるのでしょうか？{7f0a}{7f02}{7f04}{7f22}「いいえ　わが姫に限って{7f02}そんなことは……いや　しかし！{7f02}万が一ということも……うぬぬぬ。{0000},0x0282
"",{7f04}{7f21}「結婚なんて　そんなに{7f02}いいものなのかしら？{7f02}私には　よくわかんないな。{0000},0x02CA
"",{7f04}{7f26}「ねえ　{7f1f}。{7f02}エンドールの結婚式{7f02}見にいきましょうよ。{7f0a}{7f02}{7f04}{7f26}「そして　帰りは　もちろん{7f02}カジノによって……ムフフフ。{0000},0x02E7
"",{7f04}{7f24}「そういえば　私も{7f02}結婚式に　招待されたのですが{7f02}結局　行けませんでした。{7f0a}{7f02}{7f04}{7f24}「魔物たちに{7f02}ねらわれる身では　出席しても{7f02}迷惑になりかねませんしな。{0000},0x031B
"",{7f04}{7f23}「しかし　王さまが{7f02}こんなに長い間　城を空けていて{7f02}問題ないのでしょうかな？{7f0a}{7f02}{7f04}{7f23}「まあ　わがサントハイムなどは{7f02}王さまどころか　国民全てが{7f02}姿を　消してしまったのですが…。{0000},0x035E
"",{7f04}{7f20}「王さまが　いないせいか{7f02}兵士の気も　ゆるんでいますな。{7f0a}{7f02}{7f04}{7f20}「こういうこそ{7f02}気を　ひきしめるべきなのですが……{7f02}なげかわしいことです。{0000},0x03AA
"",{7f04}{7f2e}「ボンモールで　はがねの剣を{7f02}３本も売るっ！{7f02}……あれっ？　面白くないですか？{0000},0x03E4
"",{7f04}{7f2d}「戦争になりかけた{7f02}ふたつの国が　おたがいを{7f02}信じ合うことで結ばれる……。{7f0a}{7f02}{7f04}{7f2d}「やっぱり　人を信じるって{7f02}すばらしいことですね！{0000},0x0408
"",{7f04}{7f25}「もし　戦争になっていたら{7f02}この国も　エンドールも　共に{7f02}大きなキズを負っていたでしょうね。{7f0a}{7f02}{7f04}{7f25}「戦争を　さけた{7f02}エンドール王の知恵と見識には{7f02}アタマが　下がりますわ。{0000},0x0442
"",{7f04}{7f26}「やっぱり　この国って{7f02}エンドールと　比べると{7f02}地味で　つまんないわよね。{7f0a}{7f02}{7f04}{7f26}「なにより　カジノがないのが{7f02}いただけないわよ。　カジノが！{0000},0x048E
"",{7f04}{7f24}「この国の王子さまの手紙を{7f02}エンドールの姫君に　届けたの{7f02}じつは　私なんですよ。{7f0a}{7f02}{7f04}{7f24}「まさか　あの手紙が{7f02}きっかけで　結婚なさるとは{7f02}思いも寄りませんでしたけどね。{0000},0x04CA
"",{7f04}{7f23}「ウワサでは　ボンモール王は{7f02}野心的な人物で　エンドールを{7f02}攻めようとしていたとか……。{7f0a}{7f02}{7f04}{7f23}「しかし　今のこの国の{7f02}様子を見るに　そんな気配は{7f02}みじんも　感じられませんな。{0000},0x0510
"",{7f04}{7f22}「やはり　エンドールの姫君の{7f02}相手となると　王子くらいでなくては{7f02}つりあいが　とれないのですね。{7f0a}{7f02}{7f04}{7f22}「そして　それは{7f02}わがサントハイムでも　同じこと…。{7f02}神よ。私は　どうすれば！{0000},0x055D
"",{7f04}{7f21}「エンドールのモニカ姫が{7f02}本当に好きな人と　結婚できて{7f02}よかったわ。{7f0a}{7f02}{7f04}{7f21}「私も　武術大会で{7f02}がんばったかいが{7f02}あったってものね。{0000},0x05AA
"",{7f04}{7f20}「小さな　お城ですな。{7f02}これでは魔物が　攻めてきたら{7f02}ひとたまりも　ありませんぞ。{0000},0x05E3
