"",夜の間　城内への立ち入りは{7f02}禁じられておる。{7f02}また　明日　来るがよい。{7f0b}{0000},0x0018
"",王さまは　リック王子さまの{7f02}結婚式に出ておられる。{7f02}また　日をあらためて来るがよい。{7f0b}{0000},0x0039
"",リック王子さまは{7f02}わたしが　お育てしたんです。{7f0a}{7f02}どうか　りっぱな王さまに{7f02}ならせられますように……。{7f0b}{0000},0x005E
"",エンドールの　モニカ姫は{7f02}天女のように　美しいらしい。{7f0a}{7f02}天女といえば{7f02}はるか東の国　ブランカに{7f02}こんな言い伝えがあるそうですね。{7f0a}{7f02}天空より舞いおりた天女が{7f02}木こりの若者と恋に落ち{7f02}やがて　身ごもったとか。{7f0a}{7f02}もし　それが本当なら{7f02}その子供は{7f02}どうなったんでしょうね？{7f0b}{0000},0x0088
"",かつて　ここでは{7f02}防具を　必死に買い集めていたが{7f02}その必要もなくなったのじゃ。{7f0a}{7f02}これからは　エンドールから{7f02}いくらでも防具を　輸入できる！{7f02}やれ　良かったわい。{7f0b}{0000},0x00F8
"",慈愛の笑みをうかべた　女神像だ。{7f0b}{0000},0x013E
"",帝王学の本や　歴史書などが{7f02}整然と　ならべられている。{7f0b}{0000},0x014F
"",{7f04}{7f25}「地上の若者と　天女が{7f02}恋に落ちるなんて{7f02}ロマンチックな　言い伝えですね。{7f0a}{7f02}{7f04}{7f25}「でも　そういう話には{7f02}悲惨な結末が　つきものなのは{7f02}どうしてなんでしょう？{0000},0x016A
"",{7f04}{7f26}「あたしだって{7f02}踊ってるは　天女みたいだって{7f02}お客さんに　よく言われたのよ。{7f0a}{7f02}{7f04}{7f26}「……踊ってる？{7f02}それって　普段はダメってこと？{7f02}き～っ　くやしいっ！{0000},0x01B0
"",{7f04}{7f24}「たしかに　モニカ姫は{7f02}天女のような方でしたな。{7f02}リック王子は　幸せ者ですよ。{0000},0x01F5
"",{7f04}{7f22}「その伝説が　本当だとして{7f02}天女は　なんのために　地上に{7f02}下りてきたのでしょうか？{0000},0x0217
"",{7f04}{7f21}「たしかに　モニカ姫って{7f02}とっても　女らしくて{7f02}美人だったわよ。{7f0a}{7f02}{7f04}{7f21}「天女に　例えられるのも{7f02}わかる気がするな。{0000},0x023A
"",{7f04}{7f20}「天女の子供とは{7f02}気になる言い伝えですな。{7f02}その子供とは　もしや……？{0000},0x026B
"",{7f04}{7f23}「天空より　舞いおりし{7f02}天女の伝説ですか。{7f02}これは　ブランカへ向かわねば！{7f0a}{7f02}{7f04}{7f23}「……っと　そういえば{7f02}勇者どのは　ブランカ近くの{7f02}ご出身でしたな。{7f0a}{7f02}{7f04}{7f23}「なにか　心当たりでも{7f02}あるのではありませんか？{0000},0x028A
"",{7f04}{7f2e}「ボンモールで　はがねの剣を{7f02}３本も売るっ！{7f02}……あれっ？　面白くないですか？{0000},0x02E1
"",{7f04}{7f2d}「戦争になりかけた{7f02}ふたつの国が　おたがいを{7f02}信じ合うことで結ばれる……。{7f0a}{7f02}{7f04}{7f2d}「やっぱり　人を信じるって{7f02}すばらしいことですね！{0000},0x0306
"",{7f04}{7f25}「もし　戦争になっていたら{7f02}この国も　エンドールも　共に{7f02}大きなキズを負っていたでしょうね。{7f0a}{7f02}{7f04}{7f25}「戦争を　さけた{7f02}エンドール王の知恵と見識には{7f02}アタマが　下がりますわ。{0000},0x0340
"",{7f04}{7f26}「やっぱり　この国って{7f02}エンドールと　比べると{7f02}地味で　つまんないわよね。{7f0a}{7f02}{7f04}{7f26}「なにより　カジノがないのが{7f02}いただけないわよ。　カジノが！{0000},0x038C
"",{7f04}{7f24}「この国の王子さまの手紙を{7f02}エンドールの姫君に　届けたの{7f02}じつは　私なんですよ。{7f0a}{7f02}{7f04}{7f24}「まさか　あの手紙が{7f02}きっかけで　結婚なさるとは{7f02}思いも寄りませんでしたけどね。{0000},0x03C8
"",{7f04}{7f23}「ウワサでは　ボンモール王は{7f02}野心的な人物で　エンドールを{7f02}攻めようとしていたとか……。{7f0a}{7f02}{7f04}{7f23}「しかし　今のこの国の{7f02}様子を見るに　そんな気配は{7f02}みじんも　感じられませんな。{0000},0x0410
"",{7f04}{7f22}「やはり　エンドールの姫君の{7f02}相手となると　王子くらいでなくては{7f02}つりあいが　とれないのですね。{7f0a}{7f02}{7f04}{7f22}「そして　それは{7f02}わがサントハイムでも　同じこと…。{7f02}神よ。私は　どうすれば！{0000},0x045E
"",{7f04}{7f21}「エンドールのモニカ姫が{7f02}本当に好きな人と　結婚できて{7f02}よかったわ。{7f0a}{7f02}{7f04}{7f21}「私も　武術大会で{7f02}がんばったかいが{7f02}あったってものね。{0000},0x04AB
"",{7f04}{7f20}「小さな　お城ですな。{7f02}これでは魔物が　攻めてきたら{7f02}ひとたまりも　ありませんぞ。{0000},0x04E4
