"",ふぁ～……牢屋くらしは{7f02}たいくつで　しょうがねえや！{7f0a}{7f02}そういえば　ドロボウ時代に{7f02}相棒だったバコタのヤツ……{7f02}今ごろ　どうしてっかなあ？{7f0b}{0000},0x0018
"",ここは　牢獄。{7f02}牢屋に入れられたくなければ{7f02}出てゆくがよい。{7f0b}{0000},0x0055
"",{7f04}{7f26}「バコタですって！{7f02}あいつのおかげで{7f02}どれだけ　苦労させられたか！{7f0a}{7f02}{7f04}{7f26}「あ～　思い出すだけで{7f02}ハラがたってきたわ！{0000},0x006E
"",{7f04}{7f23}「まったく　あの時は{7f02}ぬれぎぬを着せられて{7f02}ひどい目に　あいましたな。{7f0a}{7f02}{7f04}{7f23}「忘れたくとも　忘れられない{7f02}イヤ～な思い出ですわい！{0000},0x00A1
"",{7f04}{7f21}「あのバコタってヤツ{7f02}なかなか強かったわよね。{7f0a}{7f02}{7f04}{7f21}「盗賊にしておくのが{7f02}惜しいくらいだわ。{7f02}武闘家になれば　よかったのに……。{0000},0x00D8
"",{7f04}{7f20}「バコタというと{7f02}あのガーデンブルグの盗賊か！{7f0a}{7f02}{7f04}{7f20}「やはり　悪党同士。{7f02}妙なつながりが　あるものだな。{0000},0x010E
"",{7f04}{7f2f}「あのう……{7f02}ここは　どういう場所なのでしょう？{7f0a}{7f02}{7f04}{7f2f}「オリが　たくさんあって……{7f02}あっ！　なにか　見世物でも{7f02}やるんですか？{0000},0x013E
"",{7f04}{7f2e}「牢獄の見まわり{7f02}今日も　ゴクロウさん！{7f02}……ううっ　われながら苦しい！{0000},0x0173
"",{7f04}{7f25}「こういう所に来ると{7f02}キングレオ城で　つかまったことを{7f02}思いだします。{7f0a}{7f02}{7f04}{7f25}「父のカタキを前にして……{7f02}あの時の　くやしさは{7f02}忘れられません！{0000},0x0193
"",{7f04}{7f26}「なんだか　そこはかとなく{7f02}におうわね。{7f02}これだから　牢獄ってイヤなのよ。{0000},0x01D0
"",{7f04}{7f24}「ここに捕まっていた人を{7f02}以前　にがしてやったことが{7f02}あるんですよ。{7f0a}{7f02}{7f04}{7f24}「いや～　あの時は{7f02}ドキドキしましたとも。{0000},0x01EE
"",{7f04}{7f23}「なんとも{7f02}厳重な見張りですな。{7f02}わがサントハイムも　見習わねば！{7f0a}{7f02}{7f04}{7f23}「もちろん　囚人ではなく{7f02}城から　抜け出そうとする{7f02}姫さまを　見張るのですがな。{0000},0x021F
"",{7f04}{7f22}「牢屋が　やけに空いてますが{7f02}きっと　王子の結婚祝いで{7f02}囚人を　ゆるしたのでしょうね。{7f0a}{7f02}{7f04}{7f22}「罪を憎んで　人を憎まず。{7f02}神の御心にも　かないましょう。{0000},0x0262
"",{7f04}{7f21}「ここの牢獄って　広いのね。{7f02}ボンモールには　そんなに{7f02}悪い人が　多いのかしら？{0000},0x02A3
"",{7f04}{7f20}「ずいぶん　見張りのきびしい{7f02}牢獄ですな。　これでは囚人が{7f02}逃げ出すことは不可能でしょう。{0000},0x02C6
