"",なんと　かいだんが　みつかった。{0000},0x0018
"",１００回　まわって{7f02}ワンって　ほえるまで{7f02}許してあーげない！{7f0b}{0000},0x0024
"",許してくれよー。{7f02}ワンワン！{7f0b}{0000},0x0040
"",足もとから聞こえていた{7f02}人の声が　しなくなったな。{7f02}なんだったのだ　あれは？{7f0b}{0000},0x004D
"",{7f04}{7f2b}「さきほど　{7f20}さまが{7f02}うれしそうに　外に出ていくのを{7f02}お見かけしました。{7f0a}{7f02}{7f04}{7f2b}「{7f20}さまに　どうか{7f02}ぶじで　旅を続けられますよう{7f02}お伝えください。{7f0a}{7f02}{7f04}{7f2b}「そして　{7f2b}が{7f02}とても感謝していたと……。{7f0b}{0000},0x006C
"",{7f04}{7f2b}「ボクは　{7f2b}という{7f02}旅の者です。{7f0a}{0000},0x00BE
"",ここは　偉大なるお城{7f02}キングレオだ！{7f0a}{7f02}と　言えなくなってしまいました。{7f0b}{0000},0x00CD
"",ぐうぐう……。{7f02}は　はくしょん！{7f02}ぐうぐう……。{7f0b}{0000},0x00EC
"",あーん　つかまっちゃう！{7f02}きゃっきゃっ。{7f0b}{0000},0x0101
"",でへへー。{7f02}逃がさないぞー。でへへー。{7f0b}{0000},0x0113
"",ここより　はるか北{7f02}サントハイムの国の　砂漠地帯に{7f02}新しい町が　できたそうなのだ。{7f0a}{7f02}ここから　見えるかと思ったが{7f02}残念ながら　サントハイムは{7f02}さすがに　遠すぎたようだな。{7f0b}{0000},0x0126
"",う～む　不思議だ……。{7f02}どうも　足もとから　人の声が{7f02}聞こえてくる気がするのだ。{7f0b}{0000},0x0171
"",ボクは　{7f2b}という旅の者です。{7f0a}{7f02}{7f04}{7f2b}「どうか{7f02}お城の中に　連れてゆかれた{7f02}{7f20}さまを　お助けください！{7f0a}{7f02}{7f04}{7f2b}「魔法のカギがあれば{7f02}中に　忍びこめるはずです。{7f0b}{0000},0x0194
"",ボクは　{7f2b}という旅の者です。{7f0a}{7f02}{7f04}{7f2b}「どうか{7f02}お城の中に　連れてゆかれた{7f02}{7f20}さまを　お助けください！{7f0a}{7f02}{7f04}{7f2b}「魔法のカギがあれば{7f02}中に　忍びこめるはずです。{7f0a}{7f02}{7f04}{7f2b}「魔法のカギのことなら{7f02}コーミズ村の地下にいる　ボクの{7f02}古い友人が　知っているはずです。{7f0b}{0000},0x01D5
"",今しがた　城に忍びこもうとした{7f02}あやしげな旅の戦士を{7f02}捕まえたところだ。{7f0a}{7f02}わが王が直々に取り調べるらしい。{7f02}王の審判を受け　助かった者は{7f02}おらぬ。{7f0a}{7f02}おそらく　ヤツの命も{7f02}あと　わずか！　気の毒にな……。{7f0b}{0000},0x023F
"",ここは　偉大なるお城{7f02}キングレオだ！{7f0b}{0000},0x029A
"",{7f04}{7f26}「やれやれ～！{7f02}ああいうバカな男は　徹底的に{7f02}とっちめちゃいなさい！{0000},0x02AC
"",{7f04}{7f22}「キングレオが倒れて{7f02}城の中でも　小さな革命が{7f02}起こったようですね。{0000},0x02CC
"",{7f04}{7f21}「よくわからないけど{7f02}今の人　とても{7f02}寂しそうだったわね。{0000},0x02EC
"",{7f04}{7f26}「{7f2b}ね。{7f02}名づけた親を恨まずに{7f02}成長してきたなんて　立派だわ。{0000},0x0306
"",{7f04}{7f23}「{7f2b}とやら{7f02}{7f20}どのの{7f02}知り合いなのでしょうが……{7f0a}{7f02}{7f04}{7f23}「あの　悲しげな瞳。{7f02}よほどの事情でも{7f02}あるのでしょうな。フム。{0000},0x0324
"",{7f04}{7f22}「それほどに{7f02}伝えたいことならば{7f02}直接　伝えればよいものを。{7f0a}{7f02}{7f04}{7f22}「{7f20}さんを{7f02}ここに　お連れしても{7f02}構いませんが……。{0000},0x0358
"",{7f04}{7f26}「うんうん。{7f02}ようやく　自分のおろかさに{7f02}気づいたようね。{0000},0x038B
"",{7f04}{7f25}「本当に　変わったお城……。{0000},0x03A6
"",{7f04}{7f22}「所　変われば……{7f02}とは言いますが　この城の{7f02}荒廃ぶりは　ひどいですね……。{0000},0x03B4
"",{7f04}{7f26}「あんな男を　ずっと見てたら{7f02}男性不信に　なりかねないわね。{0000},0x03D6
"",{7f04}{7f25}「本当に　変わったお城……。{0000},0x03F2
"",{7f04}{7f22}「下から話し声が{7f02}聞こえるとは　奇妙な話ですね。{7f0a}{7f02}{7f04}{7f22}「つまりは　この下に{7f02}何かあるということでしょうか？{0000},0x0400
"",{7f04}{7f24}「魔法のカギというのは{7f02}まだ　持ってないです。{7f0a}{7f02}{7f04}{7f24}「ここは素直に{7f02}教えられた通り　コーミズ村に{7f02}行ってみても　いいですね。{0000},0x042F
"",{7f04}{7f23}「{7f20}……。その名前{7f02}どこかで　耳にしたような気が{7f02}いたしますな。{0000},0x0467
"",{7f04}{7f24}「事情は　わかりませんが{7f02}今の{7f2b}とやら{7f02}よほど　深刻な様子でしたね。{0000},0x0483
"",{7f04}{7f25}「姉さんっ！{7f02}バカなこと言ってないで！{7f02}助けるに　決まってるでしょ！{0000},0x04A3
"",{7f04}{7f26}「助けてと言われると{7f02}とたんに　見捨てたくなるのは{7f02}なぜなの？　ねえ　あたし。{0000},0x04C1
"",{7f04}{7f22}「その戦士とやらを{7f02}なにもせずに　見捨てるわけには{7f02}いかないでしょうね。{0000},0x04E2
"",{7f04}{7f21}「旅の戦士？　すこしは{7f02}わたしの相手に　なるかしら？{0000},0x0501
"",{7f04}{7f26}「あきもせずに{7f02}まだ　バカなこと言ってるのね。{7f02}この兵士は。{0000},0x0519
"",{7f04}{7f23}「まるで　要塞のような{7f02}造りの城ですな。{0000},0x0534
"",{7f04}{7f21}「お城っていうだけで{7f02}ちょっと　サントハイムを{7f02}思いだすわ。{0000},0x0546
"",{7f04}{7f25}「バルザック……。{7f02}今度こそ　絶対に許さない。{0000},0x0562
"",{7f04}{7f26}「相変わらず　この城は{7f02}いやーな空気に　満ちてるわね。{0000},0x057A
