"",なんと！　カベが開いた！{0000},0x0018
"",{7f34}は　カベを調べた。{7f0a}{7f02}カベに　ボタンが見つかった。{7f02}ボタンを　押しますか？{0000},0x0022
"",なんと　キングレオさまを倒した！？{7f02}あわわ　お許しください！{7f0a}{7f02}わたしは　おどされて{7f02}大臣をやっていただけなのです。{7f0a}{7f02}ああ！　わたしに　もっと{7f02}勇気があったら　あなたさまの{7f02}お手伝いをできたものを！{7f0a}{7f02}おお　そうじゃ！{7f02}今からでも　遅くない！{7f0a}{7f02}じつは　憎き　バルザックは{7f02}サントハイムのお城にいます！{7f02}どうです！？　役に立ったでしょ！{7f0b}{0000},0x0044
"",{7f04}{7f20}「おお！　勇者どの！{7f02}お待ちしておりました！{7f0a}{7f02}{7f04}{7f20}「不覚をとりましたな！{7f02}しかし　まだまだ{7f02}勝負は　これからですぞ！{7f0a}{7f02}{7f04}{7f20}「さあ　中へ！{7f0b}{0000},0x00CC
"",{7f04}{7f20}「むっ！？　その姿{7f02}その　いでたち……。まちがいない！{7f02}お告げ所の　お告げのとおりだ！{7f0a}{7f02}{7f04}{7f20}「ぬおおっ！　この{7f20}{7f02}ついに　探し求めた勇者どのに{7f02}お会いすることができた！{7f0a}{7f02}{7f04}{7f20}「勇者どの！{7f02}あなたさまを探して　私は{7f02}どれほど　旅をしたことかっ！{7f0a}{7f02}{7f04}{7f20}「……と　今は　苦労話を{7f02}しているときでは　なかった！{7f0a}{7f02}{7f04}{7f20}「この部屋の中にいるのは{7f02}世界を　破滅せしめんとする{7f02}邪悪の手の者と　聞きます。{7f0a}{7f02}{7f04}{7f20}「ともに　打ち倒し{7f02}その背後にひそむ　邪悪の根源を{7f02}つきとめましょうぞ！{7f0a}{7f02}{7f04}{7f20}「さあ　中へ！{7f0b}{0000},0x0105
"",{7f04}{7f20}「おおっ！{7f02}そなたたちは　勇者どのの{7f02}お仲間であるな！？{7f0a}{7f02}{7f04}{7f20}「まだ　勝負はついておらん！{7f02}いそいで　勇者どのを{7f02}ここに　お連れねがえぬか！？{7f0b}{0000},0x01D2
"",{7f04}{7f20}「私は　勇者どのを探して{7f02}旅をしてきた。一刻も早く{7f02}勇者どのに　お会いしたいのだ！{7f0b}{0000},0x020D
"",{7f04}{7f20}「なんと！？{7f02}そなたたちは　勇者どのの{7f02}お仲間と　もうすか！？{7f0a}{7f02}{7f04}{7f20}「それが本当ならば{7f02}いそいで　勇者どのを{7f02}ここに　お連れねがえぬか！？{7f0b}{0000},0x0231
"",{7f04}{7f20}「ええい！{7f02}きさまらごときに　この{7f20}を{7f02}おさえられるものかっ！{7f0b}{0000},0x026B
"",{7f04}兵士「こ　こら！　おとなしくしろ！{7f0a}{0000},0x0286
"",なんでも　サントハイムの国の砂漠に{7f02}新しい町が　できたそうじゃな。{7f0a}{7f02}こんなときに　新しい町など{7f02}いったい　だれが……っと{7f02}お前さんたちは　だれじゃ！{7f0a}{7f02}ここは　大臣である　わしの部屋！{7f02}早々に立ち去らんと{7f02}牢屋に　入れてしまうぞ！！{7f0b}{0000},0x0295
"",城を守護する　ドラゴンの像だ。{7f0b}{0000},0x02F8
"",{7f04}{7f26}「バルザックのやつ{7f02}西へ東へ移動して　まったく{7f02}落ち着きがないわね。{7f0a}{7f02}{7f04}{7f26}「そういうところ{7f02}父さんの弟子だった頃から{7f02}すこしも　変わってないのよね。{0000},0x0308
"",{7f04}{7f25}「バルザック……。{7f02}お父さんのカタキ……。{0000},0x034C
"",{7f04}{7f21}「は…はやく{7f02}サントハイム城に　行きましょ！{7f0a}{7f02}{7f04}{7f21}「落ち着いてなんて{7f02}いられるわけないわ！{7f02}さあ！　はやく　はやく！{0000},0x0361
"",{7f04}{7f22}「バルザック！{7f02}そやつが　われらが{7f02}サントハイム城を！？{7f0a}{7f02}{7f04}{7f22}「むむむっ！！{7f02}許せん！　バルザックめ！{0000},0x0393
"",{7f04}{7f23}「これは　思いがけず{7f02}いい情報を　得られましたな。{7f0a}{7f02}{7f04}{7f23}「これでようやく{7f02}サントハイム城を　救える日が{7f02}来たのかも　知れませんぞ。{0000},0x03C2
"",{7f04}{7f26}「{7f1f}を{7f02}ここに　連れて来いってこと？{7f0a}{7f02}{7f04}{7f26}「そういうことなら{7f02}さっさと　{7f1f}を{7f02}馬車まで　むかえにいきましょ。{0000},0x03FD
"",{7f04}{7f25}「あの戦士は　どうやら{7f02}危険な人物ではなさそうです。{0000},0x042B
"",{7f04}{7f22}「なにやら　おだやかでは{7f02}ありませんね。行ってみましょう。{0000},0x0444
"",{7f04}{7f21}「あの戦士　なかなか{7f02}できるみたいね。兵士を{7f02}あんなに　吹っ飛ばすなんて！{0000},0x045E
"",{7f04}{7f23}「不愉快な！{7f02}このような者が大臣では{7f02}先が　思いやられますな！{0000},0x0480
"",{7f04}{7f25}「おどろいた……。{7f02}あの人　クビにならずに{7f02}まだ大臣でいるのね。{0000},0x049C
"",{7f04}{7f26}「あの大臣。{7f02}まさか　このあたしの顔を{7f02}見忘れたのかしら？{7f0a}{7f02}{7f04}{7f26}「また　火薬つぼで{7f02}ドカーンって目に　あわせないと{7f02}思いだしそうにないわね。{0000},0x04B9
