"",ここは　偉大なるお城{7f02}キングレオだ！{7f0a}{7f02}と　言えなくなってしまいました。{7f0b}{0000},0x0018
"",どうも　ありがとうございました。{7f02}この国にも　平和が{7f02}おとずれそうです。{7f0b}{0000},0x0033
"",ここは　偉大なるお城{7f02}キングレオだ！{7f0b}{0000},0x0050
"",王さまが　代わるたび{7f02}この国は　どんどん{7f02}恐怖に　満ちていくようだ……。{7f0b}{0000},0x005E
"",{7f04}{7f26}「うんうん。{7f02}ようやく　自分のおろかさに{7f02}気づいたようね。{0000},0x007B
"",{7f04}{7f26}「あきもせずに{7f02}まだ　バカなこと言ってるのね。{7f02}この兵士は。{0000},0x0093
