"",むにゃむにゃ……。{7f02}もっと　娘を連れてくるのだ！{7f0a}{7f02}若い娘は　ええのう……。{7f02}ぐうぐう……。{7f0b}{0000},0x0018
"",ひっひっひっ……。{7f02}お前さんたちには{7f02}悪いことをしたかのう……。{7f0a}{7f02}進化の秘法ならば　すでに{7f02}デスピサロさまの　もとじゃ。{7f02}ひっひっひっ……。{7f0b}{0000},0x003C
"",え？　わたしってば{7f02}もうすこしで　進化の秘法の{7f02}実験台にされてたの？{7f0a}{7f02}やだ　こわーい！{7f02}で　進化の秘法って　なーに？{7f0b}{0000},0x0073
"",おい！　どいてくれよ！{7f02}つかまっちまうよ！　わっわっ！{7f0b}{0000},0x00A3
"",あの人ったら　さんざん{7f02}追いまわしてくれたの。{7f02}もう許さないんだから！{7f0b}{0000},0x00B8
"",となりにいる　おっさんは{7f02}ときどき寝ぼけて　気味の悪いことを{7f02}言うんだ。おかげで　眠れないよ。{7f0b}{0000},0x00D6
"",むにゃむにゃ……。{7f02}もっと　娘を連れてくるのだ！{7f0a}{7f02}進化の秘法を　完成するには{7f02}若き乙女の魂が　必要なのじゃ！{7f02}ぐうぐう……。{7f0b}{0000},0x00FE
"",うふふ。ここでは{7f02}どんなぜいたくも　許されるのよ。{7f02}わたし　幸せ！{7f0b}{0000},0x0133
"",ひっひっひっ……。{7f02}わしは　この城につかえる{7f02}魔法の研究家じゃよ。{7f0a}{7f02}なに？　なんの魔法かじゃと？{7f02}それは　教えるわけにいかんな。{7f02}ひっひっひっ……。{7f0b}{0000},0x014F
"",おいしい　ごちそうにお酒。{7f02}飲んで歌って遊んで……。{7f02}ここは　天国のようなところね。{7f0b}{0000},0x018A
"",でへへー　まてまてまて！{7f02}つかまえちゃうぞー。{7f0b}{0000},0x01AC
"",やーんっ　どいて　どいて！{7f02}追いつかれちゃう。きゃっきゃっ！{7f0b}{0000},0x01C1
"",{7f04}{7f31}「目の前にいるのが{7f02}そのデス{7f31}だとは{7f02}気づかないようだな。{0000},0x01D9
"",{7f04}{7f21}「デス{7f31}……。{7f02}その名前　忘れたことはないわ。{0000},0x01F3
"",{7f04}{7f26}「やれやれ～！{7f02}ああいうバカな男は　徹底的に{7f02}とっちめちゃいなさい！{0000},0x0207
"",{7f04}{7f22}「キングレオが倒れて{7f02}城の中でも　小さな革命が{7f02}起こったようですね。{0000},0x0227
"",{7f04}{7f22}「うーーむ。{7f02}今の学者は　見るからに{7f02}あやしかったですね。{0000},0x0248
"",{7f04}{7f26}「いつ聞いても{7f02}心にしみわたる　いい話ね。{7f02}あたしも　天国の住人になりたいわ。{0000},0x0263
"",{7f04}{7f21}「飲んで歌って遊んで？{7f02}そんなの　わたしには{7f02}天国とは　思えないわ。{7f0a}{7f02}{7f04}{7f21}「それよりも{7f02}きたえて　きたえて　戦っての方が{7f02}わたしには　あってるわよ！{0000},0x0284
"",{7f04}{7f22}「所　変われば……{7f02}とは言いますが　この城の{7f02}荒廃ぶりは　ひどいですね……。{0000},0x02C1
"",{7f04}{7f26}「あんな男を　ずっと見てたら{7f02}男性不信に　なりかねないわね。{0000},0x02E2
"",{7f04}{7f25}「本当に　変わったお城……。{0000},0x02FD
"",{7f04}{7f25}「本当に　変わったお城……。{0000},0x030B
