"",{7f04}{7f20}「では　私は　ひと足先に{7f02}馬車の方で　お待ちしています。{7f0b}{0000},0x0018
"",{7f04}{7f20}「さすがは　勇者どの！{7f02}お見事でしたぞ！{7f0a}{7f02}{7f04}{7f20}「しかし　今の魔物さえ{7f02}世界を　破滅にみちびく悪の{7f02}ほんの　一端に過ぎますまい。{7f0a}{7f02}{7f04}{7f20}「勇者どの！　これで戦いが{7f02}終わったわけでは　ござらぬ！{7f0a}{7f02}{7f04}{7f20}「世界を破滅から救うため{7f02}この{7f20}めも　勇者どのの{7f02}おちからに　なりますぞ！{7f0a}{0000},0x0032
"",はっ！{7f02}わたしは　いったい今まで{7f02}なにを　していたのだろうか……？{7f0b}{0000},0x00A9
"",{7f43}{7f04}キングレオ「思い出せん……。{7f02}わたしは　いったい{7f02}今まで　なにをしていたのだ……。{7f0b}{0000},0x00C2
"",{7f43}{7f04}キングレオ「……はっ！{7f02}ここは　どこだ……？　わたしは{7f02}今まで　なにをしていたのだ……。{7f0b}{0000},0x00E4
"",{7f45}{7f04}キングレオ「こ…　この　わたしが{7f02}やられるとは……。{7f02}お前たちは　いったい何者だ……。{7f0a}{7f02}{7f04}キングレオ「もしや　地獄の帝王さまを{7f02}滅ぼすといわれる　勇者……。{7f0a}{7f02}{7f04}キングレオ「ばかな……。{7f02}勇者なら　デスピサロさまが{7f02}すでに殺した…はず……　ぐふっ！{7f0b}{0000},0x0107
"",{7f45}{7f04}キングレオ「お前たちを　そのような{7f02}もろい生き物につくった{7f02}神を　うらむがよい！{7f0b}{0000},0x016F
"",わたしの名は　キングレオ。{7f02}デスピサロさまに代わり{7f02}この国を　支配する者だ。{7f0a}{7f02}{7f04}キングレオ「ん？　そこの娘！{7f02}お前は　たしか　バルザックを{7f02}カタキと　やってきた娘だったな。{7f0a}{7f02}{7f04}キングレオ「あいにくだが{7f02}バルザックは　もう　おらんぞ！{7f02}残念だったな！　わっはっはっ！{7f0a}{7f02}{7f04}キングレオ「退屈しのぎに{7f02}ちょうどよいわ！　人間どもの{7f02}チカラのなさを　思い知らせてやる！{7f0b}{0000},0x0195
"",わたしの名は　キングレオ。{7f02}デスピサロさまに代わり{7f02}この国を　支配する者だ。{7f0b}{0000},0x022D
"",うぬぬ　なにやつ！{7f02}ここは　キングレオ王の{7f02}お部屋なるぞ！{7f0b}{0000},0x024F
"",{7f04}{7f20}「勇者どの　何をしておられる！{7f02}ここは　わたしにまかせて{7f02}早く　キングレオを！！{7f0b}{0000},0x0269
"",{7f04}{7f20}「こやつらは{7f02}わたしが　引き受けた！{7f02}勇者どの！　早くキングレオを！{7f0b}{0000},0x028B
"",おのれ　くせものめ！{7f02}であえ　であえ！{7f0b}{0000},0x02AA
"",勇ましい　戦士の像だ。{7f0b}{0000},0x02BB
"",ライオンの顔を　かたどった{7f02}巨大な彫刻だ。{7f0b}{0000},0x02C6
"",{7f04}{7f25}「８人の導かれし者たち……。{7f02}これで　そのすべてがそろったと{7f02}わたしの　占いに出ています。{7f0a}{7f02}{7f04}{7f25}「本当の旅は{7f02}今　始まったばかりなのかも{7f02}知れません。{0000},0x02DB
"",{7f04}{7f24}「うーーむ……。{7f02}あのような大男が一緒では{7f02}馬車の中が　せまくなりますね。{0000},0x031C
"",{7f04}{7f22}「ちから強い味方が{7f02}また　ひとり増えましたね。{0000},0x033F
"",{7f04}{7f23}「{7f20}どのがいれば{7f02}これからの旅も　安泰ですな。{0000},0x0356
"",{7f04}{7f26}「どうも　あの手の{7f02}熱血派は　あたし　ちょっと{7f02}ニガ手なのよねー……。{0000},0x036C
"",{7f04}{7f21}「結局　ここじゃ{7f02}{7f20}の実力を{7f02}見ることは　できなかったわね。{7f0a}{7f02}{7f04}{7f21}「でも　まちがいなく{7f02}{7f20}は　相当に強いはずよ。{7f02}わたしには　わかるわ。{0000},0x038B
"",{7f04}{7f26}「あんたごときに{7f02}二度も負ける　{7f26}さんじゃ{7f02}ないってことよ！{7f0a}{7f02}{7f04}{7f26}「とにかく{7f02}これで　第一目標はクリアね。{0000},0x03C5
"",{7f04}{7f25}「どうしてなの？{7f02}バルザックがいると信じて{7f02}ここまで　来たのに……。{0000},0x03F7
"",{7f04}{7f21}「ふう……。思ったより{7f02}あっけなかったわね。{0000},0x0415
"",{7f04}{7f21}「どんな敵が相手でも{7f02}わたしは　手加減しないわよ！{0000},0x0429
"",{7f04}{7f23}「これは　多少{7f02}手ごわそうですな！{7f02}さあ　行きましょう！{0000},0x0440
"",{7f04}{7f25}「バルザックは？{7f02}どうして　ここに{7f02}バルザックが　いないの？{0000},0x045A
"",{7f04}{7f24}「ひやややや～……。{7f02}私はもう　覚悟を決めましたよ！{0000},0x0475
"",{7f04}{7f26}「なに　ためらってんのよ！{7f02}こうなったら　キングレオと{7f02}戦うだけでしょっ！{0000},0x048E
