"",あれ？　あなた　どこかで{7f02}お会いしたかしら……？{7f0b}{0000},0x0018
"",うわさでは　{7f24}という男が{7f02}キャラバン隊をやとって{7f02}東の砂漠を　越えたそうだ。{7f0b}{0000},0x002C
"",毎晩　この池の向こうに{7f02}おじいさんが立っているの。{7f0a}{7f02}なんなのかしら……。{7f02}気味が悪いわ。{7f0b}{0000},0x004F
"",うつらうつら……。{7f0b}{0000},0x0075
"",王さまは　もう　おやすみだ。{7f02}明日の朝　また来るがいい。{7f0b}{0000},0x007E
"",ぐうぐう……。{7f0b}{0000},0x0097
"",こうして　池にうつった月を{7f02}見ておると　昔のことを{7f02}思い出すのう。{7f0a}{7f02}その昔　北の森の中に{7f02}木こりの親子が　住んでおった。{7f0a}{7f02}木こりの息子は　森の中で{7f02}美しい娘と出会って{7f02}結婚までしたのじゃが……。{7f0a}{7f02}ある日　雷にうたれて{7f02}死んでしまったのじゃ。{7f0a}{7f02}息子は死んでしもうたが{7f02}親父のほうは　今でもひとりで{7f02}木こりをしておるそうじゃ……。{7f0b}{0000},0x009F
"",夜の散歩は　気持ちがいいわい。{7f0b}{0000},0x012D
"",むかし　むかし　北の山奥に{7f02}天女が舞いおりたそうです。{7f0a}{7f02}そして　木こりの若者と恋に落ち{7f02}ふたりの間には　それはそれは{7f02}かわいい赤ちゃんが生まれたとか。{7f0a}{7f02}え？　その赤ちゃん？{7f02}うふふ　イヤですわ。こんなの{7f02}おとぎ話に　決まっていますわ。{7f0b}{0000},0x013C
"",クルリン　クルリン{7f02}ランランラン……。{7f0b}{0000},0x01A2
"",わたしたちの踊り　ステキでしょ！{7f02}エンドールで大人気の踊り子の{7f02}踊りかたを　まねてみたのよ。{7f0a}{7f02}その踊り子には　妹がいてね{7f02}ふたりで　勇者を探して{7f02}旅をしているって言ってたわ。{7f0b}{0000},0x01B6
"",西の大国　エンドールに{7f02}よく当たる占い師が　来てるそうだ。{7f0a}{7f02}おれも　占ってもらいたいものだな。{7f0b}{0000},0x0201
"",王さまは　この上におられる。{7f02}ブランカ王は　身分に関係なく{7f02}誰にでも　お会いになる方なのだ。{7f0b}{0000},0x022C
"",{7f24}という商人は{7f02}まったく　かわいそうですね。{7f0a}{7f02}洞くつを掘って　国と国とを{7f02}つないだりしたもんだから{7f02}魔物どもに　ねらわれているとか。{7f0b}{0000},0x0255
"",{7f24}という男が　掘ってくれた{7f02}洞くつのおかげで　西のエンドールにも{7f02}行けるようになりました。{7f0b}{0000},0x028A
"",この世は　もう　おしまいじゃ！{7f0a}{7f02}地獄の帝王を倒すはずだった{7f02}勇者さまが　魔物たちに{7f02}殺されたそうじゃからなっ。{7f0b}{0000},0x02B2
"",この人たちに　ついていると{7f02}いろんなところに行けるから{7f02}えろう　もうかりまっせ。{7f0b}{0000},0x02E3
"",わたしたちに{7f02}怖いものなんてないわ。{7f0b}{0000},0x0304
"",世界を救うはずの勇者が{7f02}魔物たちに　殺されたそうだ。{7f0a}{7f02}しかし　心配するな。{7f02}世界は　われわれが救ってみせる。{7f0b}{0000},0x0313
"",そうか……。{7f02}じゃあ　また会おう！{7f0b}{0000},0x0343
"",あ　ごめん！{7f02}ボクたちは　もう　仲間が{7f02}いっぱいだったよ。{7f0a}{7f02}キミは　キミで{7f02}自分の仲間を探すことだね。{7f0b}{0000},0x0353
"",ボクたちは　魔物の親玉を{7f02}倒すための旅をしているんだ。{7f0a}{7f02}キミも　ボクたちの仲間に{7f02}くわわらないか？{0000},0x0381
"",ここは　ブランカのお城だ。{7f0b}{0000},0x03AC
"",{7f04}{7f23}「かーっ　無礼にもほどがある！{7f02}お年寄りが　立っているだけで{7f02}気味が悪いとは　なんたる言い草じゃ！{0000},0x03B8
"",{7f04}{7f22}「たしかに　じっと　こっちを{7f02}見てますね。言われてみれば{7f02}気味が悪い　おじいさんですね。{0000},0x03E7
"",{7f04}{7f26}「あの　おじいさんは　きっと{7f02}池で女の人が　水浴びをするのを{7f02}じっと待ってるのよ！{0000},0x040D
"",{7f04}{7f22}「雷に打たれて　死んだ人の{7f02}奥さんは　今どうしてるんでしょう？{0000},0x0432
"",{7f04}{7f21}「わたしだったら{7f02}雷に打たれて　死んだりしないわ！{7f02}かわす自信があるもの。{0000},0x044E
"",{7f04}{7f24}「悲しい話ですな。{7f02}同じ　息子をもつ親として{7f02}その方には同情します。{0000},0x046F
"",{7f04}{7f26}「死んだ息子の父親って{7f02}山奥の小屋に住んでる　おじいさん？{7f02}……まさかね。{0000},0x048E
"",{7f04}{7f2f}「その天女というのは{7f02}もしや　天空人なのでは？{7f0a}{7f02}{7f04}{7f2f}「昔　下界に降りた天空人が{7f02}地上の人と　夫婦になったという話を{7f02}聞いたことがあるんです！{0000},0x04B1
"",{7f04}{7f26}「山奥に住んでるような人と{7f02}結婚したら　ずっと山奥で{7f02}暮らさなくちゃ　いけないんでしょ？{7f0a}{7f02}{7f04}{7f26}「あたしだったら　イヤだな。{7f02}だって　カジノに行けなくなるでしょ。{0000},0x04F2
"",{7f04}{7f20}「もし　天女と人間の血をひいた{7f02}子供が　本当にいたら　特別なチカラの{7f02}持ち主になっていたでしょうな。{0000},0x0538
"",{7f04}{7f24}「なつかしいなあ　私と一緒に{7f02}砂漠をこえた　キャラバンのみんなは{7f02}元気にしているかな。{0000},0x0566
"",{7f04}{7f25}「当　まだ　うわさの人だった{7f02}{7f24}さんが　今では　わたしたちと{7f02}旅をしているんですね。{0000},0x058D
"",{7f04}{7f2d}「馬車があるんですから{7f02}砂漠をこえるのなんて　楽勝です。{0000},0x05B1
"",{7f04}{7f26}「{7f24}に会う気なら{7f02}東の砂漠をこえないと　ダメね。{0000},0x05CC
"",{7f04}{7f26}「{7f24}が　魔物たちに{7f02}ねらわれてるってことは　あたしらも{7f02}魔物に　ねらわれるってこと？{7f0a}{7f02}{7f04}{7f26}「そんなのイヤよ！{7f02}{7f24}を　仲間からはずしましょ！{7f02}って　ウソウソ　本気にしないでね。{0000},0x05E4
"",{7f04}{7f21}「魔物が　{7f24}を{7f02}ねらってきても　わたしが　まとめて{7f02}たたきのめしてやるわ！{0000},0x062D
"",{7f04}{7f22}「国と国とを　つながれると{7f02}人間にとっては　ありがたくても{7f02}魔物にしてみれば　大迷惑なんですね。{0000},0x064C
"",{7f04}{7f20}「たとえ　{7f24}どのを{7f02}目のカタキにしている　魔物がいても{7f02}我々がいるから　大丈夫です。{0000},0x0676
"",{7f04}{7f2d}「トンネルを掘っただけで{7f02}魔物に　ねらわれるなんて{7f02}{7f24}さんも気の毒ですね。{0000},0x069C
"",{7f04}{7f25}「{7f24}さんが　魔物どもに{7f02}やられて　あの世へ行ってしまう前に{7f02}追いつかねば　なりませんね。{0000},0x06BE
"",{7f04}{7f21}「{7f24}のおかげで{7f02}商売が　やりやすくなったって人も{7f02}おおぜい　いるんじゃない？{0000},0x06E6
"",{7f04}{7f23}「{7f24}は　ここらの商人に{7f02}たいそう　感謝されてるようですぞ。{0000},0x0708
"",{7f04}{7f24}「ただ　お金を用立てただけで{7f02}私が　この手でトンネルを{7f02}掘ったんじゃありませんよ。{0000},0x0723
"",{7f04}{7f25}「旅を続けていれば　いつかは{7f02}{7f24}という方に　会えますわ。{7f0a}{7f02}{7f04}{7f25}「もしかしたら　{7f24}さんも{7f02}七つの光のうちのひとつ。{7f02}導かれし者の　ひとりかもしれません。{0000},0x074A
"",{7f04}{7f26}「すごいわね　{7f24}って。{7f02}お金持ちだし　その上　世のため{7f02}人のために　つくす！{7f0a}{7f02}{7f04}{7f26}「こりゃ　もう　絶対に仲間に{7f02}くわえるしかないでしょう！{0000},0x078A
"",{7f04}{7f20}「勇者どのは　死んだ{7f02}ということにしておけば　魔物どもは{7f02}油断するかもしれませんぞ。{0000},0x07C5
"",{7f04}{7f24}「やはり　{7f1f}さんは{7f02}地獄の帝王を　倒す事のできる{7f02}この世で　唯一の希望なんですね。{0000},0x07EB
"",{7f04}{7f26}「なに言ってるの　この人。{7f02}{7f1f}は　ちゃんと生きてるわよ。{7f02}死んでなんていないわ！{0000},0x0813
"",{7f04}{7f25}「この方は　{7f1f}さんが{7f02}勇者だということを{7f02}知らないのですね。{0000},0x0834
"",{7f04}{7f2e}「ほう　ブランカ王に　お金を{7f02}かりようと考えてるのですか。{7f0a}{7f02}{7f04}{7f2e}「しかし　ブランカ王が{7f02}お金を貸ししぶらんか　心配ですな！{7f0a}{7f02}{7f04}{7f2e}「うーん　今のは忘れてください。{0000},0x084F
"",{7f04}{7f2d}「ブランカには　ちょくちょく{7f02}買い出しに　来ていたから{7f02}すみずみまで　知りつくしてます。{0000},0x0897
"",{7f04}{7f26}「ブランカ城って　カジノも{7f02}酒場もないから　あたしにとって{7f02}とても　つまらない場所よ。{0000},0x08BE
"",{7f04}{7f25}「城にあるのが　店と宿屋と{7f02}教会だけなら　さすがの姉さんも{7f02}おとなしくするはずです。{0000},0x08E5
"",{7f04}{7f24}「広さを考えると　ブランカには{7f02}これ以上　店をかまえることは{7f02}できないようですな。{0000},0x090B
"",{7f04}{7f23}「サントハイムの方が{7f02}ブランカより　立派ですぞ。{7f0a}{7f02}{7f04}{7f23}「ここのように　城と城下町が{7f02}ひとつになっていると　わしには{7f02}貧乏くさくて　たえられんわい。{0000},0x0930
"",{7f04}{7f21}「サントハイムにも　ここみたいに{7f02}広い庭があれば　武術のけいこが{7f02}ぞんぶんに　できるのに。{0000},0x0972
"",{7f04}{7f20}「ブランカは　城と城下町が{7f02}ひとつに　なっているのか。{7f02}まるで　要塞のようですな。{0000},0x099C
