"",ぐうぐう……。{7f0b}{0000},0x0018
"",この国には　古くから伝わる{7f02}言い伝えがありましてね。{7f0a}{7f02}邪悪なる者　目覚めるとき{7f02}勇者も　また　目覚めん……と。{7f0b}{0000},0x001E
"",{7f04}{7f25}「勇者が勝つか　邪悪なる者が{7f02}勝つのか……勝敗に関する予言は{7f02}いっさい　ないんですね。{7f0a}{7f02}{7f04}{7f25}「予言が　ないということは{7f02}これからの　わたしたち次第{7f02}ということなんでしょうけど……。{0000},0x0049
"",{7f04}{7f22}「勇者が目覚めても{7f02}邪悪なものを　必ず倒せるという{7f02}予言まではないんですね。{0000},0x008D
"",{7f04}{7f20}「{7f1f}どのが　ここにいる{7f02}という事実が　ブランカの言い伝えが{7f02}本当だったことの　あかしですな。{0000},0x00AC
