"",うわさでは　エンドールの姫と{7f02}ボンモールの王子が　近く{7f02}結婚するとか。おうらやましいわ。{7f0a}{7f02}えっ？　今ちょうど　結婚式を{7f02}あげている最中なんですの？{7f02}わたしも　見にいきたいわ……。{7f0b}{0000},0x0018
"",なんと！　東へ行きたいと？{7f0a}{7f02}しかし　馬車でもないかぎり{7f02}とても砂漠は越えられまいぞ！{7f0b}{0000},0x006A
"",あなたは　西のエンドールに{7f02}行ったことがありますか？{7f02}とても　大きな都だそうですね。{7f0a}{7f02}うわさでは　エンドールの姫と{7f02}ボンモールの王子が　近く{7f02}結婚するとか。おうらやましいわ。{7f0b}{0000},0x0092
"",{7f04}王「よくぞ来た！　勇者を目指すものよ！{7f02}そなたも　また　世界を救うため{7f02}旅をしているのであろう。{7f0a}{7f02}{7f04}王「ほほう　{7f25}と申すか？{7f02}よい名前じゃな。{7f0a}{7f02}{7f04}王「では　そなたがするべき事を{7f02}教えてしんぜよう。{7f0a}{7f02}{7f04}王「地獄の帝王がよみがえるのを{7f02}なんとしてでも　阻止するのだ！{7f0a}{7f02}{7f04}王「そのためには　世界中を旅して{7f02}帝王についての　言い伝えを{7f02}集めなければならぬであろう。{7f0a}{7f02}{7f04}王「そなたのような　若い娘には{7f02}つらいことかも知れぬが{7f02}気を付けてゆくのじゃ　{7f25}よ！{7f0b}{0000},0x00E2
"",{7f04}王「よくぞ来た！　勇者を目指すものよ！{7f02}そなたも　また　世界を救うため{7f02}旅をしているのであろう。{7f0a}{7f02}{7f04}王「ほほう　{7f26}と申すか？{7f02}よい名前じゃな。{7f0a}{7f02}{7f04}王「では　そなたがするべき事を{7f02}教えてしんぜよう。{7f0a}{7f02}{7f04}王「地獄の帝王がよみがえるのを{7f02}なんとしてでも　阻止するのだ！{7f0a}{7f02}{7f04}王「そのためには　世界中を旅して{7f02}帝王についての　言い伝えを{7f02}集めなければならぬであろう。{7f0a}{7f02}{7f04}王「そなたのような　若い娘には{7f02}つらいことかも知れぬが{7f02}気を付けてゆくのじゃ　{7f26}よ！{7f0b}{0000},0x0191
"",{7f04}王「よくぞ来た！　勇者を目指すものよ！{7f02}そなたも　また　世界を救うため{7f02}旅をしているのであろう。{7f0a}{7f02}{7f04}王「ほほう　{7f21}と申すか？{7f02}よい名前じゃな。{7f0a}{7f02}{7f04}王「では　そなたがするべき事を{7f02}教えてしんぜよう。{7f0a}{7f02}{7f04}王「地獄の帝王がよみがえるのを{7f02}なんとしてでも　阻止するのだ！{7f0a}{7f02}{7f04}王「そのためには　世界中を旅して{7f02}帝王についての　言い伝えを{7f02}集めなければならぬであろう。{7f0a}{7f02}{7f04}王「そなたのような　若い娘には{7f02}つらいことかも知れぬが{7f02}気を付けてゆくのじゃ　{7f21}よ！{7f0b}{0000},0x0240
"",{7f04}王「よくぞ来た！　勇者を目指すものよ！{7f02}そなたも　また　世界を救うため{7f02}旅をしているのであろう。{7f0a}{7f02}{7f04}王「ほほう　{7f24}と申すか？{7f02}よい名前じゃな。{7f0a}{7f02}{7f04}王「では　そなたがするべき事を{7f02}教えてしんぜよう。{7f0a}{7f02}{7f04}王「地獄の帝王がよみがえるのを{7f02}なんとしてでも　阻止するのだ！{7f0a}{7f02}{7f04}王「そのためには　世界中を旅して{7f02}帝王についての　言い伝えを{7f02}集めなければならぬであろう。{7f0a}{7f02}{7f04}王「そなたの　かつやくを{7f02}期待しているぞ！　{7f24}よ！{7f0b}{0000},0x02F0
"",{7f04}王「よくぞ来た！　勇者を目指すものよ！{7f02}そなたも　また　世界を救うため{7f02}旅をしているのであろう。{7f0a}{7f02}{7f04}王「ほほう　{7f23}と申すか？{7f02}よい名前じゃな。{7f0a}{7f02}{7f04}王「では　そなたがするべき事を{7f02}教えてしんぜよう。{7f0a}{7f02}{7f04}王「地獄の帝王がよみがえるのを{7f02}なんとしてでも　阻止するのだ！{7f0a}{7f02}{7f04}王「そのためには　世界中を旅して{7f02}帝王についての　言い伝えを{7f02}集めなければならぬであろう。{7f0a}{7f02}{7f04}王「そなたの　かつやくを{7f02}期待しているぞ！　{7f23}よ！{7f0b}{0000},0x0390
"",{7f04}王「よくぞ来た！　勇者を目指すものよ！{7f02}そなたも　また　世界を救うため{7f02}旅をしているのであろう。{7f0a}{7f02}{7f04}王「ほほう　{7f22}と申すか？{7f02}よい名前じゃな。{7f0a}{7f02}{7f04}王「では　そなたがするべき事を{7f02}教えてしんぜよう。{7f0a}{7f02}{7f04}王「地獄の帝王がよみがえるのを{7f02}なんとしてでも　阻止するのだ！{7f0a}{7f02}{7f04}王「そのためには　世界中を旅して{7f02}帝王についての　言い伝えを{7f02}集めなければならぬであろう。{7f0a}{7f02}{7f04}王「そなたの　かつやくを{7f02}期待しているぞ！　{7f22}よ！{7f0b}{0000},0x0431
"",{7f04}王「よくぞ来た！　勇者を目指すものよ！{7f02}そなたも　また　世界を救うため{7f02}旅をしているのであろう。{7f0a}{7f02}{7f04}王「ほほう　{7f20}と申すか？{7f02}よい名前じゃな。{7f0a}{7f02}{7f04}王「では　そなたがするべき事を{7f02}教えてしんぜよう。{7f0a}{7f02}{7f04}王「地獄の帝王がよみがえるのを{7f02}なんとしてでも　阻止するのだ！{7f0a}{7f02}{7f04}王「そのためには　世界中を旅して{7f02}帝王についての　言い伝えを{7f02}集めなければならぬであろう。{7f0a}{7f02}{7f04}王「そなたの　かつやくを{7f02}期待しているぞ！　{7f20}よ！{7f0b}{0000},0x04D1
"",{7f04}王「よくぞ来た！　勇者を目指すものよ！{7f02}そなたも　また　世界を救うため{7f02}旅をしているのであろう。{7f0a}{7f02}{7f04}王「ほほう　{7f1f}と申すか？{7f02}よい名前じゃな。{7f0a}{7f02}{7f04}王「では　そなたがするべき事を{7f02}教えてしんぜよう。{7f0a}{7f02}{7f04}王「地獄の帝王がよみがえるのを{7f02}なんとしてでも　阻止するのだ！{7f0a}{7f02}{7f04}王「そのためには　世界中を旅して{7f02}帝王についての　言い伝えを{7f02}集めなければならぬであろう。{7f0a}{7f02}{7f04}王「そなたのような　若い娘には{7f02}つらいことかも知れぬが{7f02}気を付けてゆくのじゃ　{7f1f}よ！{7f0b}{0000},0x0572
"",{7f04}王「よくぞ来た！　勇者を目指すものよ！{7f02}そなたも　また　世界を救うため{7f02}旅をしているのであろう。{7f0a}{7f02}{7f04}王「ほほう　{7f1f}と申すか？{7f02}よい名前じゃな。{7f0a}{7f02}{7f04}王「では　そなたがするべき事を{7f02}教えてしんぜよう。{7f0a}{7f02}{7f04}王「地獄の帝王がよみがえるのを{7f02}なんとしてでも　阻止するのだ！{7f0a}{7f02}{7f04}王「そのためには　世界中を旅して{7f02}帝王についての　言い伝えを{7f02}集めなければならぬであろう。{7f0a}{7f02}{7f04}王「そなたの　かつやくを{7f02}期待しているぞ！　{7f1f}よ！{7f0b}{0000},0x0621
"",おや？　そなたは先ほどの{7f02}４人連れの仲間ではないのか。{7f0a}{7f02}最近　魔物退治を　なりわいにする{7f02}ああいった連中が　よく　王さまに{7f02}面会に来るのだよ。{7f0b}{0000},0x06C1
"",ここは　玉座の間である。{7f02}くれぐれも　我らがブランカ王に{7f02}そそうのないようにな。{7f0b}{0000},0x0702
"",{7f04}{7f26}「勇者を目指すものよ！{7f02}なーんて言われると　あたしも{7f02}勇者になれそうな気がするわね。{0000},0x0727
"",{7f04}{7f24}「ここの王は　会いに来た人{7f02}すべてを　勇者を目指すものとして{7f02}あつかっているんですな。{0000},0x074B
"",{7f04}{7f25}「王さまに　あおられて{7f02}その気になって　旅に出た人が{7f02}たくさん　いそうですね。{0000},0x076F
"",{7f04}{7f20}「王から　帝王について{7f02}知らされた旅人が　世界に散ると{7f02}各地で　帝王のうわさが広がる……。{7f0a}{7f02}{7f04}{7f20}「いたずらに　人々の恐怖を{7f02}あおることに　ならねばよいが。{0000},0x0790
"",{7f04}{7f2f}「わたしが結婚するときは{7f02}みなさんを　ご招待しますね。{7f02}楽しみにしててください。{0000},0x07D5
"",{7f04}{7f21}「わたしより　強い人でないと{7f02}わたしは　絶対に結婚したくないわ！{7f02}たとえ　相手が王族でもね。{0000},0x07FA
"",{7f04}{7f25}「エンドールの結婚式なら{7f02}わたし　見たことがありますよ。{7f0a}{7f02}{7f04}{7f25}「あそこの結婚式は　毎日{7f02}やっていますから　今から行っても{7f02}きっと見られるでしょう。{0000},0x0823
"",{7f04}{7f26}「あたしも王子さまと{7f02}結婚したいわ。そうすれば　毎日{7f02}カジノで遊べるもの。{7f0a}{7f02}{7f04}{7f26}「しかも　いくらスッても{7f02}文無しにならないという　特典つき！{7f02}ああっ　王子さまと結婚したい。{0000},0x0867
