"",あたたたたー！{7f02}しびれくらげに刺されたー！{7f0b}{0000},0x0018
"",{7f04}王「パデキア　ばんざい！{7f02}これで今まで以上に　のら仕事に{7f02}せいが出せるわい！　わっはっはっ！{7f0b}{0000},0x002B
"",ようこそ　ソレッタのお城へ！{7f02}さあ　どうぞ中へ。{7f0b}{0000},0x0054
"",おいらは　よーっとぉ{7f02}畑たがやし　３０年ーっとぉ！{7f0a}{7f02}これからは　がんばって{7f02}パデキアを育てるだよ。{7f02}それっ　よーっとぉ！{7f0b}{0000},0x006B
"",ウモッ　ウモモー！{7f0b}{0000},0x009E
"",牛のユッキーと　オイラは{7f02}大のなかよしなんだべ。{7f02}なっ　ユッキー。{7f0a}{0000},0x00A8
"",へー！{7f02}あんたらが　パデキアの種を？{7f02}おったまげたなあ！{7f0b}{0000},0x00C6
"",ここは　ソレッタの国。{7f02}どんな病気も治す　パデキアの{7f02}特産地だよ！{7f0b}{0000},0x00DE
"",ここは　ソレッタのお城。{7f02}しかし　王さまは　すでに{7f02}おやすみであられる。{7f0b}{0000},0x00FD
"",釣りは　やっぱり{7f02}夜釣りに　かぎりますな。{7f0a}{7f02}この間なんか　たこ魔人を{7f02}釣りそこないましてねえ。{7f02}いや　ほんとですって！{7f0b}{0000},0x011B
"",むにゃむにゃ……。{7f02}ユッキー　はやぐ{7f02}おっきぐなれよ……むにゃ。{7f0b}{0000},0x014E
"",{7f04}王「ありがとう！{7f02}これで　この国は救われた！{7f0a}{7f02}{7f04}王「ささ　そなたもパデキアの根っこを{7f02}持ってゆくがよい。{7f0a}{0000},0x016B
"",なんと！　みるみるうちに{7f02}パデキアが　芽を出した！{7f0b}{0000},0x0199
"",{7f4c}は{7f02}パデキアのたねを　畑にまいた！{7f0b}{0000},0x01B0
"",おお！　おおおー！{7f02}それこそは　まさしくパデキアの種！{7f02}ついに　ついに……。{7f0a}{7f02}ささ　その種を　早く村中の畑に！{7f02}大丈夫　パデキアは{7f02}すぐに育つのじゃ。{7f0a}{0000},0x01C0
"",{7f04}王「わしは　この国の王じゃ！{7f02}我が国のパデキアが　全滅してから{7f02}すでに　ひさしい。{7f0a}{7f02}{7f04}王「前の王が　もしものにと{7f02}南の洞くつに　パデキアの種を{7f02}保管しておいたそうだが……。{7f0a}{7f02}{7f04}王「いつの頃からか　洞くつには{7f02}魔物たちが　住みつき{7f02}我が国の兵士では　たちうちできぬ！{7f0a}{7f02}{7f04}王「すまぬのう。{7f02}パデキアの種さえあれば{7f02}そなたの望みも　かなえられようが。{7f0b}{0000},0x0201
"",ブモッ　ンモー！{7f0b}{0000},0x0299
"",ようこそ　ソレッタのお城へ！{7f02}さあ　どうぞ中へ。{7f0b}{0000},0x02A2
"",みゃーお。{7f0b}{0000},0x02B9
"",ほほう　ミントスから来なすったか。{7f02}あの町には　わしの娘が{7f02}とついでいってのお。{7f0a}{7f02}かわいい　ふたりの孫が{7f02}おるんじゃよ。{7f02}元気にしとるかのお……。{7f0b}{0000},0x02BE
"",おいらは　よーっとぉ{7f02}畑たがやし　３０年ーっとぉ！{7f0a}{7f02}はあ？　パデキアの根っこ？{7f02}ああ　あれは５年前の干ばつで{7f02}全滅しちまっただよ。{7f0a}{7f02}だから　今は{7f02}にんじんやら大根を{7f02}作っているだよ。{7f0b}{0000},0x02FC
"",ウモー！{7f0b}{0000},0x034D
"",ほんら　ユッキー。{7f02}オイラと　おめえの顔が{7f02}池さ　映ってんぞ！{7f0b}{0000},0x0352
"",返事がない……。{7f0a}{7f02}ただの　かかしのようだ。{7f0b}{0000},0x036F
"",誰かを　探しているだか？{7f02}そういえば　この前{7f02}{7f21}っちゅう娘が　来たなあ。{7f0a}{7f02}ひとりでかって？　うんにゃ。{7f02}ごついのやら　キザったらしいのやら{7f02}３人ほど　男を連れていただよ。{7f0b}{0000},0x0382
"",ここは　ソレッタの国。{7f02}どんな病気も治す　パデキアの{7f02}特産地だよ。{7f0a}{7f02}というのも　むかしの話だけどね。{7f0b}{0000},0x03CC
"",ブー　ブー！{7f0b}{0000},0x03F9
"",{7f04}{7f2e}「ソレッタでー　出会ったー{7f02}ラララ　君にー　ほれったー。{7f0a}{7f02}{7f04}{7f2e}「それったー　ボクのー{7f02}ラララ　初恋ー　だったー。{7f0a}{7f02}{7f04}{7f2e}「いかがですか？{7f02}私　歌も　イケるでしょう。{0000},0x0400
"",{7f04}{7f20}「はて？　かような田舎町に{7f02}どのような用が　おありか？{0000},0x044A
"",{7f04}{7f23}「はーやれやれ。{7f02}年よりには　夜道はこたえます。{7f02}そろそろ　休みませんかな？{0000},0x0463
"",{7f04}{7f22}「みなさん　もう{7f02}お休みなのではないですか？{7f02}あまり　さわいでは……。{0000},0x0486
"",{7f04}{7f21}「ねえ見て　あの空！{7f02}星がすごくきれいよ。{7f02}うわあ　たくさん見える！{7f0a}{7f02}{7f04}{7f21}「家の明かりが　少ないと{7f02}こんなに　星が見えるのね。{7f02}知らなかったわ。{0000},0x04A3
"",{7f04}{7f24}「そろそろ　宿屋で{7f02}ひと休みしませんか？{7f02}みなさん　お疲れのようですし。{0000},0x04E2
"",{7f04}{7f25}「わたし　こういう{7f02}暗くて　ひっそりした所が{7f02}大好きなんです。うふふ……。{0000},0x0503
"",{7f04}{7f26}「何もない村だからこそ{7f02}このあたしの　輝くばかりの{7f02}美しさが　より　ひきたつ。{7f0a}{7f02}{7f04}{7f26}「ウフフン。{7f02}たまには　田舎もいいもんね。{0000},0x0525
"",{7f04}{7f20}「王みずからが　畑に出て{7f02}のら仕事に　せいを出すとは！{7f02}むむうっ　なんとご立派な！{0000},0x055C
"",{7f04}{7f24}「ここの王さまは　ホント{7f02}いい人ですよね。{7f02}自分で　働くのが　えらいっ。{7f0a}{7f02}{7f04}{7f24}「エンドールも　ボンモールも{7f02}王と言えば　人に命令するばかりで{7f02}いやあ　苦労させられましたよ。{0000},0x0582
"",{7f04}{7f21}「ソレッタ王を見てたら{7f02}お父さまを　思いだしちゃった。{7f02}……ご無事なのかしら。{0000},0x05CF
"",{7f04}{7f25}「早く　このソレッタの国も{7f02}豊かになるといいですね。{0000},0x05F4
"",{7f04}{7f21}「あのは　見事に{7f02}先をこされちゃったのよね。{7f02}くやしかったなー。{0000},0x060C
"",{7f04}{7f26}「やだわ　あのオッサン！{7f02}いやらしい目で　じろじろと。{7f02}鉄の扇を　くらわせてやろうかしらっ。{0000},0x062A
"",{7f04}{7f21}「ほーんと　パデキアを{7f02}手に入れるのには　ずいぶん{7f02}苦労したわよね。{7f0a}{7f02}{7f04}{7f21}「……なーんて！{7f02}種を見つけたのは{7f02}わたしじゃ　ないけどねっ。{0000},0x0653
"",{7f04}{7f2f}「ブタや牛さんのにおいって{7f02}かなり　その……くさいですね。{0000},0x068F
"",{7f04}{7f23}「パデキアが　戻ってから{7f02}人々の顔が　輝くようですな。{7f02}いや　けっこう　けっこう。{0000},0x06A9
"",{7f04}{7f22}「はぁ……。{7f02}私が　情けないばっかりに{7f02}姫さまに　ごめいわくをかけて。{7f0a}{7f02}{7f04}{7f22}「少し　身体をきたえなきゃ。{7f02}とほほほほ。{0000},0x06CC
"",{7f04}{7f21}「この国の人たちって{7f02}けっこう　いい身体してるのよ。{7f02}畑仕事してるせいかしら？{0000},0x0703
"",{7f04}{7f24}「いやーっ　国のみんなが{7f02}よく働くこと　働くこと！{7f02}すばらしいですね。{0000},0x0726
"",{7f04}{7f25}「お日さまが　まぶしくて{7f02}海が　きれいで……。{7f02}静かで　いい村ですね。{0000},0x0743
"",{7f04}{7f26}「ああ　ネオンがっ{7f02}酒場のお酒のにおいが恋しいっ。{7f02}ダメ　あたし。性に合わない。{0000},0x0762
"",{7f04}{7f26}「んん～　あいかわらず{7f02}のどかというか　地味というか{7f02}あたしのガラじゃないわねー。{0000},0x0786
"",{7f04}{7f23}「はー　骨が折れたわい。{7f02}しかし　ようやくパデキアの根っこを{7f02}手にいれられましたな。{7f0a}{7f02}{7f04}{7f23}「さあ　早くミントスに戻り{7f02}{7f22}のアホーめに{7f02}たっぷり恩を売ってやりましょう！{0000},0x07AA
"",{7f04}{7f24}「いつか　あのパデキアを{7f02}うちの店で　扱いたいものです。{7f02}きっと　売れるぞーっ。{0000},0x07F5
"",{7f04}{7f25}「これからは　ソレッタの人々も{7f02}苦労しないで　すみますね。{7f02}ほんとうに　よかった！{0000},0x0817
"",{7f04}{7f26}「だてに　毎日　のら仕事を{7f02}してるわけじゃないわね。{7f02}王さま　すごいじゃん！{7f0a}{7f02}{7f04}{7f26}「見渡すかぎり　いちめん{7f02}パデキアが　しげってるわ。{7f02}うっわー　いくらになるのかしら。{0000},0x083B
"",{7f04}{7f23}「どこへ来ても　アホ商人は{7f02}アホなことしか　言いませんな。{7f02}いや　言わんのでなく　言えんのか。{0000},0x0883
"",{7f04}{7f23}「これでも　国ですと？{7f02}わがサントハイムとは{7f02}比べものになりませんな。{0000},0x08AD
"",{7f04}{7f23}「本来ならば　このような{7f02}ド田舎に　用事なぞないのだが{7f02}しかたあるまい。{7f0a}{7f02}{7f04}{7f23}「さて　姫さまはいずこに？{0000},0x08CD
"",{7f04}{7f24}「エンドールで流行の{7f02}あれこれを　持ってきたら{7f02}売れるかな……。{0000},0x08FB
"",{7f04}{7f25}「わたし　こういう{7f02}暗くて　ひっそりした所が{7f02}大好きなんです。うふふ……。{0000},0x091A
"",{7f04}{7f26}「何もない村だからこそ{7f02}このあたしの　輝くばかりの{7f02}美しさが　より　ひきたつ。{7f0a}{7f02}{7f04}{7f26}「ウフフン。{7f02}たまには　田舎もいいもんね。{0000},0x093C
"",{7f04}{7f26}「ここ　ほんとは{7f02}ただの　野原じゃないの？{7f02}家の明かりも見えないわよ？{0000},0x0973
"",{7f04}{7f23}「洞くつに魔物が　とは{7f02}姫さまの喜ぶ顔が　目に浮かぶ。{7f02}はー　やれやれっ。{7f0a}{7f02}{7f04}{7f23}「ともあれ　パデキアも{7f02}姫さまも　洞くつのはずです。{7f02}さあ　われらも　参りましょう！{0000},0x0993
"",{7f04}{7f24}「働かざる者　食うべからず！{7f02}これ　私の　持論です。{7f0a}{7f02}{7f04}{7f24}「でも　毎日　働いたのと{7f02}同じ分だけ　食べてたら{7f02}こんなになっちゃいましたけど。{0000},0x09DB
"",{7f04}{7f26}「南の洞くつには　きっと{7f02}パデキアの種だけじゃなくて{7f02}お宝も　あるはずよ！{7f0a}{7f02}{7f04}{7f26}「……とはいえ　王さままで{7f02}畑で　働いてるような国だもんなー。{7f02}ちょっと　気がひけるわね。{0000},0x0A19
"",{7f04}{7f23}「わがサントハイムの城は{7f02}３階建ての　それはそれは美しい{7f02}建物でしてな。ほっほっほ。{7f0a}{7f02}{7f04}{7f23}「いやいや　けして自慢では{7f02}ありませんぞ。{7f02}ただの　思い出話です。{0000},0x0A63
"",{7f04}{7f25}「……お城？{7f02}この小屋が……ですか？{0000},0x0AAA
"",{7f04}{7f26}「あー。わかるわかる。{7f02}やっぱ　女の子はさーあ{7f02}ミントスみたいな都会に出たいわよ。{0000},0x0ABD
"",{7f04}{7f23}「必要なに　ないのでは{7f02}万能薬とは　言えませんぞ！{7f02}……うーむ。どうすればよいのだ。{0000},0x0AE3
"",{7f04}{7f25}「パデキアが　この国を{7f02}支えていたでしょうに{7f02}みなさん　大変なんですね。{0000},0x0B0B
"",{7f04}{7f24}「うちの息子と　ちょうど{7f02}同じくらいの年だなあ。{7f02}かわいいなあー。{0000},0x0B2B
"",{7f04}{7f26}「……１０年後に期待かな。{0000},0x0B49
"",{7f04}{7f23}「どこの馬の骨とも知れぬ{7f02}アホーどもを　連れ回すなど{7f02}サントハイム王家の恥！{7f0a}{7f02}{7f04}{7f23}「急ぎ　姫さまを探しだし{7f02}連れ戻さねば！！{0000},0x0B59
"",{7f04}{7f26}「男３人を　ひきつれて！？{7f02}なんて　うらやましいのっ。{7f0a}{7f02}{7f04}{7f26}「そうよね。男も女も　やっぱ{7f02}肩書きには　弱いわよね。{7f02}あーっ　お姫さまに生まれたかった！{0000},0x0B97
"",{7f04}{7f23}「むむ。となると　気の短い{7f02}姫さまのこと。すでにこの村……{7f02}いや　国には　おるまいて。{7f0a}{7f02}{7f04}{7f23}「ともあれ　もう少し{7f02}話を聞いてみましょう。{0000},0x0BD9
"",{7f04}{7f24}「目玉商品だけに　しぼると{7f02}こういうリスクがあるんですよね。{7f02}あぶない　あぶない。{0000},0x0C13
"",{7f04}{7f25}「見たところ　どこにも{7f02}パデキアらしき薬草は{7f02}生えていませんし……。{7f0a}{7f02}{7f04}{7f25}「いったい　ソレッタの国に{7f02}何があったのでしょうか？{0000},0x0C39
"",{7f04}{7f24}「どうして　そこで{7f02}私のほうを見るんですか。{7f0a}{7f02}{7f04}{7f24}「そりゃ　お腹は出てますけど{7f02}まだ　あんなに丸くないですよ！{7f02}私はっ！！{0000},0x0C72
"",{7f04}{7f26}「今日の晩ごはんは{7f02}ブタの丸焼きってのは　どう？{7f02}牛でもいいわよ！{0000},0x0CA6
"",{7f04}{7f23}「これで　国　とは。{7f02}わがサントハイムとは{7f02}比べものになりませんな。{0000},0x0CC6
"",{7f04}{7f23}「本来ならば　このような{7f02}ド田舎に　用事なぞないのだが{7f02}しかたあるまい。{7f0a}{7f02}{7f04}{7f23}「さて　姫さまはいずこに？{0000},0x0CE5
"",{7f04}{7f24}「空気がきれいですなー。{7f02}さあっ　ごいっしょに深呼吸！{7f02}すー　はーっ。すー　はーっ。{0000},0x0D13
"",{7f04}{7f25}「お日さまが　まぶしくて{7f02}海が　きれいで……。{7f02}静かで　いい村ですね。{0000},0x0D38
"",{7f04}{7f26}「ああ　ネオンがっ{7f02}酒場のお酒のにおいが恋しいっ。{7f02}ダメ　あたし。性に合わない。{0000},0x0D56
"",{7f04}{7f26}「今どき　めずらしい{7f02}見事な　明るい農村っ。{7f02}うわーっ　新鮮だわー。{7f0a}{7f02}{7f04}{7f26}「……と思ったけど{7f02}牛ブタ馬と　畑だけじゃねー。{7f02}５分で　あきるわ。{0000},0x0D7B
