"",{7f04}王「ぐおーぐおー。{7f0b}{0000},0x0018
"",パデキアの種を{7f02}どうも　ありがとうございました。{7f0a}{7f02}これで　この国も{7f02}豊かになることでしょう！{7f0b}{0000},0x0021
"",そなたらは　救いの神！{7f02}これで　この国もあんたいじゃ！{7f0b}{0000},0x0048
"",え？　パデキアの種を？{7f02}まあ　それを聞いたら王さまは{7f02}どんなに　お喜びでしょう！{7f0a}{7f02}しかし　今は疲れて{7f02}どろのように眠っております。{7f02}明日一番に　来てくださいまし！{7f0b}{0000},0x005E
"",王さまは　とても{7f02}りっぱなお人ですわ。{7f0a}{7f02}でも　パデキアが全滅してから{7f02}働いても　働いても{7f02}この国は　豊かにならないのです。{7f0a}{7f02}かわいそうな　王さま……。{7f0b}{0000},0x00A4
"",{7f04}王「ぐうぐう……。{7f02}南の洞くつの　怪物どもめ！{7f02}むにゃむにゃ……。{7f0b}{0000},0x00E0
"",ぐうぐう……。{7f0b}{0000},0x00FE
"",ぐうぐう……。{7f02}こうして雨つゆをしのげるだけで{7f02}おらは　幸せだよ。{7f0b}{0000},0x0105
"",すやすや……。{7f0b}{0000},0x0122
"",王さまは　とても{7f02}りっぱなお人ですわ。{7f0a}{7f02}でも　パデキアが全滅してから{7f02}働いても　働いても{7f02}この国は　豊かにならないのです。{7f0a}{7f02}かわいそうな　王さま……。{7f0b}{0000},0x0129
"",王さまに　会いに来たのか？{7f02}しかし　わが王は{7f02}のら仕事に出ておられる。{7f0a}{7f02}ここだけの話だが{7f02}王みずからが　働かねばならぬほど{7f02}この国は　まずしいのだ。{7f0b}{0000},0x0165
"",ここは　ソレッタ王のお部屋です。{7f0b}{0000},0x01A2
"",{7f04}{7f25}「姉さんのイビキと{7f02}どっちが　うるさいかしら……。{0000},0x01B2
"",{7f04}{7f23}「{7f22}のアホめの病気も{7f02}ムダではなかったようですな。{7f02}フム。まあ　よしとするか。{0000},0x01C8
"",{7f04}{7f21}「あの後　洞くつで連れてた{7f02}３人の男たちは　どこに行ったかって？{7f0a}{7f02}{7f04}{7f21}「あの人たち　足が遅いのよ。{7f02}ミントスに戻る途中の　どこかで{7f02}置いてきちゃったわ。{0000},0x01EB
"",{7f04}{7f23}「ほっほっほ。{7f02}人々の　感謝の声というのは{7f02}実に！　気分がよいですな。{0000},0x022F
"",{7f04}{7f22}「みなさんは　私にとっても{7f02}救いの神です。{7f02}ほんとうにありがとうございました。{0000},0x024E
"",{7f04}{7f26}「神さまって言うなら{7f02}おさいせんぐらい　ほしいわね。{7f02}ほんの　１０Ｇでいいんだけどな。{0000},0x026F
"",{7f04}{7f26}「あたしも　どろのように眠いー。{7f02}ねえ　今日は　もう休みましょうよ。{0000},0x0293
"",{7f04}{7f23}「南の洞くつに魔物が　となれば{7f02}姫さまが　だまっているはずがない。{7f0a}{7f02}{7f04}{7f23}「ともかく　南の洞くつへ{7f02}われらも　急ぎましょうぞ！{0000},0x02B1
"",{7f04}{7f24}「思い出すなあー。{7f02}私も　若い頃は　そうでした。{7f02}いやー　おはずかしいっ。{0000},0x02E7
"",{7f04}{7f26}「ああいう事を　言うには{7f02}もうちょっと　ハンサムでないとね。{7f02}男はまず顔！　じゃなきゃお金よ！{0000},0x0307
"",{7f04}{7f26}「なーによ　{7f25}？{7f02}あんた　なんか言ったあ？{0000},0x0330
"",{7f04}{7f25}「ソレッタ王は　ずいぶん{7f02}国民に　したわれているんですね。{7f0a}{7f02}{7f04}{7f25}「きちんと働く人のほうが{7f02}遊んでばかりいる人より{7f02}立派ですもの。当然ですね。{0000},0x0343
"",{7f04}{7f23}「貧しくとも　王と国民が{7f02}心をひとつにしているとは{7f02}なかなか　見所がある。{7f0a}{7f02}{7f04}{7f23}「ふーむ。ソレッタの国は{7f02}いずれ　大きな国になるかも{7f02}しれませんな。{0000},0x0381
"",{7f04}{7f26}「……お城って言っても{7f02}いろいろ　あるのねえ。{0000},0x03C1
