"",ここより{7f02}スタンシアラのお城である！{7f0b}{0000},0x0018
"",王さまを　大笑いさせた者は{7f02}どんなほうびも　思いのままじゃ！{7f0b}{0000},0x0028
"",王さまのおふれを聞いて{7f02}やってきたのかな？{0000},0x003F
"",{7f04}{7f21}「わたし　王さまと戦って{7f02}勝ってっていうなら　自信あるけど{7f02}笑わせるのは　むずかしいわね。{0000},0x0050
"",{7f04}{7f22}「いやあ　まいりましたね。{7f02}こんなことなら　日ごろから{7f02}ギャグの練習をしておくべきでした。{0000},0x0073
"",{7f04}{7f26}「ほうびは　いただきね！{7f02}人ひとりを　笑わせるのなんて{7f02}かんたん　かんたん。{0000},0x0098
"",{7f04}{7f24}「どんな　ほうびも思いのまま！{7f02}スタンシアラの王さまは{7f02}じつに　太っ腹な方だなあ。{0000},0x00B5
