"",すうすう……。{7f0b}{0000},0x0018
"",ぐうぐう……。{7f02}笑う角には　福来たる。{7f02}むにゃむにゃ……。{7f0b}{0000},0x001E
"",すやすや……。{7f0b}{0000},0x0038
"",ぐうぐう……。{7f0b}{0000},0x003F
"",うーん　うーん。{7f0b}{0000},0x0046
"",王さまに会うのなら{7f02}この階段を　のぼるがいい。{7f0b}{0000},0x004E
"",もう！　武器や防具って{7f02}どうして　こんなに重いのー！{7f0a}{7f02}でも　いつ魔物たちが{7f02}攻めてくるか分かんないから{7f02}備えあれば　うれいなし　よねっ。{7f0b}{0000},0x0062
"",ちょっと　お前さん　聞いたかい？{7f02}南のサントハイムの城が　魔物に{7f02}うばわれたって話じゃないのさ。{7f0a}{7f02}王さまが　何もかも忘れて{7f02}笑いたくなる気持ちもわかるよ。{7f0b}{0000},0x009C
"",小さいとき　よく母親に{7f02}聞かされましたっけ。{7f0a}{7f02}雲の上に　大きなお城があって{7f02}そこには　竜の神が住んでいると。{7f0b}{0000},0x00DE
"",もし本当に　天空の城に{7f02}竜の神さまがいるんだったら{7f02}誰かが　頼みに行けばいいのよ。{7f0a}{7f02}地獄の帝王や　魔物どもを{7f02}退治してくださいってね。{7f0b}{0000},0x010D
"",この国には　古くから{7f02}天空の城にまつわる{7f02}言い伝えがござってな。{7f0a}{7f02}天空のよろい　かぶと　盾{7f02}そして　天空の剣を得た者は{7f02}天空にのぼれるという。{7f0a}{7f02}しかし　残念ながら{7f02}王家に代々伝わってきたのは{7f02}天空のかぶと　だけなのだよ。{7f0b}{0000},0x0147
"",「翼人伝」と　書かれた本がある。{7f02}{7f4b}は　手にとって読んだ。{7f0a}{7f02}砂浜に流れついた男は　背中に{7f02}ひどいケガを負っていた。{7f02}私は男を　連れ帰った。{7f0a}{7f02}手当てのかいがあり　男は命を{7f02}とりとめ　背中のケガも回復した。{7f0a}{7f02}ある晩のことだ。{7f02}なんと　私の目の前で　男の背中の{7f02}きずあとから　白い翼がはえた！{7f0a}{7f02}男は　空に浮かぶ城から　来たという。{7f02}そして　白く輝く　かぶとを残し{7f02}夜空へ羽ばたいていった。{7f0b}{0000},0x01A3
"",{7f04}{7f22}「あの人　寝ているのかと{7f02}思ったら　ずいぶん　はっきりと{7f02}しゃべりましたね。{0000},0x0247
"",{7f04}{7f26}「いつも笑顔でいれば{7f02}運を呼びこんで　カジノで{7f02}勝ちやすくなるって事かしら？{0000},0x0268
"",{7f04}{7f25}「わたしが笑顔を　心がければ{7f02}姉さんも　少しずつ　まっとうな人に{7f02}近づいてくれるでしょうか……。{0000},0x028D
"",{7f04}{7f21}「ありがとう　{7f22}……。{0000},0x02B7
"",{7f04}{7f22}「姫さま　お気をたしかに。{7f02}お父上や城の者は　きっと　どこかで{7f02}生きているはずです。{0000},0x02C2
"",{7f04}{7f21}「{7f23}　わたしは大丈夫よ。{7f02}お父さまや　みんなは　絶対に{7f02}生きてるって信じてるもの。{0000},0x02E6
"",{7f04}{7f23}「間が悪いのう。{7f02}姫さまの前で　サントハイムのことを{7f02}くちにするとは……。{0000},0x030B
"",{7f04}{7f21}「サントハイムのみんなは{7f02}わたしが　助け出してみせるわ。{7f02}絶対　あきらめないんだからっ！{0000},0x032C
"",{7f04}{7f26}「世の中　うまくいかないわね。{7f02}天空の武器も防具も　ぜーんぶ{7f02}スタンシアラにあれば　楽なのにさ。{0000},0x0355
"",{7f04}{7f21}「誰かに　先をこされると{7f02}いけない。はやく　王さまを笑わせて{7f02}かぶとを手に入れましょう！{0000},0x0380
"",{7f04}{7f24}「おおっ　天空のかぶとは{7f02}この国にあったんですな。{7f0a}{7f02}{7f04}{7f24}「これは　何がなんでも{7f02}王さまを笑わせて　天空のかぶとを{7f02}手に入れなければ！{0000},0x03A6
