"",ぐうぐう……。{7f0b}{0000},0x0018
"",スライムを　見たって？{7f02}すらあ　いぬだろう？{7f02}く　くるしい……。{7f0b}{0000},0x001F
"",{7f2e}が　仲間から去っていった！{7f0b}{0000},0x003A
"",{7f04}{7f2e}「さて！{7f02}私の役目も終わったようですね。{7f0a}{7f02}{7f04}{7f2e}「私は私で　気ままな旅を{7f02}続けることにいたしましょう。{7f0a}{7f02}{7f04}{7f2e}「さようなら　{7f33}。{7f02}あなたがたの　かつやくを{7f02}期待していますよ。ではっ！{7f0b}{0000},0x0048
"",以前　立ち寄った町に{7f02}とても面白い芸人が　来てたんだ。{7f02}{7f2e}っていったかな。{7f0a}{7f02}{7f2e}なら　きっと王さまを{7f02}笑わせられるだろうに……。{7f02}今　どこにいるんだろ？{7f0b}{0000},0x0092
"",この　はがねの剣には　歯がねえ！{7f02}どうだ　おもしろいだろう？{7f0b}{0000},0x00D1
"",魔物どもが現れてからは{7f02}この国の人々の気持ちも{7f02}暗く　沈んでしまった。{7f0a}{7f02}だから　王さまは{7f02}自分が笑い者になるのを覚悟で{7f02}あのような　おふれを出したのだ。{7f0b}{0000},0x00EA
"",{7f04}{7f21}「今の　苦しすぎて　わたし{7f02}しゃれだって　気づかなかったわ。{7f02}なんとなく　くやしい……。{0000},0x012B
"",{7f04}{7f24}「うぷぷぷ。{7f02}すらあ　いぬだろう　か。{7f0a}{7f02}{7f04}{7f24}「しゃれの　おもしろさで{7f02}きそわせたら　スタンシアラの衛兵は{7f02}世界一かもしれませんね。{0000},0x014F
"",{7f04}{7f2e}「しろうとであっても{7f02}スライムという　むずかしいものを{7f02}ネタにするとは　見上げたものです。{7f0a}{7f02}{7f04}{7f2e}「向上心さえ　忘れなければ　彼も{7f02}いつかステージに　立てるでしょう！{0000},0x0189
"",{7f04}{7f24}「旅のとちゅう　{7f2e}さんの{7f02}だじゃれを　ただで聞けて{7f02}なんだか　得した気分でしたな。{0000},0x01D1
"",{7f04}{7f21}「{7f2e}なら　大丈夫よ！{7f02}けっこう強かったし　旅のとちゅうで{7f02}魔物にやられたりしないわ。{0000},0x01F3
"",{7f04}{7f20}「別れた今なら　わかりますぞ。{7f02}{7f2e}どのは　だじゃれを言うだけの{7f02}男ではなかった　ということが。{0000},0x0219
"",{7f04}{7f26}「これで　お別れだけど{7f02}{7f2e}とは　いつか　どこかの町の{7f02}ステージで　会えそうな気がするわ。{0000},0x023F
"",{7f04}{7f23}「わしより若いが　{7f2e}は{7f02}なかなか　見上げたやつじゃぞい！{0000},0x0264
"",{7f04}{7f2e}「そう　この私なら王さまを{7f02}笑わせることができます。{7f02}私は　自信まんまんです。{0000},0x027E
"",{7f04}{7f25}「わたしが　タロットで{7f02}{7f2e}の居場所を　占いましょう。{7f0a}{7f02}{7f25}は　占いを始めた……。{7f0a}{7f02}{7f04}{7f25}「うーん　ちょっと今日は{7f02}調子が悪いようです。{0000},0x029F
"",{7f04}{7f24}「お笑い芸人　{7f2e}ですか。{7f02}うわさになるほど　おもしろい芸人なら{7f02}いち度　会ったら忘れないはずです。{0000},0x02DA
"",{7f04}{7f20}「{7f2e}　{7f2e}……？{7f02}はて　聞いたことがあるような{7f02}ないような……はて？{0000},0x0304
"",{7f04}{7f24}「やはり　{7f2e}さんがいなくては{7f02}われわれが　いくら挑戦したって{7f02}王さまは　笑わないと思いますよ。{0000},0x031F
"",{7f04}{7f26}「あたしたちだけで行っても{7f02}王さまを　笑わせることは{7f02}できないんじゃないの？{7f0a}{7f02}{7f04}{7f26}「やっぱ　ここは{7f2e}に{7f02}たのむべきだわ！{0000},0x0345
"",{7f04}{7f21}「ここまで来たら　{7f2e}の{7f02}チカラを信じるしかないわね。{0000},0x0378
"",{7f04}{7f2e}「おお！　そうだ　ひらめいたぞ！{7f02}ただ　シャレを言うだけでは{7f02}王さまは　けっして笑わないでしょう。{7f0a}{7f02}{7f04}{7f2e}「王さまは　なぜ笑いたいのか？{7f02}そこに王さまを　笑わせるための{7f02}答があるはずなのです。{0000},0x0390
"",{7f04}{7f2e}「はがねの剣に　歯がねえ　ね。{7f02}これだから　しろうとさんは困ります。{7f02}シャレの何たるかを　わかってない。{0000},0x03DD
