"",スタンシアラ王家の紋章が{7f02}彫られている。{7f0b}{0000},0x0018
"",王さまは　すでに　おやすみです。{7f0b}{0000},0x002D
"",{7f04}王「人々が　笑いあえる日を{7f02}心から待っておるぞ！{7f0a}{7f02}{7f04}王「その日が　おとずれるまで{7f02}わしは今しばらく　おふれを{7f02}出し続けることにしよう。{7f0b}{0000},0x003B
"",{7f04}王「うーむ……。{7f0a}{7f02}{7f04}王「{7f2e}とやら！{7f02}よくぞ　わしの心を見抜いた！{7f0a}{7f02}{7f04}王「わしが　このおふれを出したのも{7f02}この国を　明るくせんがため！{7f0a}{7f02}{7f04}王「おふれを出し　芸人たちを呼ぶことで{7f02}少しでも　この国を{7f02}明るくしようと思ったのだが……。{7f0a}{7f02}{7f04}王「希望を失った人々の{7f02}明るさを取り戻すことはできぬ。{7f0a}{7f02}{7f04}王「あい　わかった！{7f02}その希望を　そなたたちにたくそう！{7f0a}{7f02}{7f04}王「さあ　この天空のかぶとを{7f02}受け取るがよい！{7f0b}{0000},0x0073
"",{7f04}{7f2e}「ですが　私を連れてきた{7f02}この者たちなら　きっと王さまを{7f02}笑わせることができるはず！{7f0a}{7f02}{7f04}{7f2e}「どうか　この者たちに{7f02}天空のかぶとを　お与えください！{7f0a}{7f02}{7f04}{7f2e}「この者たちなら　世界を救い{7f02}人々が　心から笑える日を{7f02}取り戻してくれることでしょう。{7f0a}{0000},0x0116
"",{7f04}王「…………？{7f0a}{0000},0x017A
"",{7f04}{7f2e}「お言葉ですが　王さま。{7f02}残念ながら　私には王さまを{7f02}笑わせることなど　できません。{7f0a}{0000},0x0182
"",{7f04}王「よくぞ来た！{7f02}ほほう　{7f2e}と申すのか。{7f02}わしのおふれは知っておろう！{7f0a}{7f02}{7f04}王「さあ早く　わしを笑わせてくれい！{7f0a}{7f02}{7f04}王「どうした？　早くせぬか！{7f0a}{0000},0x01A6
"",{7f04}王「かーっ！{7f0a}{7f02}{7f04}王「順番ぐらい守りなさい。{7f0b}{0000},0x01E2
"",{7f04}王「つまらぬ……。{7f02}出直してまいれい！{7f0b}{0000},0x01F7
"",{7f4c}は　思いつく限りの{7f02}ギャグを言った。{7f0a}{7f02}しかし　王さまには　うけなかった。{7f0a}{0000},0x0209
"",{7f04}王「よくぞ来た！{7f02}ほほう　{7f4c}と申すのか。{7f02}わしのおふれは知っておろう。{7f0a}{7f02}{7f04}王「さあ早く　わしを笑わせてくれい！{7f0a}{7f02}{7f04}王「どうした？　早くせぬか。{7f0a}{0000},0x0228
"",お父さまには　お父さまの{7f02}お考えがあると思います。{7f02}でも…………。{7f0b}{0000},0x0264
"",あんな　おふれを出して　王さまは{7f02}なにを考えているのでしょう。{7f0a}{7f02}お姫さまが　心配なさるのも{7f02}無理ありませんわ。{7f0b}{0000},0x0280
"",魔物に　まあ　物を盗られたの！？{7f0a}{7f02}キ～　くやしい！{7f02}これ　絶対うけると思ったのに！{7f0b}{0000},0x02AE
"",ちょっと　じゃましないでよ！{7f02}今　私の番なんだからっ。{7f0b}{0000},0x02D3
"",全然　笑ってもらえなかった。{7f02}えーい　出直しだー！{7f0b}{0000},0x02EA
"",かぶとを　かぶっとる！{7f02}ちょっと弱いかなあ。{7f02}ぶつぶつ……。{7f0b}{0000},0x0300
"",木と牛の間に　祈とう師がいる！{7f0a}{7f02}これで王さま　笑いかけたんだよ。{7f02}おしかったなー　次の考えよっと。{7f0b}{0000},0x031A
"",王さまの前で　発表するまで{7f02}ネタは秘密なのね。{7f02}盗まれたら　たいへんだもん。{7f0b}{0000},0x0344
"",王さまを　笑わせることができれば{7f02}どんなほうびも　思いのまま！{7f02}がんばりたまえ。{7f0b}{0000},0x0366
"",{7f04}{7f26}「あんな　おふれを出したのは{7f02}たんに王さまが　おもいっきり{7f02}笑いたかったからでしょ。{0000},0x0387
"",{7f04}{7f23}「自分が笑いたいがために{7f02}おふれを出したのなら　わしは{7f02}この国の王を　好きになれませんぞ。{0000},0x03A8
"",{7f04}{7f20}「王には王の　お考えがあるのだ。{7f02}下々のものが　ああだ　こうだと{7f02}クチを　はさむべきではないのだ。{0000},0x03CE
"",{7f04}{7f24}「王さまは　私たちとは{7f02}ちがうやり方で　世界に平和を{7f02}もたらそうと　しているんでしょうな。{0000},0x03F8
"",{7f04}{7f21}「わたしの　お父さまも{7f02}立派なひとだけど　この国の王も{7f02}同じくらい　立派だわ。{0000},0x041F
"",{7f04}{7f23}「国民のために　ふうがわりな{7f02}おふれを出しつづける　国王とな。{7f02}この国の民は　しあわせ者じゃよ。{0000},0x0442
"",{7f04}{7f20}「王は　笑い者になる覚悟で{7f02}今後も　人々の笑顔のために{7f02}おふれを　出し続けるのですな。{7f0a}{7f02}{7f04}{7f20}「ならば　われらは人々の{7f02}不安と恐怖を　とりのぞくために{7f02}全力を　つくしましょうぞ！{0000},0x046B
"",{7f04}{7f2e}「木と牛の間に　祈とう師！{7f02}すごい　あの少女は天才です！{7f02}ぜひとも　弟子にしたい。{0000},0x04B8
"",{7f04}{7f26}「たのむわよ　{7f2e}。{7f02}あなたの　くち先に　みんなの期待が{7f02}かかってるんだからね。{0000},0x04DF
"",{7f04}{7f20}「一緒にいる　われわれも{7f02}{7f2e}どのの　ギャグを聞いて{7f02}王の前で大笑いしそうですな。{0000},0x0501
"",{7f04}{7f22}「ううむ　{7f2e}さんは{7f02}一体どんな芸で　スタンシアラ王を{7f02}笑わせるんでしょうか？{0000},0x0525
"",{7f04}{7f2e}「大丈夫ですって。{7f02}この私が　かならずや　王さまの{7f02}会心の笑顔を　お見せしましょう。{0000},0x054A
