"",いつか人々が　本当に{7f02}心から笑いあえる日が来れば{7f02}いいのですが……。{7f0b}{0000},0x0018
"",できることなら{7f02}天空の城に　行ってみたいものです。{7f0a}{7f02}しかし　天空の武器　防具の{7f02}すべてを集めるなど　私には{7f02}とても　できそうもありません。{7f0a}{7f02}うわさでは　その昔{7f02}天空の盾が　バトランドに{7f02}あったそうですが……。{7f0b}{0000},0x0034
"",この城に　魔物どもが{7f02}入ってこぬよう　見張っている。{7f0a}{7f02}昔にくらべ　魔物どもも{7f02}かしこくなってきたので{7f02}われわれも油断できぬのだ。{7f0b}{0000},0x0085
"",{7f04}{7f24}「姫が　人々の笑顔を{7f02}のぞんだから　王さまは　あのような{7f02}おふれを出したのでしょうな。{0000},0x00B9
"",{7f04}{7f23}「かたときも民のことを{7f02}忘れぬとは　この国の姫は{7f02}じつに　おやさしい方ですな。{0000},0x00DE
"",{7f04}{7f26}「おもしろい事さえあれば{7f02}あたしは　いつでも　心から笑うわ。{7f02}たとえ　落ち込んでいてもね。{0000},0x00FF
"",{7f04}{7f26}「なんか　めんどくさい話ね。{7f02}天空の武器　防具を　すべて集めないと{7f02}天空の城に行けないなんてさ……。{0000},0x0124
"",{7f04}{7f20}「天空の盾ですと！？{7f02}そういえば　昔　バトランド王から{7f02}そんな話を聞いたような……？{0000},0x014D
