"",黄金にかがやく　ドラゴンの像だ。{7f0b}{0000},0x0018
"",あちゃ～。{7f02}外で　たばこ吸ってたら{7f02}城門を　閉められちまったよ。{7f0a}{7f02}こりゃ　今晩は　ここで{7f02}夜明かしするしかないな。{7f02}……はあ　ついてねえや。{7f0b}{0000},0x002A
"",夜は　不用心ゆえ{7f02}お城を　閉めてしまいます。{7f0a}{7f02}どうか　また　明日の朝{7f02}おこしくださいまし。{7f0b}{0000},0x0065
"",あやしい男を　見なかったかって？{7f02}そういえば　詩人ふうのキザなヤツが{7f02}南の方へ　走っていったな。{7f0b}{0000},0x008F
"",お城の中は　禁煙なので{7f02}こうして　外に出て吸ってるんだ。{7f0a}{7f02}ホントは　たばこが　やめられたら{7f02}いいんだけどね……。{7f0b}{0000},0x00BA
"",ふー。{7f02}たばこが　おいしい……。{7f0a}{0000},0x00EB
"",ここは　女だけが住むお城。{7f02}わが女王さまは{7f02}とても　美しいお方ですわ。{7f0b}{0000},0x00F9
"",ガーデンブルグのお城に{7f02}ようこそ　いらっしゃいました。{7f0a}{7f02}外から　お客さまが　来るなんて{7f02}何年ぶりのことでしょう。{7f0b}{0000},0x0117
"",{7f04}{7f26}「夜になったら{7f02}入れないなんて　不便な国ね。{7f0a}{7f02}{7f04}{7f26}「今　あたしの中の{7f02}ガーデンブルグのポイントが{7f02}確実に下がったわ。{0000},0x0148
"",{7f04}{7f20}「さすがは　女性だけの城。{7f02}こういう所は　きびしいですな。{0000},0x017C
"",{7f04}{7f22}「それが　決まりなら{7f02}仕方ありませんね。{7f1f}さん{7f02}朝になったら　来るとしましょう。{0000},0x0194
"",{7f04}{7f25}「もっと　閉鎖的な国かと{7f02}思っていましたが{7f02}意外に　歓迎されましたね。{7f0a}{7f02}{7f04}{7f25}「まあ　ドロボウのうたがいを{7f02}受けたりしましたけど　あれは{7f02}こちらも　軽率だったのですし……。{0000},0x01B8
"",{7f04}{7f24}「道がふさがれたせいとは言え{7f02}何年も　外の世界との交流を{7f02}絶ってきたとは　おどろきです。{0000},0x0201
"",{7f04}{7f23}「われらが　マグマの杖で{7f02}道を作らねば　外からの客など{7f02}二度と　なかったかもしれませんぞ。{7f0a}{7f02}{7f04}{7f23}「そう考えると　もっと{7f02}感謝されても　いい気がしますな。{0000},0x0229
"",{7f04}{7f21}「どうやら　わたしたちの後に{7f02}この国を　訪れた人は{7f02}いないみたいね。{7f0a}{7f02}{7f04}{7f21}「道が　つながったって話が{7f02}まだ　広まってないのかしら？{0000},0x026B
"",{7f04}{7f2f}「ここは　女の人だけの{7f02}お城なんですか？　そういえば{7f02}女の人が　多いですねえ。{7f0a}{7f02}{7f04}{7f2f}「言われなきゃ{7f02}ぜんぜん　気づかなかったです。{0000},0x02A1
"",{7f04}{7f2e}「ガーデンブルグ……{7f02}ガーデンブルグ……。{7f0a}{7f02}{7f04}{7f2e}「あ～っ！{7f02}いいギャグが　出んぶるぐ！{0000},0x02D9
"",{7f04}{7f26}「かっこいい城ね。{7f02}やっぱり　女のセンスで{7f02}作られた建物は　ちがうわ。{0000},0x0302
"",{7f04}{7f24}「この国は　いいところですが{7f02}牢獄に　つながれるのだけは{7f02}もう　カンベン願いたいですな。{0000},0x0321
"",{7f04}{7f23}「このトシになりますと{7f02}女だけの城と聞いても{7f02}別に　うれしくもありませんな。{7f0a}{7f02}{7f04}{7f23}「むしろ　ぬれぎぬを着せられた{7f02}イヤ～な記憶ばかりが{7f02}思い出されますわい。{0000},0x0347
"",{7f04}{7f22}「さすがは　女性だけの城。{7f02}手入れの　いきとどいた{7f02}美しい庭園ですね。{0000},0x038C
"",{7f04}{7f21}「ガーデンブルグって{7f02}思ってた通り　ステキな国だったわ。{7f0a}{7f02}{7f04}{7f21}「そりゃ　ドロボウと{7f02}まちがわれたりもしたけど{7f02}それも　いい思い出よね。{0000},0x03AA
"",{7f04}{7f20}「城の守りは　固いままに{7f02}優美さをも　失わないとは{7f02}なかなか　いい城ですな。{0000},0x03E7
"",{7f04}{7f25}「この国で　学んだのは{7f02}むやみに　他人の家のタンスを{7f02}のぞかないということ……。{7f0a}{7f02}{7f04}{7f25}「……なんて言っても{7f02}{7f1f}さんが　そう簡単に{7f02}やめるワケないですよね。{7f0a}{7f02}{7f04}{7f25}「いいです。{7f02}もう　あきらめてますから。{0000},0x0407
"",{7f04}{7f25}「やっぱり！{7f02}わたしの占いでも　犯人は{7f02}南に逃げたと　出ています。{0000},0x045D
"",{7f04}{7f24}「しかし　冷静に考えたら{7f02}この城から出るには　南に{7f02}向かうしかないんですよね　実際。{0000},0x047B
"",{7f04}{7f23}「まったく　キザな男には{7f02}ロクなのがいませんな。{0000},0x04A0
"",{7f04}{7f20}「おお　そやつこそ{7f02}あの真犯人に　ちがいない！{7f02}{7f1f}どの　南に行きますぞ。{0000},0x04B6
"",{7f04}{7f26}「夜になったら{7f02}入れないなんて　不便な国ね。{7f0a}{7f02}{7f04}{7f26}「今　あたしの中の{7f02}ガーデンブルグのポイントが{7f02}確実に下がったわ。{0000},0x04D7
"",{7f04}{7f20}「さすがは　女性だけの城。{7f02}こういう所は　きびしいですな。{0000},0x050A
"",{7f04}{7f22}「それが　決まりなら{7f02}仕方ありませんね。{7f1f}さん{7f02}朝になったら　来るとしましょう。{0000},0x0523
"",{7f04}{7f25}「もっと　閉鎖的な国かと{7f02}思っていましたが{7f02}意外に　歓迎されましたね。{0000},0x0547
"",{7f04}{7f24}「道がふさがれたせいとは言え{7f02}何年も　外の世界との交流を{7f02}絶ってきたとは　おどろきです。{0000},0x0566
"",{7f04}{7f23}「われらが　マグマの杖で{7f02}道を作らねば　外からの客など{7f02}二度と　なかったかもしれませんぞ。{7f0a}{7f02}{7f04}{7f23}「そう考えると　もっと{7f02}感謝されても　いい気がしますな。{0000},0x058F
"",{7f04}{7f21}「自分たちで　道を{7f02}開いてきたんだから　当り前だけど{7f02}数年来の客だなんて　光栄ね。{0000},0x05D0
"",{7f04}{7f2e}「ガーデンブルグ……{7f02}ガーデンブルグ……。{7f0a}{7f02}{7f04}{7f2e}「あ～っ！{7f02}いいギャグが　出んぶるぐ！{0000},0x05F8
"",{7f04}{7f26}「まったく　むかつくわね！{7f02}どうして　あたしたちが{7f02}十字架なんか　盗むのよ！{7f0a}{7f02}{7f04}{7f26}「もう　こうなったら{7f02}この怒り　真犯人にぶつけなきゃ{7f02}気がすまないわ！{0000},0x0621
"",{7f04}{7f24}「いや～　びっくりしました。{7f02}まさか　ドロボウのぬれぎぬを{7f02}着せられるとは……。{7f0a}{7f02}{7f04}{7f24}「本当に　油断のならない{7f02}世の中ですよ。{0000},0x0663
"",{7f04}{7f23}「まったく　とんでもない！{7f02}サントハイムの姫がいる一行が{7f02}盗っ人あつかいを　受けるとは！{7f0a}{7f02}{7f04}{7f23}「世が世なら{7f02}これは　国際問題ですぞ。{0000},0x069D
"",{7f04}{7f22}「神は　いつでも{7f02}われらを　見ておいでです。{7f0a}{7f02}{7f04}{7f22}「心配しなくとも{7f02}われわれへの　うたがいは{7f02}遠からず　解けるでしょう。{0000},0x06D9
"",{7f04}{7f21}「ついてなかったわね。{7f02}でも　女王さまは　私たちのこと{7f02}信じてくれたんだわ。{7f0a}{7f02}{7f04}{7f21}「その信頼に　応えるためにも{7f02}真犯人を　見つけださなくちゃ！{0000},0x070E
"",{7f04}{7f20}「かくなる上は　一刻も早く{7f02}真犯人を　つかまえねば。{7f02}さあ　行きますぞ！{0000},0x074E
"",{7f04}{7f25}「わたしの占いでは{7f02}犯人は　南に逃げたと{7f02}出ています。{7f0a}{7f02}{7f04}{7f25}「さあ　{7f1f}さん。{7f02}南に　向かいましょう。{0000},0x0771
"",{7f04}{7f2e}「ガーデンブルグ……{7f02}ガーデンブルグ……。{7f0a}{7f02}{7f04}{7f2e}「あ～っ！{7f02}いいギャグが　出んぶるぐ！{0000},0x079C
"",{7f04}{7f25}「あら？{7f02}今　わたしたちのことを　占ったら{7f02}女難の兆しが　出ました。{7f0a}{7f02}{7f04}{7f25}「この国で　女難なんて{7f02}悪い予感が　ビンビンしますね。{0000},0x07C5
"",{7f04}{7f26}「かっこいい城ね。{7f02}やっぱり　女のセンスで{7f02}作られた建物は　ちがうわ。{0000},0x07FC
"",{7f04}{7f24}「ここが　女性だけの城ですか。{7f02}う～ん。なんだか{7f02}キンチョーしてしまいますね。{0000},0x081B
"",{7f04}{7f23}「このトシになりますと{7f02}女だけの城と聞いても{7f02}別に　うれしくもありませんな。{7f0a}{7f02}{7f04}{7f23}「どちらかというと　何か{7f02}災難に　まきこまれやせんかと{7f02}不安にすらなりますわい。{0000},0x083D
"",{7f04}{7f22}「さすがは　女性だけの城。{7f02}手入れの　いきとどいた{7f02}美しい庭園ですね。{0000},0x0882
"",{7f04}{7f21}「本当に　城門の兵士が{7f02}女の人だわ。{7f02}ここが　ガーデンブルグなのね！{0000},0x08A0
"",{7f04}{7f20}「城の守りは　固いままに{7f02}優美さをも　失わないとは{7f02}なかなか　いい城ですな。{0000},0x08C0
