"",え？　なんだって？{7f02}本当の犯人を　つかまえた？{7f0a}{7f02}それは良かったわね。{7f02}これからも　がんばりなさいよ！{7f0b}{0000},0x0018
"",ブロンズの十字架を{7f02}女王さまから{7f02}返していただきました。{7f0a}{7f02}しかし　一時でも　あなたたちを{7f02}うたがってしまって……。{7f0a}{7f02}まだまだ　わたしには{7f02}人に　教えを説く資格など{7f02}ありませんわね……。{7f0b}{0000},0x0043
"",お城の中で{7f02}盗みをはたらくとは　ふとどきな！{7f0a}{7f02}もはや　逃げられはせぬ！{7f02}さあ　来るのだっ！{7f0b}{0000},0x0093
"",……ま　まさか{7f02}わたしの　ブロンズの十字架を！？{7f0a}{7f02}誰か！　どろぼうよ！{7f02}誰か来てぇ～！{7f0b}{0000},0x00BC
"",あなたたち！{7f02}ここで　何をしているの？{7f0a}{0000},0x00E6
"",やあ　こんにちは！{7f02}タンスの中を　調べてごらんなさい。{7f02}面白いものが　入っていますよ。{7f0b}{0000},0x00F6
"",あん？　なんだって？{7f02}どろぼうが　かくれそうなところ？{7f0a}{7f02}そうね　あたしだったら{7f02}洞くつにでも　かくれるかねっ。{7f0b}{0000},0x011D
"",あん？　なんだって？{7f02}あたしゃ　今　忙しいんだよ。{7f0b}{0000},0x014C
"",わたしは　どんな男であれ{7f02}やはり　強い男が好きだ。{7f0a}{7f02}このわたしを{7f02}うち負かしてくれるほど{7f02}強い男が……。ぽっ。{7f0b}{0000},0x0161
"",地獄の帝王って　男よね。{7f02}だったら　女の子には{7f02}甘いんじゃないかなあ。{7f0b}{0000},0x0191
"",いよいよ　地獄の帝王が{7f02}復活するそうよ！{7f0a}{7f02}その帝王を倒すはずの{7f02}伝説の勇者は{7f02}いったい　何やってるのかしら？{7f0b}{0000},0x01B0
"",あら？　旅の人ね！{7f02}ということは　ふさがれていた{7f02}道も　元にもどったわけ？{7f0a}{7f02}ああ　良かった！{7f02}あそこが　ふさがれて以来{7f02}不便で　しょうがなかったのよ。{7f0b}{0000},0x01E1
"",女性用の　武器や防具を{7f02}仕入れさせてもらっています。{7f0a}{7f02}でも　火山の爆発で{7f02}帰れなくなってしまって……。{7f0a}{7f02}え？　道が通じた？{7f02}うーむ　うれしいような{7f02}残念なような……。{7f0b}{0000},0x0222
"",あの　ブロンズの十字架は{7f02}私の宝物です。{7f02}どうか　返してください！{7f0b}{0000},0x026E
"",わたしは　すべてを神にささげ{7f02}人々に教えを　説いてきました。{7f0a}{7f02}それを　女王さまに認められ{7f02}ブロンズの十字架を{7f02}いただいたのです。{7f0a}{7f02}命よりも大切な　宝物ですわ！{7f0b}{0000},0x028D
"",この城に住んでいる男は{7f02}わしだけじゃ。{7f0a}{7f02}ふほっ　ふほっ{7f02}うらやましいじゃろ？{7f02}さて……。{7f0a}{0000},0x02D6
"",女だけの城だと思って{7f02}あまく　見ないことだ。{7f0a}{7f02}守りをかためる　われら戦士は{7f02}男などに　負けはせぬぞ！{7f0b}{0000},0x02FE
"",慈愛の笑みをうかべた　女神像だ。{7f0b}{0000},0x032B
"",{7f04}{7f22}「姫さまも　やはり{7f02}強い男が　好きなのでしょうか？{7f0a}{7f02}{7f04}{7f22}「しかし　私には{7f02}姫さまを　うち負かすなど{7f02}とても　できません。{7f0a}{7f02}{7f04}{7f22}「……いっそのこと{7f02}ザキでも　使えれば……ブツブツ。{0000},0x033E
"",{7f04}{7f21}「そうね。{7f02}わたしも　どっちかと言うと{7f02}強い男の人が　好みかな？{7f0a}{7f02}{7f04}{7f21}「でも　わたしより{7f02}強かったりしたら　くやしくて{7f02}勝負いどんじゃうかもね。{0000},0x038A
"",{7f04}{7f20}「おお　こういうセリフを{7f02}待っていました！　この私の強さを{7f02}彼女に　見せてやらねば！{0000},0x03C7
"",{7f04}{7f23}「しかし　考えてみると{7f02}地獄の帝王復活のウワサは{7f02}どこから　流れているのでしょうな？{0000},0x03ED
"",{7f04}{7f26}「ねえ　{7f1f}。{7f02}目の前にいるのが　その勇者だって{7f02}言ってやれば　いいじゃない。{7f0a}{7f02}{7f04}{7f26}「きっと　あのコ{7f02}びっくりするわよ。{0000},0x0415
"",{7f04}{7f22}「いくら　伝説の勇者でも{7f02}まだ　復活もしてないものを{7f02}倒すのは　ムリというもの。{7f0a}{7f02}{7f04}{7f22}「あせらずに　できることから{7f02}やっていきましょう。{0000},0x0448
"",{7f04}{7f20}「しかし　言った所で{7f02}下手すれば　早く　地獄の帝王を{7f02}倒せと　責められかねませんな。{7f0a}{7f02}{7f04}{7f20}「ヤブをつついて{7f02}ヘビを出すことも　ありますまい。{7f02}ここは　だまっておきましょう。{0000},0x0480
"",{7f04}{7f20}「まあ　{7f1f}どのが{7f02}そう言うなら　ふせておきましょう。{7f02}ちょっと　くやしい気もしますが。{0000},0x04CC
"",{7f04}{7f20}「伝説の勇者　ここにありと{7f02}言っては　ダメですかな？{0000},0x04F0
"",{7f04}{7f25}「そう言いながら　一向に{7f02}帰る気配が　ありませんね。{7f0a}{7f02}{7f04}{7f25}「いつまで　このお城に{7f02}とどまってる気なんでしょうか？{0000},0x0508
"",{7f04}{7f26}「女性用の　武器や防具を{7f02}専門にあつかってる　商人か……。{7f0a}{7f02}{7f04}{7f26}「ゴマすっとけば{7f02}安く　売ってくれないかしら？{0000},0x0539
"",{7f04}{7f24}「なるほど　この国で{7f02}商売するには　女性用の品が{7f02}欠かせませんね。{7f0a}{7f02}{7f04}{7f24}「じつに　参考になる話です。{7f02}メモしておきましょう。{0000},0x056E
"",{7f04}{7f20}「何年も　この国から{7f02}帰れなかったとは　気の毒なような{7f02}うらやましいような……。{0000},0x05A7
"",{7f04}{7f26}「まったく　おかげで{7f02}ロクでもない目にあったわよ。{7f0a}{7f02}{7f04}{7f26}「……ま　あたしが{7f02}あのシスターでも　あたしたちを{7f02}うたがったでしょうけどね。{0000},0x05C9
"",{7f04}{7f21}「なんだか　落ち込んじゃって{7f02}かわいそうね。まちがいなんて{7f02}誰にだって　あるものなのに。{0000},0x0602
"",{7f04}{7f22}「いかに　立派なシスターでも{7f02}人の身である以上{7f02}あやまちを　犯すものです。{7f0a}{7f02}{7f04}{7f22}「しかし　本当に大切なのは{7f02}犯した　あやまちを{7f02}くり返さぬことではないでしょうか？{0000},0x0628
"",{7f04}{7f20}「まあ　こちらが{7f02}うたがれるような行動を{7f02}していたのは　事実ですからな。{7f0a}{7f02}{7f04}{7f20}「犯人と　まちがえられたのも{7f02}仕方のないこと。あのシスターを{7f02}恨むことは　できませんぞ。{0000},0x0670
"",{7f04}{7f26}「でも　いくら強くても{7f02}筋肉ムキムキなのは{7f02}ちょっと　どうかと思うわよ。{0000},0x06B7
"",{7f04}{7f23}「姫さまには　あまり{7f02}聞かせたくない意見ですな。{7f0a}{7f02}{7f04}{7f23}「やれやれ。{7f02}まったく　やっかいな国に{7f02}来てしまったものです。{0000},0x06D8
"",{7f04}{7f22}「姫さまが　特別なんだと{7f02}思っていましたが　どうやら{7f02}私の　思いちがいだったようです。{0000},0x0708
"",{7f04}{7f21}「あの人の　言う通りだわ。{7f02}女だからって　戦いが{7f02}苦手なワケじゃないのよ！{0000},0x072C
"",{7f04}{7f20}「私とて　女戦士に{7f02}ひけを取る気は　ありませんぞ。{7f0a}{7f02}{7f04}{7f20}「まあ　実際{7f02}剣を交えれば　わかることですが{7f02}そんなワケには　いきませぬか。{0000},0x074E
"",{7f04}{7f2f}「ここは　女の人だけの{7f02}お城なんですか？　そういえば{7f02}女の人が　多いですねえ。{7f0a}{7f02}{7f04}{7f2f}「言われなきゃ{7f02}ぜんぜん　気づかなかったです。{0000},0x078A
"",{7f04}{7f2e}「ガーデンブルグ……{7f02}ガーデンブルグ……。{7f0a}{7f02}{7f04}{7f2e}「あ～っ！{7f02}いいギャグが　出んぶるぐ！{0000},0x07C2
"",{7f04}{7f26}「な～んだ。{7f02}けっこう　男もいるんじゃない。{7f0a}{7f02}{7f04}{7f26}「そりゃそうか。{7f02}やっぱり　女しかいないんじゃ{7f02}つまんないもんね。{0000},0x07EE
"",{7f04}{7f24}「この国は　いいところですが{7f02}牢獄に　つながれるのだけは{7f02}もう　カンベン願いたいですな。{0000},0x081D
"",{7f04}{7f23}「このトシになりますと{7f02}女だけの城と聞いても{7f02}別に　うれしくもありませんな。{7f0a}{7f02}{7f04}{7f23}「むしろ　ぬれぎぬを着せられた{7f02}イヤ～な記憶ばかりが{7f02}思い出されますわい。{0000},0x0844
"",{7f04}{7f22}「このような山奥に{7f02}よく　こんな立派なお城を{7f02}きずいたものですね。{7f0a}{7f02}{7f04}{7f22}「女性パワー　恐るべしです。{0000},0x088B
"",{7f04}{7f21}「ガーデンブルグって{7f02}思ってた通り　ステキな国だったわ。{7f0a}{7f02}{7f04}{7f21}「そりゃ　ドロボウと{7f02}間違われたりもしたけど{7f02}それも　いい思い出よね。{0000},0x08B9
"",{7f04}{7f20}「女の城か…ここにいると{7f02}なんだか　空気の色まで{7f02}ちがって見えますな。{0000},0x08F7
"",{7f04}{7f25}「この国で　学んだのは{7f02}むやみに　他人の家のタンスを{7f02}のぞかないということ……。{7f0a}{7f02}{7f04}{7f25}「……なんて言っても{7f02}{7f1f}さんが　そう簡単に{7f02}やめるワケないですよね。{7f0a}{7f02}{7f04}{7f25}「いいです。{7f02}もう　あきらめてますから。{0000},0x0915
"",{7f04}{7f2e}「ガーデンブルグ……{7f02}ガーデンブルグ……。{7f0a}{7f02}{7f04}{7f2e}「あ～っ！{7f02}いいギャグが　出んぶるぐ！{0000},0x096B
"",{7f04}{7f25}「思えば　ここへは　天空の盾を{7f02}探しに来たのでしたね。{7f0a}{7f02}{7f04}{7f25}「なのに　あんな事件に{7f02}まきこまれて……本当に{7f02}トラブルのつきない旅ですわ。{0000},0x0997
"",{7f04}{7f26}「無実のあたしたちを{7f02}うたがったんだから　それなりの{7f02}おわびは　してもらわなきゃね。{7f0a}{7f02}{7f04}{7f26}「とにかく　まずは{7f02}女王さまに　会いに行くわよ。{0000},0x09D6
"",{7f04}{7f24}「やれやれ。{7f02}これで　ようやく　胸を張って{7f02}この城の門を　くぐれますね。{7f0a}{7f02}{7f04}{7f24}「ぬれぎぬとは言え{7f02}ドロボウと　うたがわれてる間は{7f02}気が気じゃありませんでしたよ。{0000},0x0A10
"",{7f04}{7f23}「まったく　うたがいが晴れて{7f02}ホッとしましたわい。{7f0a}{7f02}{7f04}{7f23}「これで　行方不明の{7f02}サントハイム王にも{7f02}顔向けができるというものです。{0000},0x0A57
"",{7f04}{7f22}「神は　いつでも{7f02}われらを　見ておいでです。{7f0a}{7f02}{7f04}{7f22}「真実は　やがて{7f02}明らかになると　信じてましたから{7f02}不安など　ありませんでしたよ。{0000},0x0A93
"",{7f04}{7f21}「ドロボウと思われるなんて{7f02}ちょっと　ドキドキしたわね！{7f0a}{7f02}{7f04}{7f21}「たまには　こんなトラブルも{7f02}いい旅の思い出じゃない？{0000},0x0ACB
"",{7f04}{7f20}「さあ　まずは　女王さまに{7f02}お会いしましょう。{7f02}仲間のことは　それからです。{0000},0x0B00
"",{7f04}{7f26}「なんだか　妙に{7f02}キザったらしいヤツだったわね。{7f0a}{7f02}{7f04}{7f26}「そこはかとない{7f02}うさんくささを　感じるわ。{0000},0x0B21
"",{7f04}{7f24}「あの人　ここで{7f02}何やってたんでしょうか？{7f02}今　何か　持ち出したような……？{0000},0x0B4C
"",{7f04}{7f21}「今の男の人{7f02}かなり　ウデが立つわね。{7f02}歩き方に　すきがなかったわ。{0000},0x0B6E
"",{7f04}{7f20}「今の男　なんでしょうな？{7f02}どれ　言われた通り{7f02}タンスを　調べてみましょうか？{0000},0x0B8D
"",{7f04}{7f22}「姫さまも　やはり{7f02}強い男が　好きなのでしょうか？{7f0a}{7f02}{7f04}{7f22}「しかし　私には{7f02}姫さまを　うち負かすなど{7f02}とても　できません。{7f0a}{7f02}{7f04}{7f22}「……いっそのこと{7f02}ザキでも　使えれば……ブツブツ。{0000},0x0BB1
"",{7f04}{7f21}「そうね。{7f02}わたしも　どっちかと言うと{7f02}強い男の人が　好みかな？{7f0a}{7f02}{7f04}{7f21}「でも　わたしより{7f02}強かったりしたら　くやしくて{7f02}勝負いどんじゃうかもね。{0000},0x0BFD
"",{7f04}{7f20}「おお　こういうセリフを{7f02}待っていました！　この私の強さを{7f02}彼女に　見せてやらねば！{0000},0x0C39
"",{7f04}{7f26}「ねえ　{7f1f}。{7f02}目の前にいるのが　その勇者だって{7f02}言ってやれば　いいじゃない。{7f0a}{7f02}{7f04}{7f26}「きっと　あのコ{7f02}びっくりするわよ。{0000},0x0C60
"",{7f04}{7f23}「しかし　考えてみると{7f02}地獄の帝王復活のウワサは{7f02}どこから　流れているのでしょうな？{0000},0x0C92
"",{7f04}{7f22}「いくら　伝説の勇者でも{7f02}まだ　復活もしてないものを{7f02}倒すのは　ムリというもの。{7f0a}{7f02}{7f04}{7f22}「あせらずに　できることから{7f02}やっていきましょう。{0000},0x0CBA
"",{7f04}{7f20}「しかし　言った所で{7f02}下手すれば　早く　地獄の帝王を{7f02}倒せと　責められかねませんな。{7f0a}{7f02}{7f04}{7f20}「ヤブをつついて{7f02}ヘビを出すことも　ありますまい。{7f02}ここは　だまっておきましょう。{0000},0x0CF3
"",{7f04}{7f20}「まあ　{7f1f}どのが{7f02}そう言うなら　ふせておきましょう。{7f02}ちょっと　くやしい気もしますが。{0000},0x0D3E
"",{7f04}{7f20}「伝説の勇者　ここにありと{7f02}言っては　ダメですかな？{0000},0x0D62
"",{7f04}{7f26}「女性用の　武器や防具を{7f02}専門にあつかってる　商人か……。{7f0a}{7f02}{7f04}{7f26}「ゴマすっとけば{7f02}安く　売ってくれないかしら？{0000},0x0D7B
"",{7f04}{7f24}「なるほど　この国で{7f02}商売するには　女性用の品が{7f02}欠かせませんね。{7f0a}{7f02}{7f04}{7f24}「じつに　参考になる話です。{7f02}メモしておきましょう。{0000},0x0DAF
"",{7f04}{7f20}「何年も　この国から{7f02}帰れなかったとは　気の毒なような{7f02}うらやましいような……。{0000},0x0DE9
"",{7f04}{7f25}「やっぱり　真犯人を{7f02}つかまえないことには{7f02}信用してもらえませんね。{0000},0x0E0B
"",{7f04}{7f26}「だから　犯人は{7f02}あたしたちじゃ　ないんだってば！{7f02}お願いだから　わかってよ。{0000},0x0E2A
"",{7f04}{7f22}「同じ　聖職者として{7f02}あのシスターに　うたがわれるのは{7f02}心苦しいばかりです。{0000},0x0E4B
"",{7f04}{7f20}「私たちは　そんなに{7f02}悪人に　見えるのでしょうかな？{7f02}さすがに　ショックですぞ。{0000},0x0E6F
"",{7f04}{7f26}「立派だとは　思うけど{7f02}面白味のなさそうな人生よね。{7f02}あたしなら　そんなのゴメンだな。{0000},0x0E94
"",{7f04}{7f22}「すばらしい方ですね。{7f02}私も　そうありたいものですが{7f02}未熟者ゆえ　雑念が捨てきれません。{0000},0x0EBC
"",{7f04}{7f21}「わたしも　武術に{7f02}すべてを　ささげてるけど{7f02}なかなか　認められなかったわ。{7f0a}{7f02}{7f04}{7f21}「だから　武術大会で優勝して{7f02}ウデずくで　認めさせたのよね。{0000},0x0EE6
"",{7f04}{7f24}「私にとっての{7f02}命より大切な宝物は{7f02}妻と息子ですね。{7f0a}{7f02}{7f04}{7f24}「{7f1f}さんには　何か{7f02}命より大切と言えるものが{7f02}ありますか？{0000},0x0F26
"",{7f04}{7f26}「でも　いくら強くても{7f02}筋肉ムキムキなのは{7f02}ちょっと　どうかと思うわよ。{0000},0x0F5D
"",{7f04}{7f23}「姫さまには　あまり{7f02}聞かせたくない意見ですな。{7f0a}{7f02}{7f04}{7f23}「やれやれ。{7f02}まったく　やっかいな国に{7f02}来てしまったものです。{0000},0x0F7E
"",{7f04}{7f22}「姫さまが　特別なんだと{7f02}思っていましたが　どうやら{7f02}私の　思いちがいだったようです。{0000},0x0FAE
"",{7f04}{7f21}「あの人の　言う通りだわ。{7f02}女だからって　戦いが{7f02}苦手なワケじゃないのよ！{0000},0x0FD3
"",{7f04}{7f20}「私とて　女戦士に{7f02}ひけを取る気は　ありませんぞ。{7f0a}{7f02}{7f04}{7f20}「まあ　実際{7f02}剣を交えれば　わかることですが{7f02}そんなワケには　いきませぬか。{0000},0x0FF4
"",{7f04}{7f2e}「ガーデンブルグ……{7f02}ガーデンブルグ……。{7f0a}{7f02}{7f04}{7f2e}「あ～っ！{7f02}いいギャグが　出んぶるぐ！{0000},0x1030
"",{7f04}{7f26}「まったく　むかつくわね！{7f02}どうして　あたしたちが{7f02}十字架なんか　盗むのよ！{7f0a}{7f02}{7f04}{7f26}「もう　こうなったら{7f02}この怒り　真犯人にぶつけなきゃ{7f02}気がすまないわ！{0000},0x105B
"",{7f04}{7f24}「いや～　びっくりしました。{7f02}まさか　ドロボウのぬれぎぬを{7f02}着せられるとは……。{7f0a}{7f02}{7f04}{7f24}「本当に　油断のならない{7f02}世の中ですよ。{0000},0x109D
"",{7f04}{7f23}「まったく　とんでもない！{7f02}サントハイムの姫がいる一行が{7f02}盗っ人あつかいを　受けるとは！{7f0a}{7f02}{7f04}{7f23}「世が世なら{7f02}これは　国際問題ですぞ。{0000},0x10D7
"",{7f04}{7f22}「神は　いつでも{7f02}われらを　見ておいでです。{7f0a}{7f02}{7f04}{7f22}「心配しなくとも{7f02}われわれへの　うたがいは{7f02}遠からず　解けるでしょう。{0000},0x1115
"",{7f04}{7f21}「ついてなかったわね。{7f02}でも　女王さまは　私たちのこと{7f02}信じてくれたんだわ。{7f0a}{7f02}{7f04}{7f21}「その信頼に　応えるためにも{7f02}真犯人を　見つけださなくちゃ！{0000},0x1149
"",{7f04}{7f20}「かくなる上は　一刻も早く{7f02}真犯人を　つかまえねば。{7f02}さあ　行きますぞ！{0000},0x1188
"",{7f04}{7f25}「わたしの占いでは{7f02}犯人は　南に逃げたと{7f02}出ています。{7f0a}{7f02}{7f04}{7f25}「さあ　{7f1f}さん。{7f02}南に　向かいましょう。{0000},0x11AB
"",{7f04}{7f2e}「ガーデンブルグ……{7f02}ガーデンブルグ……。{7f0a}{7f02}{7f04}{7f2e}「あ～っ！{7f02}いいギャグが　出んぶるぐ！{0000},0x11D7
"",{7f04}{7f25}「あら？{7f02}今　わたしたちのことを　占ったら{7f02}女難の兆しが　出ました。{7f0a}{7f02}{7f04}{7f25}「この国で　女難なんて{7f02}悪い予感が　ビンビンしますね。{0000},0x1202
"",{7f04}{7f26}「な～んだ。{7f02}けっこう　男もいるんじゃない。{7f0a}{7f02}{7f04}{7f26}「そりゃそうか。{7f02}やっぱり　女しかいないんじゃ{7f02}つまんないもんね。{0000},0x123C
"",{7f04}{7f24}「ここが　女性だけの城ですか。{7f02}う～ん。なんだか{7f02}キンチョーしてしまいますね。{0000},0x126C
"",{7f04}{7f23}「このトシになりますと{7f02}女だけの城と聞いても{7f02}別に　うれしくもありませんな。{7f0a}{7f02}{7f04}{7f23}「どちらかというと　何か{7f02}災難に　まきこまれやせんかと{7f02}不安にすらなりますわい。{0000},0x128E
"",{7f04}{7f22}「このような山奥に{7f02}よく　こんな立派なお城を{7f02}きずいたものですね。{7f0a}{7f02}{7f04}{7f22}「女性パワー　恐るべしです。{0000},0x12D3
"",{7f04}{7f21}「さすがに　ガーデンブルグには{7f02}女戦士が　多いわね。{7f0a}{7f02}{7f04}{7f21}「やっぱり　今時{7f02}女だって　戦えなくちゃ！{0000},0x1301
"",{7f04}{7f20}「女の城か…ここにいると{7f02}なんだか　空気の色まで{7f02}ちがって見えますな。{0000},0x1330
