"",中には　ごうかなドレスが{7f02}ぎっしり　かけられている。{7f0b}{0000},0x0018
"",{7f04}女王「あれから　城の者に聞いたのですが{7f02}そなたたちは　地獄の帝王を{7f02}倒すため　旅をしているとか。{7f0a}{7f02}{7f04}女王「そういえば　この地より南{7f02}{7f32}ヒルには　かつて{7f02}魔族が住んでいたそうです。{7f0a}{7f02}{7f04}女王「何か　わかるかもしれません。{7f02}行ってみると　よいでしょう。{7f0b}{0000},0x002F
"",{7f04}女王「そして　この城の地下にある{7f02}天空の盾も　さしあげましょう。{7f02}持ってゆくがいいでしょう。{7f0a}{7f02}{7f04}女王「あれから　城の者に聞いたのですが{7f02}そなたたちは　地獄の帝王を{7f02}倒すため　旅をしているとか。{7f0a}{7f02}{7f04}女王「そういえば　この地より南{7f02}ロザリーヒルには　かつて{7f02}魔族が　住んでいたそうです。{7f0a}{7f02}{7f04}女王「何か　わかるかもしれません。{7f02}行ってみると　よいでしょう。{7f0b}{0000},0x0097
"",{7f04}女王「おお！　{7f4c}{7f02}本当に　犯人を見つけましたね！{7f0a}{7f02}{7f04}女王「先ほど　もどった兵士から{7f02}話は　すべて聞きました！{7f0a}{7f02}{7f04}女王「さあ　このカギで{7f02}仲間を　牢屋から出してあげなさい！{7f0b}{0000},0x012C
"",じつは　わたしは{7f02}初めから　あなたたちを{7f02}信じていました。{7f0a}{7f02}目を見れば　わかります！{7f02}女王さまも　きっと{7f02}同じ気持ちだったのでしょう。{7f0b}{0000},0x017B
"",{7f04}女王「だとすると　ブロンズの十字架を{7f02}盗みだしたのは{7f02}誰なのでしょうか？{7f0a}{7f02}{7f04}女王「もし　ぬれぎぬで　あるならば{7f02}そなたたちに　本当の犯人を{7f02}見つける機会を　あたえましょう。{7f0a}{7f02}{7f04}女王「ただし！{7f02}それまで　仲間のひとりを{7f02}預からせてもらいます。{7f0a}{7f02}{7f04}女王「兵士！{7f02}この者たちの　仲間のひとりを{7f02}牢へ　閉じこめるように！{7f0a}{7f02}{7f04}女王「さあ　おゆきなさい。{7f0b}{0000},0x01B5
"",{7f04}女王「先ほどと　言うことが{7f02}ちがうではありませんか！{7f0a}{7f02}{7f04}女王「いま一度　たずねます。{7f02}そなたたちが　盗んだのですね？{0000},0x024D
"",{7f04}女王「しかし　シスターは{7f02}そなたたちが　盗んでいるところを{7f02}見たと　言っていますが。{7f0a}{7f02}{7f04}女王「それでも　違うと{7f02}言い張るのですか？{0000},0x027E
"",{7f04}女王「認めたふりをして{7f02}罪を　軽くしてもらおうとしても{7f02}ムダなことですよ。{7f0a}{7f02}{7f04}女王「今は　神聖な裁判中。{7f02}正直に　答えるのです。{7f0a}{7f02}{7f04}女王「もう一度　たずねます。{7f02}ブロンズの十字架を　盗んだのは{7f02}そなたたちなのですね？{0000},0x02B4
"",{7f04}女王「わたくしは　この国の女王。{7f02}罪を犯した者を{7f02}裁かなくてはなりません。{7f0a}{7f02}{7f04}女王「申し立てによれば　そなたたちが{7f02}シスターの　ブロンズの十字架を{7f02}盗みだしたそうですね。{7f0a}{7f02}{7f04}女王「この申し立てに{7f02}間違いはありませんか？{0000},0x0317
"",地獄の帝王の復活について{7f02}いろいろな　うわさ話を{7f02}まとめているところです。{7f0a}{7f02}地獄の帝王の復活。{7f02}そして　それを倒すべき勇者が{7f02}育っているという予言。{7f0a}{7f02}天空に　おわすという{7f02}竜の神さまの伝説。{7f0a}{7f02}そして　ブランカの国では{7f02}天空から舞いおりた娘が{7f02}赤ちゃんを　産んだとか……。{7f0a}{7f02}もう少しで　これらの話が{7f02}まとまりそうなのですが……。{7f0b}{0000},0x0378
"",古い話だけどね。{7f02}今の女王さまの　おばあさまが{7f02}まだ　お若かった時……。{7f0a}{7f02}当時の　バトランド王から{7f02}天空の盾というものを{7f02}贈られたんだよ。{7f0a}{7f02}もちろん　先々代の女王さまは{7f02}そんなもので{7f02}くどかれはしなかったけどね。{7f0a}{7f02}えっ　その盾はどこかって？{7f02}さあ？　今も　このお城のどこかに{7f02}あるんじゃないかねえ。{7f0b}{0000},0x040A
"",女王さまは{7f02}きついこと　おっしゃっていても{7f02}本当は　やさしいお方なんだよ。{7f0a}{7f02}女王さまになんか　生まれなきゃ{7f02}ふつうの娘で　いられたのに……{7f02}お気の毒だよ　まったく。{7f0b}{0000},0x048A
"",にゃーん。{7f0b}{0000},0x04CF
"",ここは　女王さまの衣装部屋。{7f0a}{7f02}すてきなお洋服ばかりだから{7f02}汚い手でさわっちゃ　ダメよ。{7f0b}{0000},0x04D5
"",女王さまは　自分にも他人にも{7f02}とても　きびしいお方。{7f02}くれぐれも　そそうのないように。{7f0b}{0000},0x0501
"",{7f04}女王「わたしは　そなたたちを信じて{7f02}本当の犯人を　さがす機会を{7f02}あたえました。{7f0a}{7f02}{7f04}女王「わたしが　だまされていないことを{7f02}祈っています。{7f02}さあ　おゆきなさい。{7f0b}{0000},0x0526
"",{7f04}女王「その姿……旅の者ですね。{7f0a}{7f02}{7f04}女王「この国が　今　こうしてあるのは{7f02}外からのいざこざを　あえて{7f02}断ち切ってきたからこそ。{7f0a}{7f02}{7f04}女王「忠告します。旅の者よ{7f02}早々に　この国を出てゆきなさい。{7f0b}{0000},0x0568
"",大きな絵が　かざられている。{7f02}どうやら　王国の歴史を{7f02}伝えるもののようだ。{7f0b}{0000},0x05BC
"",「立ち読み　おことわり」の{7f02}はりがみが　貼ってあった。{7f0b}{0000},0x05DE
"",「魔法の杖をもとめて　第５章」と{7f02}書かれた　古い本がある。{7f02}{7f4b}は　手にとって読んだ。{7f0a}{7f02}結局　魔法の杖を　見つけることは{7f02}できなかった。たしかに洞くつの奥には{7f02}かくし階段があり　宝箱もあったのだ。{7f0a}{7f02}しかし　その宝箱は　鉄格子の向こう。{7f02}目の前に見える　宝箱までの距離は{7f02}絶望的に　遠かった……。{7f0a}{7f02}私は　もう　その宝箱のことは{7f02}すっぱり忘れて　今はまた　{7f02}新たな魔法の杖を探す　旅の空である。{7f0a}{7f02}しかし　いつになったら　この仕事を{7f02}やめられるのだろうか？　{7f02}ああ　母さんのシチューが食いたい……。{7f0a}{7f02}私は　魔法使いマドルエ。{7f02}わが主君　サントハイム王の命令で{7f02}魔法の杖を探している。{7f0b}{0000},0x05F8
"",{7f04}{7f25}「地獄の帝王の復活も{7f02}わたしたちが　天空を目指すのも{7f02}すべては　定められた運命……。{7f0a}{7f02}{7f04}{7f25}「今の話を　聞いていると{7f02}そんな気がしてきます。{0000},0x0704
"",{7f04}{7f26}「ああ　もう！{7f02}なんだか　混乱してきたわ。{7f02}結局　何が　どうだって言うのよ！{0000},0x0742
"",{7f04}{7f20}「う～ん。{7f02}私の中でも　今の話　もう少しで{7f02}まとまりそうなのですが……。{7f0a}{7f02}{7f04}{7f20}「まあ　ひとつ言えるのは{7f02}地獄の帝王　討つべし{7f02}ということですな。{0000},0x0764
"",{7f04}{7f23}「今まで　聞いてきた話の{7f02}総まとめのような内容でしたな。{7f0a}{7f02}{7f04}{7f23}「{7f1f}どのなら{7f02}今の話の意味する所　すべて{7f02}わかったのではありませんか？{0000},0x07A2
"",{7f04}{7f26}「女を　くどくのに{7f02}盾を　プレゼントするなんて{7f02}その王さまも　マヌケな人ね。{0000},0x07DD
"",{7f04}{7f24}「その天空の盾も　今や{7f02}私たちの手に……。{7f0a}{7f02}{7f04}{7f24}「苦労して　この国まで{7f02}やって来たかいが{7f02}あったというものですね。{0000},0x0800
"",{7f04}{7f22}「天空の盾は　この世に{7f02}またと無き　貴重な盾。{7f0a}{7f02}{7f04}{7f22}「あまり　いいかげんな扱いを{7f02}してほしくないものですね。{0000},0x0832
"",{7f04}{7f25}「女王さまは　国を{7f02}治めなくてはならないという{7f02}重い責任を　背負ってるんですね。{7f0a}{7f02}{7f04}{7f25}「それを聞くと　女王さまに{7f02}同情したくなります。{0000},0x0861
"",{7f04}{7f26}「でも　世の中には{7f02}女王に　生まれたかったって人が{7f02}いくらでも　いるわ。{7f0a}{7f02}{7f04}{7f26}「結局　どっちも{7f02}ないものねだりなのよ。{0000},0x089C
"",{7f04}{7f21}「そういうのって　わかるな。{7f02}わたしも　王女になんか{7f02}生まれてこなきゃって　思うもの。{7f0a}{7f02}{7f04}{7f21}「そしたら　思う存分{7f02}武術の修行ができたのに！{0000},0x08CC
"",{7f04}{7f26}「女王さまの　お召し物って{7f02}そりゃ　高級で　きれいだけど{7f02}ちょっと　きゅうくつそうよね。{7f0a}{7f02}{7f04}{7f26}「少なくとも　あたしは{7f02}着てみたいとは　思わないな。{0000},0x0907
"",{7f04}{7f23}「無礼な娘ですな。{7f02}女王つきのメイドが　これでは{7f02}この国も　知れたものですぞ。{0000},0x0946
"",{7f04}{7f21}「わたしたちって{7f02}そんなに汚く　見えるのかしら？{7f02}ちょっと　ショックだわ。{0000},0x0969
"",{7f04}{7f20}「むう。{7f02}言われてみれば　たしかに　長旅で{7f02}泥にまみれた手をしていますわい。{0000},0x098B
"",{7f04}{7f31}「かつて　{7f32}ヒルに{7f02}住んでいた魔族というのは{7f02}わたしのことか？{7f0a}{7f02}{7f04}{7f31}「……思えば　あのころが{7f02}一番　幸せだったのかもしれんな。{0000},0x09AD
"",{7f04}{7f25}「{7f32}ヒル……。{7f02}その名を　聞くと{7f02}なんとなく　心がさわぎます。{0000},0x09E6
"",{7f04}{7f23}「どうも　知らぬうちに{7f02}われらのことが　城内の{7f02}ウワサになっているようですな。{7f0a}{7f02}{7f04}{7f23}「人のクチに　戸は立てられぬとは{7f02}よく言ったものです。{0000},0x0A02
"",{7f04}{7f21}「それとなく　情報を集めて{7f02}教えてくれるなんて{7f02}女王さまって　やっぱり　いい人ね。{0000},0x0A3F
"",{7f04}{7f2f}「ここは　女の人だけの{7f02}お城なんですか？　そういえば{7f02}女の人が　多いですねえ。{7f0a}{7f02}{7f04}{7f2f}「言われなきゃ{7f02}ぜんぜん　気づかなかったです。{0000},0x0A65
"",{7f04}{7f2e}「ガーデンブルグ……{7f02}ガーデンブルグ……。{7f0a}{7f02}{7f04}{7f2e}「あ～っ！{7f02}いいギャグが　出んぶるぐ！{0000},0x0A9E
"",{7f04}{7f26}「な～んだ。{7f02}けっこう　男もいるんじゃない。{7f0a}{7f02}{7f04}{7f26}「そりゃそうか。{7f02}やっぱり　女しかいないんじゃ{7f02}つまんないもんね。{0000},0x0ACA
"",{7f04}{7f24}「この国は　いいところですが{7f02}牢獄に　つながれるのだけは{7f02}もう　カンベン願いたいですな。{0000},0x0AFA
"",{7f04}{7f23}「このトシになりますと{7f02}女だけの城と聞いても{7f02}別に　うれしくもありませんな。{7f0a}{7f02}{7f04}{7f23}「むしろ　ぬれぎぬを着せられた{7f02}イヤ～な記憶ばかりが{7f02}思い出されますわい。{0000},0x0B20
"",{7f04}{7f22}「このような山奥に{7f02}よく　こんな立派なお城を{7f02}きずいたものですね。{7f0a}{7f02}{7f04}{7f22}「女性パワー　恐るべしです。{0000},0x0B67
"",{7f04}{7f21}「ガーデンブルグって{7f02}思ってた通り　ステキな国だったわ。{7f0a}{7f02}{7f04}{7f21}「そりゃ　ドロボウと{7f02}間違われたりもしたけど{7f02}それも　いい思い出よね。{0000},0x0B95
"",{7f04}{7f20}「女の城か…ここにいると{7f02}なんだか　空気の色まで{7f02}ちがって見えますな。{0000},0x0BD3
"",{7f04}{7f25}「この国で　学んだのは{7f02}むやみに　他人の家のタンスを{7f02}のぞかないということ……。{7f0a}{7f02}{7f04}{7f25}「……なんて言っても{7f02}{7f1f}さんが　そう簡単に{7f02}やめるワケないですよね。{7f0a}{7f02}{7f04}{7f25}「いいです。{7f02}もう　あきらめてますから。{0000},0x0BF1
"",{7f04}{7f25}「{7f32}ヒル……。{7f02}その名を　聞くと{7f02}なんとなく　心がさわぎます。{0000},0x0C48
"",{7f04}{7f26}「うたがった　おわびに{7f02}最後のカギと　天空の盾を{7f02}くれるってワケね。{7f0a}{7f02}{7f04}{7f26}「よかったじゃない。{7f02}なかなか　悪くない話だわ。{0000},0x0C65
"",{7f04}{7f24}「最後のカギばかりか{7f02}天空の盾まで　もらえるなんて{7f02}ラッキーでしたね。{7f0a}{7f02}{7f04}{7f24}「伝説の　天空の盾。{7f02}じつに　興味深い品です。{0000},0x0C9A
"",{7f04}{7f23}「フン。王女がいる一行を{7f02}うたがっておいて　モノで{7f02}ごまかそうというつもりか。{7f0a}{7f02}{7f04}{7f23}「……しかし　まあ{7f02}背に腹は　変えられませんからな。{7f02}ここは　引くとしましょう。{0000},0x0CD5
"",{7f04}{7f22}「さあ　最後のカギで{7f02}早く　地下牢の仲間を{7f02}出してあげましょう。{0000},0x0D1D
"",{7f04}{7f21}「最後のカギと　天空の盾。{7f02}ふたつもくれるなんて{7f02}女王さまも　気前がいいわね。{0000},0x0D3E
"",{7f04}{7f2e}「ガーデンブルグ……{7f02}ガーデンブルグ……。{7f0a}{7f02}{7f04}{7f2e}「あ～っ！{7f02}いいギャグが　出んぶるぐ！{0000},0x0D61
"",{7f04}{7f25}「思えば　ここへは　天空の盾を{7f02}探しに来たのでしたね。{7f0a}{7f02}{7f04}{7f25}「なのに　あんな事件に{7f02}まきこまれて……本当に{7f02}トラブルのつきない旅ですわ。{0000},0x0D8D
"",{7f04}{7f26}「無実のあたしたちを{7f02}うたがったんだから　それなりの{7f02}おわびは　してもらわなきゃね。{7f0a}{7f02}{7f04}{7f26}「とにかく　まずは{7f02}女王さまに　会いに行くわよ。{0000},0x0DCA
"",{7f04}{7f24}「やれやれ。{7f02}これで　ようやく　胸を張って{7f02}この城の門を　くぐれますね。{7f0a}{7f02}{7f04}{7f24}「ぬれぎぬとは言え{7f02}ドロボウと　うたがわれてる間は{7f02}気が気じゃありませんでしたよ。{0000},0x0E04
"",{7f04}{7f23}「まったく　うたがいが晴れて{7f02}ホッとしましたわい。{7f0a}{7f02}{7f04}{7f23}「これで　行方不明の{7f02}サントハイム王にも{7f02}顔向けができるというものです。{0000},0x0E4C
"",{7f04}{7f22}「神は　いつでも{7f02}われらを　見ておいでです。{7f0a}{7f02}{7f04}{7f22}「真実は　やがて{7f02}明らかになると　信じてましたから{7f02}不安など　ありませんでしたよ。{0000},0x0E86
"",{7f04}{7f21}「ドロボウと思われるなんて{7f02}ちょっと　ドキドキしたわね！{7f0a}{7f02}{7f04}{7f21}「たまには　こんなトラブルも{7f02}いい旅の思い出じゃない？{0000},0x0EBF
"",{7f04}{7f20}「さあ　まずは　女王さまに{7f02}お会いしましょう。{7f02}仲間のことは　それからです。{0000},0x0EF5
"",{7f04}{7f25}「地獄の帝王の復活も{7f02}わたしたちが　天空を目指すのも{7f02}すべては　定められた運命……。{7f0a}{7f02}{7f04}{7f25}「今の話を　聞いていると{7f02}そんな気がしてきます。{0000},0x0F16
"",{7f04}{7f26}「ああ　もう！{7f02}なんだか　混乱してきたわ。{7f02}結局　何が　どうだって言うのよ！{0000},0x0F54
"",{7f04}{7f20}「う～ん。{7f02}私の中でも　今の話　もう少しで{7f02}まとまりそうなのですが……。{7f0a}{7f02}{7f04}{7f20}「まあ　ひとつ言えるのは{7f02}地獄の帝王　討つべし{7f02}ということですな。{0000},0x0F76
"",{7f04}{7f23}「今まで　聞いてきた話の{7f02}総まとめのような内容でしたな。{7f0a}{7f02}{7f04}{7f23}「{7f1f}どのなら{7f02}今の話の意味する所　すべて{7f02}わかったのではありませんか？{0000},0x0FB3
"",{7f04}{7f26}「女を　くどくのに{7f02}盾を　プレゼントするなんて{7f02}その王さまも　マヌケな人ね。{0000},0x0FEE
"",{7f04}{7f24}「そういえば　天空の盾を{7f02}探していたのでしたな。{7f02}すっかり　忘れるところでした。{0000},0x1012
"",{7f04}{7f22}「天空の盾は　この世に{7f02}またと無き　貴重な盾。{7f0a}{7f02}{7f04}{7f22}「あまり　いいかげんな扱いを{7f02}してほしくないものですね。{0000},0x1034
"",{7f04}{7f20}「う～む。{7f02}かんじんの　天空の盾の在りかが{7f02}わからぬとは　ガッカリですな。{0000},0x1063
"",{7f04}{7f25}「女王さまは　国を{7f02}治めなくてはならないという{7f02}重い責任を　背負ってるんですね。{7f0a}{7f02}{7f04}{7f25}「それを聞くと　女王さまに{7f02}同情したくなります。{0000},0x1085
"",{7f04}{7f26}「でも　世の中には{7f02}女王に　生まれたかったって人が{7f02}いくらでも　いるわ。{7f0a}{7f02}{7f04}{7f26}「結局　どっちも{7f02}ないものねだりなのよ。{0000},0x10C0
"",{7f04}{7f21}「そういうのって　わかるな。{7f02}わたしも　王女になんか{7f02}生まれてこなきゃって　思うもの。{7f0a}{7f02}{7f04}{7f21}「そしたら　思う存分{7f02}武術の修行ができたのに！{0000},0x10F0
"",{7f04}{7f26}「女王さまの　お召し物って{7f02}そりゃ　高級で　きれいだけど{7f02}ちょっと　きゅうくつそうよね。{7f0a}{7f02}{7f04}{7f26}「少なくとも　あたしは{7f02}着てみたいとは　思わないな。{0000},0x112A
"",{7f04}{7f23}「無礼なメイドですな。{7f02}女王つきのメイドが　これでは{7f02}この国も　知れたものですぞ。{0000},0x116A
"",{7f04}{7f21}「わたしたちって{7f02}そんなに汚く　見えるのかしら？{7f02}ちょっと　ショックだわ。{0000},0x118F
"",{7f04}{7f20}「むう。{7f02}言われてみれば　たしかに　長旅で{7f02}泥にまみれた手をしておりますわ。{0000},0x11B1
"",{7f04}{7f24}「自分たちの　うたがいは{7f02}自分たちで　晴らせとは{7f02}優しいんだか　きびしいんだか……。{7f0a}{7f02}{7f04}{7f24}「まあ　あたえられた機会は{7f02}できる限り　有効に{7f02}使わせていただきましょう。{0000},0x11D4
"",{7f04}{7f22}「われらを　信じてくださった{7f02}女王さまに　感謝を……。{7f02}さあ　犯人を　探しにいきましょう。{0000},0x121D
"",{7f04}{7f21}「女王さまって　きびしいけど{7f02}悪い人じゃないみたいね。{7f02}私たちのこと　信じてくれたもの。{0000},0x1245
"",{7f04}{7f25}「外からの　いざこざを{7f02}断ち切るという　女王さまの考えも{7f02}わからなくはありません。{7f0a}{7f02}{7f04}{7f25}「でも　そうして得た{7f02}閉じた平和は　何の進歩も{7f02}生まないのではないでしょうか？{0000},0x126B
"",{7f04}{7f26}「よそ者は　出ていけって{7f02}あたしたちが　何したって{7f02}言うのよ！　アタマくるわね！{0000},0x12B5
"",{7f04}{7f23}「サントハイムの姫君がいる{7f02}一向にむかって{7f02}なんという　言い草じゃ！{7f0a}{7f02}{7f04}{7f23}「え～い　ハラの立つ！{7f02}言われなくとも　こんな国{7f02}さっさと　出てってやりますわい！{0000},0x12D9
"",{7f04}{7f21}「女王さまって　冷たいこと{7f02}言うけど……でも　あたしには{7f02}ムリしてるようにも見えるわ。{0000},0x1321
"",{7f04}{7f20}「ううむ。{7f02}はるばる　訪ねてきたのに{7f02}出ていけと　おっしゃるか……。{7f0a}{7f02}{7f04}{7f20}「いくら　美人の女王さまでも{7f02}今の言いようは　さすがに{7f02}ムッとしましたぞ！{0000},0x1346
"",{7f04}{7f2e}「ガーデンブルグ……{7f02}ガーデンブルグ……。{7f0a}{7f02}{7f04}{7f2e}「あ～っ！{7f02}いいギャグが　出んぶるぐ！{0000},0x1386
"",{7f04}{7f26}「まったく　むかつくわね！{7f02}どうして　あたしたちが{7f02}十字架なんか　盗むのよ！{7f0a}{7f02}{7f04}{7f26}「もう　こうなったら{7f02}この怒り　真犯人にぶつけなきゃ{7f02}気がすまないわ！{0000},0x13B1
"",{7f04}{7f24}「いや～　びっくりしました。{7f02}まさか　ドロボウのぬれぎぬを{7f02}着せられるとは……。{7f0a}{7f02}{7f04}{7f24}「本当に　油断のならない{7f02}世の中ですよ。{0000},0x13F4
"",{7f04}{7f23}「まったく　とんでもない！{7f02}サントハイムの姫がいる一行が{7f02}盗っ人あつかいを　受けるとは！{7f0a}{7f02}{7f04}{7f23}「世が世なら{7f02}これは　国際問題ですぞ。{0000},0x142D
"",{7f04}{7f22}「神は　いつでも{7f02}われらを　見ておいでです。{7f0a}{7f02}{7f04}{7f22}「心配しなくとも{7f02}われわれへの　うたがいは{7f02}遠からず　解けるでしょう。{0000},0x146B
"",{7f04}{7f21}「ついてなかったわね。{7f02}でも　女王さまは　私たちのこと{7f02}信じてくれたんだわ。{7f0a}{7f02}{7f04}{7f21}「その信頼に　応えるためにも{7f02}真犯人を　見つけださなくちゃ！{0000},0x14A0
"",{7f04}{7f20}「かくなる上は　一刻も早く{7f02}真犯人を　つかまえねば。{7f02}さあ　行きますぞ！{0000},0x14DE
"",{7f04}{7f25}「わたしの占いでは{7f02}犯人は　南に逃げたと{7f02}出ています。{7f0a}{7f02}{7f04}{7f25}「さあ　{7f1f}さん。{7f02}南に　向かいましょう。{0000},0x1501
"",{7f04}{7f2e}「ガーデンブルグ……{7f02}ガーデンブルグ……。{7f0a}{7f02}{7f04}{7f2e}「あ～っ！{7f02}いいギャグが　出んぶるぐ！{0000},0x152D
"",{7f04}{7f25}「あら？{7f02}今　わたしたちのことを　占ったら{7f02}女難の兆しが　出ました。{7f0a}{7f02}{7f04}{7f25}「この国で　女難なんて{7f02}悪い予感が　ビンビンしますね。{0000},0x1559
"",{7f04}{7f26}「な～んだ。{7f02}けっこう　男もいるんじゃない。{7f0a}{7f02}{7f04}{7f26}「そりゃそうか。{7f02}やっぱり　女しかいないんじゃ{7f02}つまんないもんね。{0000},0x1592
"",{7f04}{7f24}「ここが　女性だけの城ですか。{7f02}う～ん。なんだか{7f02}キンチョーしてしまいますね。{0000},0x15C2
"",{7f04}{7f23}「このトシになりますと{7f02}女だけの城と聞いても{7f02}別に　うれしくもありませんな。{7f0a}{7f02}{7f04}{7f23}「どちらかというと　何か{7f02}災難に　まきこまれやせんかと{7f02}不安にすらなりますわい。{0000},0x15E5
"",{7f04}{7f22}「このような山奥に{7f02}よく　こんな立派なお城を{7f02}きずいたものですね。{7f0a}{7f02}{7f04}{7f22}「女性パワー　恐るべしです。{0000},0x162B
"",{7f04}{7f21}「さすがに　ガーデンブルグには{7f02}女戦士が　多いわね。{7f0a}{7f02}{7f04}{7f21}「やっぱり　今時{7f02}女だって　戦えなくちゃ！{0000},0x1659
"",{7f04}{7f20}「女の城か…ここにいると{7f02}なんだか　空気の色まで{7f02}ちがって見えますな。{0000},0x1689
