"",{7f24}は　馬車へ　運ばれた。{7f0b}{0000},0x0018
"",{7f25}は　馬車へ　運ばれた。{7f0b}{0000},0x0023
"",{7f26}は　馬車へ　運ばれた。{7f0b}{0000},0x002F
"",{7f23}は　馬車へ　運ばれた。{7f0b}{0000},0x003A
"",{7f22}は　馬車へ　運ばれた。{7f0b}{0000},0x0046
"",{7f21}は　馬車へ　運ばれた。{7f0b}{0000},0x0052
"",{7f20}は　馬車へ　運ばれた。{7f0b}{0000},0x005D
"",{7f24}は　ひと足先に　外に出て{7f02}馬車に乗りこんだ！{7f0b}{0000},0x0069
"",{7f25}は　ひと足先に　外に出て{7f02}馬車に乗りこんだ！{7f0b}{0000},0x007E
"",{7f26}は　ひと足先に　外に出て{7f02}馬車に乗りこんだ！{7f0b}{0000},0x0094
"",{7f23}は　ひと足先に　外に出て{7f02}馬車に乗りこんだ！{7f0b}{0000},0x00A9
"",{7f22}は　ひと足先に　外に出て{7f02}馬車に乗りこんだ！{7f0b}{0000},0x00BE
"",{7f21}は　ひと足先に　外に出て{7f02}馬車に乗りこんだ！{7f0b}{0000},0x00D4
"",{7f20}は　ひと足先に　外に出て{7f02}馬車に乗りこんだ！{7f0b}{0000},0x00E9
"",残念ながら　この方を{7f02}人質として　預かるわけにはいきません。{7f0a}{0000},0x00FE
"",残念ながら{7f02}{7f2e}を　人質として{7f02}預かるわけにはいきません。{7f0a}{0000},0x0118
"",残念ながら{7f02}{7f1f}を　人質として{7f02}預かるわけにはいきません。{7f0a}{0000},0x012F
"",{7f04}{7f25}「ふう……。{7f02}ありがとう　助かりました。{7f0a}{7f02}{7f04}{7f25}「牢屋に入れられたのは{7f02}これで　２回目だけど{7f02}やっぱり　しんどいものですね。{7f0b}{0000},0x0147
"",{7f04}{7f26}「あ～あ。{7f02}まったく　ひどい目にあったわ！{7f0a}{7f02}{7f04}{7f26}「もう　こんな国{7f02}さっさと　はなれましょうよ。{7f02}女ばっかりで　いい男もいないしさ！{7f0b}{0000},0x017E
"",{7f04}{7f24}「ひょっとしたら　このまま{7f02}おいてかれるんじゃないかって{7f02}考えちゃいましたよ。{7f0a}{7f02}{7f04}{7f24}「いや～　まったく{7f02}よけいな心配でしたな。{7f02}ハッハッハ！{7f0b}{0000},0x01B5
"",{7f04}{7f23}「まったく！{7f02}われらを　どろぼう扱いするとは{7f02}文句のひとつも　言ってやらねば！{7f0a}{7f02}{7f04}{7f23}「さあさ。{7f02}こんな所に　長居は無用ですぞ。{7f0b}{0000},0x01F3
"",{7f04}{7f22}「うたがいが　晴れて{7f02}なによりでした。これも{7f02}神のご加護のおかげでしょう。{7f0a}{7f02}{7f04}{7f22}「……とはいえ　牢獄になど{7f02}やはり　入りたくないものですね。{7f02}臭くなってないでしょうか？{7f0b}{0000},0x022E
"",{7f04}{7f21}「長いこと　牢屋にいたから{7f02}身体が　なまっちゃったわ。{7f02}さあ　出発しましょう！{7f0b}{0000},0x0276
"",{7f04}{7f20}「やれやれ。{7f02}とんだ　災難でしたな。{7f0a}{7f02}{7f04}{7f20}「ぬれぎぬを　着せられた時は{7f02}どうなることかと思いましたぞ。{7f02}さて　出発するとしましょう。{7f0b}{0000},0x029A
"",{7f04}{7f25}「犯人を　つかまえたんですね。{7f02}みなさんなら　やってくれると{7f02}信じてました。{7f0b}{0000},0x02D4
"",{7f04}{7f26}「ぬれぎぬが　晴れたのね！？{7f02}よかった。早く　出してちょうだい！{7f02}もう　こんな所　たえられない……。{7f0b}{0000},0x02F5
"",{7f04}{7f24}「ああ　よかった！{7f02}犯人を　つかまえてくれたんですね。{7f02}さあ　早く　ここを開けてください。{7f0b}{0000},0x0320
"",{7f04}{7f23}「やれやれ。ようやく{7f02}ぬれぎぬが　晴れたそうですな。{7f02}とんだ　災難でしたわい。{7f0a}{7f02}{7f04}{7f23}「さて　そうなれば{7f02}こんな所に　長居は無用。{7f02}早く　出してくだされ。{7f0b}{0000},0x0346
"",{7f04}{7f22}「犯人を　とらえたそうですね。{7f02}やはり　神は見ておられた！{7f02}さあ　ここから　出してください。{7f0b}{0000},0x0389
"",{7f04}{7f21}「あ～あ。{7f02}どうせなら　あたしが　この手で{7f02}犯人を　とっちめてやりたかったな。{7f0a}{7f02}{7f04}{7f21}「ま　いいわ。{7f02}さあ　早く　ここから出してよ。{7f0b}{0000},0x03B0
"",{7f04}{7f20}「聞きましたぞ！{7f02}見事　犯人をつかまえたそうですな。{7f02}さすがは　{7f4c}どの。{7f0a}{7f02}{7f04}{7f20}「さあ　早く{7f02}ここから　出してくだされ。{7f0b}{0000},0x03E6
"",行ってしまうのですね？{7f02}さみしくなるなあ……。{7f0a}{7f02}あら　わたしったら！{7f02}なにを言ってるんでしょ！{7f0b}{0000},0x0419
"",仲間を　いっこくも早く{7f02}助け出したいのは　わかりますが{7f02}まずは　女王さまにご報告を！{7f0b}{0000},0x0440
"",{7f04}バコタ「まったく　わたしとしたことが{7f02}ドジをふんだものです。{7f0a}{7f02}{7f04}バコタ「しかし　この城には{7f02}３つの地下室があると{7f02}聞いていたのですが……。{7f0a}{7f02}{7f04}バコタ「３つ目の地下室も{7f02}ついに　見つけられなかったし……。{7f02}まいってしまいますよ。{7f0b}{0000},0x0466
"",出なさい。{7f02}女王さまが　お呼びです！{7f0b}{0000},0x04C8
"",{7f04}{7f24}「…………。{7f0b}{0000},0x04D9
"",{7f04}{7f25}「…………。{7f0b}{0000},0x04E1
"",{7f04}{7f26}「…………。{7f0b}{0000},0x04E8
"",{7f04}{7f23}「…………。{7f0b}{0000},0x04F0
"",{7f04}{7f22}「…………。{7f0b}{0000},0x04F8
"",{7f04}{7f21}「…………。{7f0b}{0000},0x04FF
"",{7f04}{7f20}「…………。{7f0b}{0000},0x0507
"",{7f04}{7f25}「わたしの占いでは{7f02}犯人は　南に逃げたと{7f02}出ています。{7f0a}{7f02}{7f04}{7f25}「{7f4c}さん。{7f02}早く　犯人をつかまえてくださいね。{7f0b}{0000},0x050F
"",{7f04}{7f25}「わたしの占いでは{7f02}犯人は　南に逃げたと{7f02}出ています。{7f0a}{7f02}{7f04}{7f25}「ねえさん。{7f02}早く　犯人をつかまえてくださいね。{7f0b}{0000},0x053D
"",{7f04}{7f25}「わたしの占いでは{7f02}犯人は　南に逃げたと{7f02}出ています。{7f0a}{7f02}{7f04}{7f25}「{7f1f}さん。{7f02}早く　犯人をつかまえてくださいね。{7f0b}{0000},0x056C
"",{7f04}{7f26}「なんで？　どうして？{7f02}どんなワケで　あたしが　こんな所に{7f02}入らなくちゃなんないのよ！？{7f0a}{7f02}{7f04}{7f26}「うう……。{7f02}恨むわよ　{7f4c}。{7f0b}{0000},0x059A
"",{7f04}{7f24}「……やっぱり。{7f02}わたしが　選ばれるんじゃないかと{7f02}思ってましたよ。{7f0a}{7f02}{7f04}{7f24}「でも　信じてますから{7f02}きっと　犯人をつかまえて{7f02}ここから　出してくださいね。{7f0b}{0000},0x05D0
"",{7f04}{7f23}「やれやれ。{7f02}このトシになって　牢獄に{7f02}入ることになろうとは……。{7f0a}{7f02}{7f04}{7f23}「しかし　姫さまのお守りから{7f02}しばし　解放されると思えば{7f02}まあ　気も楽になりますわい。{7f0b}{0000},0x0610
"",{7f04}{7f22}「神は　いつでも{7f02}われらを　見ておいでです。{7f0a}{7f02}{7f04}{7f22}「われわれへの　うたがいが{7f02}早く　晴れることを　祈りつつ{7f02}ここで　待っていますよ。{7f0b}{0000},0x0655
"",{7f04}{7f21}「あたしたちに{7f02}ぬれぎぬを　着せるなんて{7f02}あのどろぼう　許せないわ！{7f0a}{7f02}{7f04}{7f21}「でも　牢に入れられるなんて{7f02}初めてのことだから{7f02}ちょっと　新鮮で　いいかも。{7f0b}{0000},0x068C
"",{7f04}{7f20}「むむう。{7f02}どろぼうと　うたがわれ{7f02}牢獄につながれるとは　情けなや。{7f0a}{7f02}{7f04}{7f20}「{7f4c}どの。{7f02}いっこくも早く　真犯人を見つけ{7f02}わが無念を　晴らしてくだされ。{7f0b}{0000},0x06CF
"",この城の　女兵士とケンカして{7f02}負けてしまったなんて……。{7f02}恥ずかしくて　人に言えないなあ。{7f0b}{0000},0x0710
"",信じてくれ！{7f02}オレは　下着なんか盗っちゃいねえ！{7f0b}{0000},0x0738
"",もし　人質にする仲間を{7f02}かえたいときは{7f02}わたしに話しかけてください。{7f0b}{0000},0x074F
"",{7f24}は　馬車に　お戻りなさい。{7f0b}{0000},0x076C
"",{7f25}は　馬車に　お戻りなさい。{7f0b}{0000},0x0779
"",{7f26}は　馬車に　お戻りなさい。{7f0b}{0000},0x0786
"",{7f23}は　馬車に　お戻りなさい。{7f0b}{0000},0x0793
"",{7f22}は　馬車に　お戻りなさい。{7f0b}{0000},0x079F
"",{7f21}は　馬車に　お戻りなさい。{7f0b}{0000},0x07AC
"",{7f20}は　馬車に　お戻りなさい。{7f0b}{0000},0x07B9
"",{7f24}を　人質として{7f02}預からせてもらいます。{7f0a}{0000},0x07C6
"",{7f25}を　人質として{7f02}預からせてもらいます。{7f0a}{0000},0x07D6
"",{7f26}を　人質として{7f02}預からせてもらいます。{7f0a}{0000},0x07E7
"",{7f23}を　人質として{7f02}預からせてもらいます。{7f0a}{0000},0x07F7
"",{7f22}を　人質として{7f02}預からせてもらいます。{7f0a}{0000},0x0808
"",{7f21}を　人質として{7f02}預からせてもらいます。{7f0a}{0000},0x0818
"",{7f20}を　人質として{7f02}預からせてもらいます。{7f0a}{0000},0x0828
"",残念ながら{7f02}{7f24}を　人質として{7f02}預かるわけにはいきません。{7f0a}{0000},0x0839
"",残念ながら{7f02}{7f25}を　人質として{7f02}預かるわけにはいきません。{7f0a}{0000},0x0850
"",残念ながら{7f02}{7f26}を　人質として{7f02}預かるわけにはいきません。{7f0a}{0000},0x0867
"",残念ながら{7f02}{7f23}を　人質として{7f02}預かるわけにはいきません。{7f0a}{0000},0x087E
"",残念ながら{7f02}{7f22}を　人質として{7f02}預かるわけにはいきません。{7f0a}{0000},0x0896
"",残念ながら{7f02}{7f21}を　人質として{7f02}預かるわけにはいきません。{7f0a}{0000},0x08AD
"",残念ながら{7f02}{7f20}を　人質として{7f02}預かるわけにはいきません。{7f0a}{0000},0x08C4
"",では　誰が人質になりますか？{0000},0x08DB
"",人質にする仲間を{7f02}別の人にしますか？{0000},0x08E8
"",あ～あ　たいくつだわ。{7f02}なにか面白いこと　ないかしら。{7f0b}{0000},0x08F9
"",{7f04}{7f26}「なによ　あの態度！{7f02}人に　ぬれぎぬ着せといて{7f02}いけしゃあしゃあと！{7f0a}{7f02}{7f04}{7f26}「フン。{7f02}でも　あたしたちを　怒らせたのが{7f02}あいつの　運のつきだったわね。{0000},0x090F
"",{7f04}{7f24}「はて　３つの地下室ですか？{7f02}このお城って　そんなに{7f02}地下室が　ありましたっけ？{0000},0x094F
"",{7f04}{7f21}「あの盗賊　なかなか{7f02}強かったわね。盗賊やらせとくのは{7f02}惜しいくらいだわ。{0000},0x0973
"",{7f04}{7f20}「どうも　あの盗賊め{7f02}反省してないようですな。{7f02}まったく　けしからぬヤツだ！{0000},0x0994
"",{7f04}{7f24}「やれやれ。{7f02}この城では　いざこざは{7f02}起こしたくないものですな。{0000},0x09B7
"",{7f04}{7f22}「世の中には{7f02}姫さまの他にも　強い女性が{7f02}いるものなんですね。{0000},0x09D2
"",{7f04}{7f21}「う～ん。{7f02}この場合は　あの武闘家の人を{7f02}応援したくもなるけど……。{7f0a}{7f02}{7f04}{7f21}「でも　素手で戦うのが{7f02}得意な武闘家が　ケンカで{7f02}負けるなんて　情けないわね。{0000},0x09EF
"",{7f04}{7f20}「え～い　情けないヤツめ！{7f02}男の風上にも　おけぬわ！{0000},0x0A35
"",{7f04}{7f25}「いずれにしても{7f02}うたがわれるような所が　あるから{7f02}つかまるんですわ。{7f0a}{7f02}{7f04}{7f25}「いかにも　怪しい格好を{7f02}してるとか……あの人は{7f02}そこを　反省すべきなんですよ。{0000},0x0A50
"",{7f04}{7f26}「あたし　あの男は{7f02}絶対　下着を盗ってると思うな。{7f0a}{7f02}{7f04}{7f26}「理由？{7f02}そんなの直感よ　直感。{0000},0x0A91
"",{7f04}{7f20}「下着ドロボウとして{7f02}つかまるなんて　私ならば{7f02}はずかしくて　切腹モノですな。{0000},0x0ABB
"",{7f04}{7f26}「牢に　つながれてるってのに{7f02}相変わらず　冷静なコね～。{7f0a}{7f02}{7f04}{7f26}「ちょっとくらい　取り乱せば{7f02}可愛げもあるってモンなのに。{0000},0x0AE0
"",{7f04}{7f25}「……ちょっとだけ{7f02}このまま　姉さんをほおって{7f02}旅を続けたい気もします。{7f0a}{7f02}{7f04}{7f25}「でも　そんなことしたら{7f02}後が　恐ろしい……。{7f0a}{7f02}{7f04}{7f25}「やっぱり　一刻も早く{7f02}真犯人を　つかまえるしか{7f02}ありませんね。{0000},0x0B18
"",{7f04}{7f22}「{7f23}どの。{7f02}姫さまのことは　この{7f22}が{7f02}命に変えても　お守りします。{7f0a}{7f02}{7f04}{7f22}「どうか　安心して{7f02}今しばらく　辛抱してください。{0000},0x0B6D
"",{7f04}{7f21}「なによ　{7f23}ってば{7f02}あの言い草はっ！{7f0a}{7f02}{7f04}{7f21}「まあ　いいわ。{7f02}わたしも　クチうるさいのがいなくて{7f02}せいせいしてるんだから。{0000},0x0BA3
"",{7f04}{7f23}「{7f22}がいない分{7f02}わしが　しっかり　姫さまを{7f02}お守りせねば……。{7f0a}{7f02}{7f04}{7f23}「やれやれ。まったく{7f02}ホネの折れることじゃわい。{0000},0x0BD4
"",{7f04}{7f21}「{7f22}ってば{7f02}今ひとつ　危機感てものが{7f02}欠けてるのよね。{7f0a}{7f02}{7f04}{7f21}「それとも　意外と{7f02}胆が　すわってるってことかしら？{7f02}そんな風には　見えないけど。{0000},0x0C08
"",{7f04}{7f23}「サントハイムの姫が{7f02}牢に　つながれるとは{7f02}なんと　なげかわしいことか！{7f0a}{7f02}{7f04}{7f23}「ああ。王さまに{7f02}なんと言って　わびればよいのか{7f02}見当もつきませぬ。{0000},0x0C46
"",{7f04}{7f22}「なんと　おいたわしい……。{7f0a}{7f02}{7f04}{7f22}「姫さま　待っていてください。{7f02}この{7f22}が　必ずや{7f02}真犯人を　つかまえてみせます！{0000},0x0C86
"",{7f04}{7f24}「やれやれ。{7f02}この城では　いざこざは{7f02}起こしたくないものですな。{0000},0x0CB7
"",{7f04}{7f22}「世の中には{7f02}姫さまの他にも　強い女性が{7f02}いるものなんですね。{0000},0x0CD2
"",{7f04}{7f21}「う～ん。{7f02}この場合は　あの武闘家の人を{7f02}応援したくもなるけど……。{7f0a}{7f02}{7f04}{7f21}「でも　素手で戦うのが{7f02}得意な武闘家が　ケンカで{7f02}負けるなんて　情けないわね。{0000},0x0CEF
"",{7f04}{7f20}「え～い　情けないヤツめ！{7f02}男の風上にも　おけぬわ！{0000},0x0D35
"",{7f04}{7f25}「いずれにしても{7f02}うたがわれるような所が　あるから{7f02}つかまるんですわ。{7f0a}{7f02}{7f04}{7f25}「いかにも　怪しい格好を{7f02}してるとか……あの人は{7f02}そこを　反省すべきなんですよ。{0000},0x0D4F
"",{7f04}{7f26}「あたし　あの男は{7f02}絶対　下着を盗ってると思うな。{7f0a}{7f02}{7f04}{7f26}「理由？{7f02}そんなの直感よ　直感。{0000},0x0D90
"",{7f04}{7f20}「下着ドロボウとして{7f02}つかまるなんて　私ならば{7f02}はずかしくて　切腹モノですな。{0000},0x0DBB
"",{7f04}{7f2e}「ガーデンブルグ……{7f02}ガーデンブルグ……。{7f0a}{7f02}{7f04}{7f2e}「あ～っ！{7f02}いいギャグが　出んぶるぐ！{0000},0x0DDF
"",{7f04}{7f26}「まったく　むかつくわね！{7f02}どうして　あたしたちが{7f02}十字架なんか　盗むのよ！{7f0a}{7f02}{7f04}{7f26}「もう　こうなったら{7f02}この怒り　真犯人にぶつけなきゃ{7f02}気がすまないわ！{0000},0x0E0F
"",{7f04}{7f24}「いや～　びっくりしました。{7f02}まさか　ドロボウのぬれぎぬを{7f02}着せられるとは……。{7f0a}{7f02}{7f04}{7f24}「本当に　油断のならない{7f02}世の中ですよ。{0000},0x0E52
"",{7f04}{7f23}「まったく　とんでもない！{7f02}サントハイムの姫がいる一行が{7f02}盗っ人あつかいを　受けるとは！{7f0a}{7f02}{7f04}{7f23}「世が世なら{7f02}これは　国際問題ですぞ。{0000},0x0E8B
"",{7f04}{7f22}「神は　いつでも{7f02}われらを　見ておいでです。{7f0a}{7f02}{7f04}{7f22}「心配しなくとも{7f02}われわれへの　うたがいは{7f02}遠からず　解けるでしょう。{0000},0x0EC9
"",{7f04}{7f21}「ついてなかったわね。{7f02}でも　女王さまは　私たちのこと{7f02}信じてくれたんだわ。{7f0a}{7f02}{7f04}{7f21}「その信頼に　応えるためにも{7f02}真犯人を　見つけださなくちゃ！{0000},0x0EFC
"",{7f04}{7f20}「かくなる上は　一刻も早く{7f02}真犯人を　つかまえねば。{7f02}さあ　行きますぞ！{0000},0x0F3B
"",{7f04}{7f25}「わたしの占いでは{7f02}犯人は　南に逃げたと{7f02}出ています。{7f0a}{7f02}{7f04}{7f25}「さあ　{7f1f}さん。{7f02}南に　向かいましょう。{0000},0x0F5D
