"",ダミー{7f0b}{0000},0x0018
"",慈愛の笑みをうかべた　女神像だ。{7f0b}{0000},0x001D
"",{7f04}{7f25}「長い間　使う者のなかった{7f02}天空の盾が　正しき持ち主の元へ{7f02}ついに　もどったのですね。{7f0a}{7f02}{7f04}{7f25}「さあ　{7f1f}さん。{7f02}伝説の勇者として　天空の盾を{7f02}装備して　見せてください。{0000},0x002E
"",{7f04}{7f26}「苦労して　手に入れても{7f02}あたしには　装備できないなんて{7f02}つまんないわね。{7f0a}{7f02}{7f04}{7f26}「天空の盾だけに{7f02}お高く　とまってるって感じだわ。{7f02}あ～　やだ　やだ。{0000},0x0075
"",{7f04}{7f24}「う～ん　やはり{7f02}天空の盾は　すばらしいですなあ。{7f02}これに　値段は　つけられません。{0000},0x00B2
"",{7f04}{7f23}「まったく　この盾を{7f02}手に入れるのに　どれだけ{7f02}ホネが折れたことか……。{7f0a}{7f02}{7f04}{7f23}「まあ　苦労させられた分{7f02}役に立ってくれれば{7f02}文句は　ありませんがな。{0000},0x00D5
"",{7f04}{7f22}「天空へ上るための{7f02}聖なる盾だけあって　なんとも{7f02}神秘的な　感じがしますね。{7f0a}{7f02}{7f04}{7f22}「この盾を　見られただけでも{7f02}旅をしてきたかいが　ありました。{0000},0x0114
"",{7f04}{7f21}「へえ。天空の盾って{7f02}さすがに　かっこいいわね。{7f0a}{7f02}{7f04}{7f21}「あたしは　盾って{7f02}あんまり　好きじゃないけど{7f02}それなら　装備してみたいかも。{7f0a}{7f02}{7f04}{7f21}「ま　ムリなんだけどね。{0000},0x0150
"",{7f04}{7f20}「ようやく　天空の盾を{7f02}手に入れることが　できましたな。{7f0a}{7f02}{7f04}{7f20}「これで　また１歩{7f02}天空が　近くなりました。{0000},0x0193
"",{7f04}{7f2e}「ガーデンブルグ……{7f02}ガーデンブルグ……。{7f0a}{7f02}{7f04}{7f2e}「あ～っ！{7f02}いいギャグが　出んぶるぐ！{0000},0x01BF
"",{7f04}{7f26}「まったく　むかつくわね！{7f02}どうして　あたしたちが{7f02}十字架なんか　盗むのよ！{7f0a}{7f02}{7f04}{7f26}「もう　こうなったら{7f02}この怒り　真犯人にぶつけなきゃ{7f02}気がすまないわ！{0000},0x01E9
"",{7f04}{7f24}「いや～　びっくりしました。{7f02}まさか　ドロボウのぬれぎぬを{7f02}着せられるとは……。{7f0a}{7f02}{7f04}{7f24}「本当に　油断のならない{7f02}世の中ですよ。{0000},0x022A
"",{7f04}{7f23}「まったく　とんでもない！{7f02}サントハイムの姫がいる一行が{7f02}盗っ人あつかいを　受けるとは！{7f0a}{7f02}{7f04}{7f23}「世が世なら{7f02}これは　国際問題ですぞ。{0000},0x0262
"",{7f04}{7f22}「神は　いつでも{7f02}われらを　見ておいでです。{7f0a}{7f02}{7f04}{7f22}「心配しなくとも{7f02}われわれへの　うたがいは{7f02}遠からず　解けるでしょう。{0000},0x029D
"",{7f04}{7f21}「ついてなかったわね。{7f02}でも　女王さまは　私たちのこと{7f02}信じてくれたんだわ。{7f0a}{7f02}{7f04}{7f21}「その信頼に　えるためにも{7f02}真犯人を　見つけださなくちゃ！{0000},0x02D0
"",{7f04}{7f20}「かくなる上は　一刻も早く{7f02}真犯人を　つかまえねば。{7f02}さあ　行きますぞ！{0000},0x030D
"",{7f04}{7f25}「わたしの占いでは{7f02}犯人は　南に逃げたと{7f02}出ています。{7f0a}{7f02}{7f04}{7f25}「さあ　{7f1f}さん。{7f02}南に　向かいましょう。{0000},0x032E
