"",なんでも　この世のどこかに{7f02}いかずちの杖とよばれる{7f02}強力な魔法の杖が　あるそうですね。{7f0a}{7f02}わたしも　魔法使いとして{7f02}どれほどの魔力を秘めた杖なのか{7f02}この目で　確かめてみたいものです。{7f0b}{0000},0x0018
"",{7f04}{7f2e}「ガーデンブルグ……{7f02}ガーデンブルグ……。{7f0a}{7f02}{7f04}{7f2e}「あ～っ！{7f02}いいギャグが　出んぶるぐ！{0000},0x0062
"",{7f04}{7f26}「まったく　むかつくわね！{7f02}どうして　あたしたちが{7f02}十字架なんか　盗むのよ！{7f0a}{7f02}{7f04}{7f26}「もう　こうなったら{7f02}この怒り　真犯人にぶつけなきゃ{7f02}気がすまないわ！{0000},0x008A
"",{7f04}{7f24}「いや～　びっくりしました。{7f02}まさか　ドロボウのぬれぎぬを{7f02}着せられるとは……。{7f0a}{7f02}{7f04}{7f24}「本当に　油断のならない{7f02}世の中ですよ。{0000},0x00C9
"",{7f04}{7f23}「まったく　とんでもない！{7f02}サントハイムの姫がいる一行が{7f02}盗っ人あつかいを　受けるとは！{7f0a}{7f02}{7f04}{7f23}「世が世なら{7f02}これは　国際問題ですぞ。{0000},0x0101
"",{7f04}{7f22}「神は　いつでも{7f02}われらを　見ておいでです。{7f0a}{7f02}{7f04}{7f22}「心配しなくとも{7f02}われわれへの　うたがいは{7f02}遠からず　解けるでしょう。{0000},0x013A
"",{7f04}{7f21}「ついてなかったわね。{7f02}でも　女王さまは　私たちのこと{7f02}信じてくれたんだわ。{7f0a}{7f02}{7f04}{7f21}「その信頼に　応えるためにも{7f02}真犯人を　見つけださなくちゃ！{0000},0x016C
"",{7f04}{7f20}「かくなる上は　一刻も早く{7f02}真犯人を　つかまえねば。{7f02}さあ　行きますぞ！{0000},0x01A8
"",{7f04}{7f25}「わたしの占いでは{7f02}犯人は　南に逃げたと{7f02}出ています。{7f0a}{7f02}{7f04}{7f25}「さあ　{7f1f}さん。{7f02}南に　向かいましょう。{0000},0x01C8
