"",デッ……{7f0a}{7f02}デスピッ……{7f0a}{7f02}デスピサロさまぁーっ！{7f02}生きてらしたんですか！？{7f02}おかえりなさいませー！{7f0b}{0000},0x0018
"",聞いたか？　デスピサロさまに{7f02}敬意を払ったりしたヤツは{7f02}みんな　牢屋行きなんだとよ。{7f0a}{7f02}魔物さまが　牢屋に入れられて{7f02}人間に　見張られるんだぞ。{7f02}これ以上の　屈辱はないよな。{7f0b}{0000},0x0043
"",ん？　なんだお前　人間か？{7f0a}{7f02}牢屋番を　サボってると{7f02}食っちまうぞ。むにゃむにゃ……。{7f0b}{0000},0x0093
"",{7f04}{7f31}「…………。{7f0b}{0000},0x00BA
"",げっ！　デスピサロさまっ！{7f02}お　おゆるしください！{7f0a}{7f02}{7f32}さまをさらったのは{7f02}エビルプリーストさまの{7f02}ご命令で……。あわわわ……。{7f0a}{0000},0x00C2
"",エビルプリーストさまが{7f02}魔族の王の座についてから{7f02}城の雰囲気が　変わってしまったな。{7f0a}{7f02}魔族同士で　争うようなことに{7f02}ならねば　よいのだが……。{7f0b}{0000},0x00FA
"",デスピサロさま！{7f02}亡くなったと　聞きましたが{7f02}ありゃ　ウソだったんですね！{7f0a}{7f02}うっひゃー！{7f02}これで　おもしろくなるぜぇ！{7f0b}{0000},0x013A
"",デスピサロさまが　亡くなり{7f02}この城で　革命が起こったのだ！{7f0a}{7f02}エビルプリーストの部下が{7f02}すっかり　でかいカオしてやがる！{7f02}まったく　おもしろくねえ。{7f0b}{0000},0x016F
"",むっ　お前はデスピサロ！？{7f02}ばかな！　デスピサロは{7f02}進化の秘法の果てに死んだと聞く！{7f0a}{7f02}さては　きさま　ニセ者だなっ！{7f0b}{0000},0x01B1
"",デスピサロに代わり　今では{7f02}エビルプリーストさまが{7f02}この城を　治めているのだ！{7f0b}{0000},0x01E6
"",むっ　お前はデスピサロ！？{7f02}ばかな！　デスピサロは{7f02}進化の秘法の果てに死んだと聞く！{7f0a}{7f02}さては　きさま　ニセ者だなっ！{7f0b}{0000},0x020B
"",ここは　われら魔物たちの城{7f02}デスパレスだ！{7f0b}{0000},0x0240
"",デスピサロさまが　かわいがってた{7f02}エルフの{7f32}が　おろかな{7f02}人間に　連れ去られたらしい。{7f0a}{7f02}このことを知ったら{7f02}デスピサロさまは　どれほど{7f02}お怒りになることか！？{7f0a}{7f02}ああ　考えただけで{7f02}恐ろしいよ……。{7f0b}{0000},0x0253
"",エスターク帝王が{7f02}太古の地底から　復活した！{7f0a}{7f02}これで　デスピサロさまが{7f02}進化の秘法を　完成させれば……{7f0a}{7f02}たとえ　天空の神といえども{7f02}もはや　手出しできぬであろう！{7f02}わっはっはっ！{7f0b}{0000},0x02A9
"",なあ　おい。人間てのは{7f02}空も飛べないなんざ　まったく{7f02}あわれな生き物だと　思わんか？{7f0a}{7f02}もっとも　むかしは{7f02}人間たちも　気球ってやつで{7f02}空を　飛んでいたらしいがな。{7f0b}{0000},0x02FD
"",起こすんじゃねーよ！{7f02}眠いんだから。むにゃむにゃ……。{7f0b}{0000},0x0341
"",返事がない。{7f02}ただの　しかばねのようだ……。{7f0a}{7f02}と　思ったら{7f02}がい骨のお化けだった！{7f0a}{0000},0x035A
"",こんなところで　何をしておる！{7f02}さっさと{7f02}２階の会議室に　ゆかぬか！{7f0a}{7f02}早くゆかぬと{7f02}会議に　遅れてしまうぞ！{7f0b}{0000},0x037E
"",ここは　われら魔物たちの城{7f02}デスパレスだ！{7f0b}{0000},0x03B0
"",むむむっ！！{7f02}おのれ！　くせ者め！{7f0b}{0000},0x03C3
"",お！　人間め！{7f02}牢屋から　逃げ出したな！{7f0b}{0000},0x03D3
"",く～っふっふっ！{7f02}こいつは　ついてる！{7f02}うまそうな人間だわい！{7f0b}{0000},0x03E7
"",{7f04}{7f26}「調子のいいやつが{7f02}いるってことに　関しては{7f02}人間も魔物も　変わらないわね。{0000},0x0401
"",{7f04}{7f26}「ふう……。{7f02}まったく　おめでたい魔物ね。{0000},0x0423
"",{7f04}{7f22}「自分たちの{7f02}主人がいることには{7f02}気づかなかったようですね。{0000},0x0436
"",{7f04}{7f20}「この城では{7f02}{7f31}どのは　死んだことに{7f02}なっているようですな。{0000},0x0451
"",{7f04}{7f21}「魔物の世界にも{7f02}権力だの　なんだのって{7f02}めんどくさい事情が　あるのねー。{0000},0x046A
"",{7f04}{7f31}「裏切り者には{7f02}それなりの　報いを{7f02}与えてやらねば　ならん。{7f0a}{7f02}{7f04}{7f31}「許さんぞ{7f02}エビルプリーストめ……。{0000},0x048C
"",{7f04}{7f23}「城から逃げ出す{7f02}姫もいれば　城を治めたいという{7f02}魔物もいる……。{7f0a}{7f02}{7f04}{7f23}「やれやれ。{7f02}まったく　皮肉な話じゃな。{0000},0x04BD
"",{7f04}{7f20}「この城では{7f02}{7f31}どのは　死んだことに{7f02}なっているようですな。{0000},0x04EF
"",{7f04}{7f31}「エビルプリースト……{7f0a}{7f02}{7f04}{7f31}「この　わたしに{7f02}反旗を　ひるがえすとは{7f02}おろか者め……。{0000},0x0508
"",{7f04}{7f20}「魔物たちが　ひどく{7f02}ざわついておりますな。{0000},0x0530
"",{7f04}{7f24}「私も　すこしは{7f02}強くなりましたからね。{7f0a}{7f02}{7f04}{7f24}「この城の魔物程度では{7f02}もう　おどろきませんよ。{0000},0x0545
"",{7f04}{7f26}「この城で　魔物から{7f02}話を聞くには　こっちも{7f02}魔物になるんだったわね。{7f0a}{7f02}{7f04}{7f26}「って　{7f31}がいるから{7f02}もう　そんなことしなくても{7f02}いいのかしら？{0000},0x056E
"",{7f04}{7f23}「今さら　魔物に{7f02}おどろいても　どうにも{7f02}なりますまい。{7f0a}{7f02}{7f04}{7f23}「さあ　用ならば　早めに{7f02}済まされるとよいでしょう。{0000},0x05A6
"",{7f04}{7f31}「裏切り者を出すなど{7f02}本来ならば　わたし自身の{7f02}恥なのかも　しれんが……{7f0a}{7f02}{7f04}{7f31}「ん？　なんの話かだと？{7f02}ただの　ひとり言だ。{0000},0x05D6
"",{7f04}{7f21}「びっくりしたぁ。{7f02}あんな魔物もいるのね。{0000},0x060D
"",{7f04}{7f20}「この{7f20}は{7f02}すこしも　動じませんでしたぞ。{7f02}勇者どの　おどろかれましたな？{0000},0x0621
"",{7f04}{7f20}「この話が　この城にまで{7f02}伝わっているということは……{7f0a}{7f02}{7f04}{7f20}「{7f32}どのが　その後{7f02}どうなったかも　デス{7f31}は{7f02}知っているかもしれませんな。{0000},0x0641
"",{7f04}{7f32}「この　お城からは{7f02}{7f31}さまの気配は{7f02}感じられません。{7f0a}{7f02}{7f04}{7f32}「きっと……{7f02}{7f31}さまは　ここには{7f02}いないのだと　思います。{0000},0x0678
"",{7f04}{7f20}「なにやら　魔物たちが{7f02}ざわついてるようですが……{7f02}なんなのでしょうな？{0000},0x06A8
"",{7f04}{7f24}「私も　すこしは{7f02}強くなりましたからね。{7f0a}{7f02}{7f04}{7f24}「この城の魔物程度では{7f02}もう　おどろきませんよ。{0000},0x06C7
"",{7f04}{7f26}「この城で　魔物から{7f02}話を聞くには　こっちも{7f02}魔物になるんだったわね。{7f0a}{7f02}{7f04}{7f26}「めんどくさいけど{7f02}こればっかりは　しかたないかぁ。{0000},0x06F0
"",{7f04}{7f23}「今さら　魔物に{7f02}おどろいても　どうにも{7f02}なりますまい。{7f0a}{7f02}{7f04}{7f23}「さあ　用ならば　早めに{7f02}済まされるとよいでしょう。{0000},0x0725
"",{7f04}{7f20}「この話が　この城にまで{7f02}伝わっているということは……{7f0a}{7f02}{7f04}{7f20}「{7f32}どのが　その後{7f02}どうなったかも　デス{7f31}は{7f02}知っているかもしれませんな。{0000},0x0755
"",{7f04}{7f2f}「うわ！　うわ！{7f02}ここは　魔物たちで{7f02}いっぱいです！{0000},0x078C
"",{7f04}{7f20}「なにやら　魔物たちが{7f02}ざわついてるようですが……{7f02}なんなのでしょうな？{0000},0x07A2
"",{7f04}{7f24}「私も　すこしは{7f02}強くなりましたからね。{7f0a}{7f02}{7f04}{7f24}「この城の魔物程度では{7f02}もう　おどろきませんよ。{0000},0x07C1
"",{7f04}{7f26}「この城で　魔物から{7f02}話を聞くには　こっちも{7f02}魔物になるんだったわね。{7f0a}{7f02}{7f04}{7f26}「めんどくさいけど{7f02}こればっかりは　しかたないかぁ。{0000},0x07EA
"",{7f04}{7f23}「今さら　魔物に{7f02}おどろいても　どうにも{7f02}なりますまい。{7f0a}{7f02}{7f04}{7f23}「さあ　用ならば　早めに{7f02}済まされるとよいでしょう。{0000},0x081F
"",{7f04}{7f25}「{7f21}さんたちのことを{7f02}考えると　こんなとき{7f02}なんて　言っていいのか……。{0000},0x084F
"",{7f04}{7f22}「くっ……！{7f02}この{7f22}　くやしくて{7f02}言葉になりませんっ！{7f0a}{7f02}{7f04}{7f22}「こうなれば{7f02}この私の　命にかえてでも{7f02}地獄の帝王を　倒してみせます！{0000},0x086D
"",{7f04}{7f23}「やはり　そういうことか。{7f02}王の予知能力が{7f02}ここで　仇になるとは……。{0000},0x08A6
"",{7f04}{7f21}「なんですってぇ～！！{7f02}地獄の帝王エスターク{7f02}絶対に　許さないわっ！！{7f0a}{7f02}{7f04}{7f21}「さあ　行くわよっ！{7f02}アッテムト　アッテムト！！{7f02}鉱山の町　アッテムトよ！{0000},0x08C6
"",{7f04}{7f23}「天空の神……。{7f02}あまり　聞き覚えのない{7f02}言葉ですが……。{0000},0x0910
"",{7f04}{7f25}「どういうこと？{7f02}進化の秘法は　まだ未完成で……{7f0a}{7f02}{7f04}{7f25}「そのせいで{7f02}エスターク自身も{7f02}まだ完全じゃない……ってこと？{0000},0x092B
"",{7f04}{7f21}「ふうっ！{7f02}やっぱり　人間の姿の方が{7f02}断然　動きやすいわ！{0000},0x0963
"",{7f04}{7f26}「あら？{7f02}もう　魔物にならなくていいの？{7f02}だったら　うれしいけど。{0000},0x097F
"",{7f04}{7f24}「こうなったら{7f02}やぶれかぶれです！{7f02}どこだって　行きますよ！{0000},0x099A
"",{7f04}{7f20}「いよいよ{7f02}正念場をむかえたのかも{7f02}しれませんな。{7f0a}{7f02}{7f04}{7f20}「行きましょう。{7f02}恐れと油断は　禁物ですぞ。{0000},0x09B4
"",{7f04}{7f25}「コーミズ村のみんな……。{7f02}ペスタ　死なないで……。{0000},0x09E3
"",{7f04}{7f22}「とりあえず　この城に{7f02}これ以上の用は　ないでしょう。{7f0a}{7f02}{7f04}{7f22}「取り返しの{7f02}つかないことになる前に{7f02}アッテムトに　急ぎましょう！{0000},0x09FD
"",{7f04}{7f23}「今さら　魔物に{7f02}おどろいても　どうにも{7f02}なりますまい。{7f0a}{7f02}{7f04}{7f23}「さあ　先を急ぎましょうぞ。{0000},0x0A37
"",{7f04}{7f26}「ぷぷっ！　ねえ　{7f25}。{7f02}あんた　その姿で夢見るの{7f02}おかしいから　やめてくれる？{0000},0x0A5E
"",{7f04}{7f25}「空を飛ぶって{7f02}どんな気分かしら？　想像すると{7f02}ちょっとステキ……。{0000},0x0A81
"",{7f04}{7f24}「たしか{7f02}どこかの町では　かつて{7f02}気球を　作っていたそうです。{0000},0x0AA2
"",{7f04}{7f22}「その気球があれば{7f02}たしかに　便利でしょうね。{7f0a}{7f02}{7f04}{7f22}「こんな話を{7f02}魔物のクチから　聞けるとは{7f02}思ってもみませんでした。{0000},0x0ABE
"",{7f04}{7f21}「びっくりしたぁ。{7f02}あんな魔物もいるのね。{0000},0x0AF3
"",{7f04}{7f20}「この{7f20}は{7f02}すこしも　動じませんでしたぞ。{7f02}勇者どの　おどろかれましたな？{0000},0x0B06
"",{7f04}{7f20}「魔物たちには{7f02}まったく　悟られる気配が{7f02}ないですな。{0000},0x0B27
"",{7f04}{7f26}「とか言ってるから{7f02}とりあえず　あたしたちも{7f02}２階の会議室に　急いでみる？{0000},0x0B3F
"",{7f04}{7f23}「会議とは……{7f02}魔物たちは　なにを{7f02}話し合っているのでしょうな。{0000},0x0B61
"",{7f04}{7f2e}「デスパレスで　スパレス解消！{7f02}ふむ。こんな姿では　いいネタが{7f02}出ないと　わかりました。{0000},0x0B7D
"",{7f04}{7f24}「なんだか　私{7f02}この姿に　だんだん{7f02}愛着を　感じてきましたよ。{0000},0x0BA7
"",{7f04}{7f20}「せっかく　こんな姿に{7f02}なっているのです。魔物たちに{7f02}気づかれなければよいですな。{0000},0x0BC3
"",{7f04}{7f23}「自ら魔物になるとは……。{7f02}長生きは　してみるもんじゃ。{0000},0x0BE5
"",{7f04}{7f25}「がおーーーっ！！{7f02}……っと　すみません！{7f02}なんだか　なりきっちゃって……。{0000},0x0BFF
"",{7f04}{7f21}「魔物の姿だと{7f02}すっごく　動きにくいわ！{7f02}はやく　人間に戻りたいっ！{0000},0x0C1F
"",{7f04}{7f26}「うげ～～～。{7f02}魔物になるなんて　こりゃ{7f02}人生で　最悪の経験だわ。{0000},0x0C3D
"",{7f04}{7f22}「とりあえず{7f02}この姿ならば　魔物たちの目も{7f02}あざむくことが　できるでしょう。{0000},0x0C5D
"",{7f04}{7f24}「ひっ…ひえ～～～～っ！{7f02}魔物がっ！　魔物がいますよっ！{0000},0x0C7F
"",{7f04}{7f21}「うんと近づかなければ{7f02}向こうから　襲ってくることは{7f02}なさそうね。{0000},0x0C99
"",{7f04}{7f25}「ここは　魔物からも{7f02}いろいろと　話を{7f02}聞きたいところです。{0000},0x0CB7
"",{7f04}{7f22}「人間の姿のままでは{7f02}この城を　充分に調べることは{7f02}できないでしょう。{0000},0x0CD1
"",{7f04}{7f26}「しーーーーっ！！{7f02}こんな所で　しゃべってたら{7f02}見つかっちゃうわよっ！{0000},0x0CF0
"",{7f04}{7f23}「魔物の城などというものが{7f02}実際にあるとは{7f02}思いませんでしたな。{0000},0x0D0F
"",{7f04}{7f20}「敵の本拠地を{7f02}この格好で進むとは{7f02}勇者どのも　大した勇気ですな。{0000},0x0D2B
