"",げげげっ！{7f02}そこにいるのは　デスピサロか！{7f0a}{7f02}げはげはっ！{7f02}きさまを倒して　一気に{7f02}総大将に　なってやるわあっ！{7f0b}{0000},0x0018
"",げっはっはっはぁ！{7f02}エビルプリーストさまに{7f02}ついてきたかいが　あったわい！{7f0a}{7f02}今ではオレも{7f02}魔族の中隊長さまよぉ！{7f02}げーっはっはぁ！{7f0b}{0000},0x0048
"",げはげは？{7f02}見たことのないカオだな。{7f02}新入りか？　げは？{7f0b}{0000},0x0081
"",われら　魔族の王は{7f02}偉大なる　デスピサロさまだ！{7f0b}{0000},0x009A
"",げはげは！{7f02}待て！　誰かいるようだぞ！{7f0b}{0000},0x00B1
"",う～む……。このいきおいでは{7f02}エビルプリーストさまが　われら{7f02}魔族の王となる日も　いよいよ……{7f0b}{0000},0x00C3
"",げはげは。{7f02}どうやら　今度ばかりは{7f02}本気のようだぞ。{7f0a}{7f02}デスピサロさまの　一番大切なものを{7f02}うばうために　おろかな人間どもを{7f02}利用するのだそうだ。げは。{7f0b}{0000},0x00EB
"",なんだと！？{7f02}では　エビルプリーストさまは{7f02}本当にデスピサロさまを……？{7f0b}{0000},0x012D
"",むむむっ！！{7f02}おのれ！　くせ者め！{7f0b}{0000},0x014F
"",お！　人間め！{7f02}牢屋から　逃げ出したな！{7f0b}{0000},0x015F
"",く～っふっふっ！{7f02}こいつは　ついてる！{7f02}うまそうな人間だわい！{7f0b}{0000},0x0173
"",{7f04}{7f20}「魔物たちが　ひどく{7f02}ざわついておりますな。{0000},0x018D
"",{7f04}{7f24}「私も　すこしは{7f02}強くなりましたからね。{7f0a}{7f02}{7f04}{7f24}「この城の魔物程度では{7f02}もう　おどろきませんよ。{0000},0x01A1
"",{7f04}{7f26}「この城で　魔物から{7f02}話を聞くには　こっちも{7f02}魔物になるんだったわね。{7f0a}{7f02}{7f04}{7f26}「って　{7f31}がいるから{7f02}もう　そんなことしなくても{7f02}いいのかしら？{0000},0x01C9
"",{7f04}{7f23}「今さら　魔物に{7f02}おどろいても　どうにも{7f02}なりますまい。{7f0a}{7f02}{7f04}{7f23}「さあ　用ならば　早めに{7f02}済まされるとよいでしょう。{0000},0x0200
"",{7f04}{7f31}「裏切り者を出すなど{7f02}本来ならば　わたし自身の{7f02}恥なのかも　しれんが……{7f0a}{7f02}{7f04}{7f31}「ん？　なんの話かだと？{7f02}ただの　ひとり言だ。{0000},0x022F
"",{7f04}{7f32}「この　お城からは{7f02}{7f31}さまの気配は{7f02}感じられません。{7f0a}{7f02}{7f04}{7f32}「きっと……{7f02}{7f31}さまは　ここには{7f02}いないのだと　思います。{0000},0x0267
"",{7f04}{7f20}「なにやら　魔物たちが{7f02}ざわついてるようですが……{7f02}なんなのでしょうな？{0000},0x0297
"",{7f04}{7f24}「私も　すこしは{7f02}強くなりましたからね。{7f0a}{7f02}{7f04}{7f24}「この城の魔物程度では{7f02}もう　おどろきませんよ。{0000},0x02B5
"",{7f04}{7f26}「この城で　魔物から{7f02}話を聞くには　こっちも{7f02}魔物になるんだったわね。{7f0a}{7f02}{7f04}{7f26}「めんどくさいけど{7f02}こればっかりは　しかたないかぁ。{0000},0x02DD
"",{7f04}{7f23}「今さら　魔物に{7f02}おどろいても　どうにも{7f02}なりますまい。{7f0a}{7f02}{7f04}{7f23}「さあ　用ならば　早めに{7f02}済まされるとよいでしょう。{0000},0x0311
"",{7f04}{7f2f}「うわ！　うわ！{7f02}ここは　魔物たちで{7f02}いっぱいです！{0000},0x0340
"",{7f04}{7f20}「なにやら　魔物たちが{7f02}ざわついてるようですが……{7f02}なんなのでしょうな？{0000},0x0356
"",{7f04}{7f24}「私も　すこしは{7f02}強くなりましたからね。{7f0a}{7f02}{7f04}{7f24}「この城の魔物程度では{7f02}もう　おどろきませんよ。{0000},0x0374
"",{7f04}{7f26}「この城で　魔物から{7f02}話を聞くには　こっちも{7f02}魔物になるんだったわね。{7f0a}{7f02}{7f04}{7f26}「めんどくさいけど{7f02}こればっかりは　しかたないかぁ。{0000},0x039C
"",{7f04}{7f23}「今さら　魔物に{7f02}おどろいても　どうにも{7f02}なりますまい。{7f0a}{7f02}{7f04}{7f23}「さあ　用ならば　早めに{7f02}済まされるとよいでしょう。{0000},0x03D0
"",{7f04}{7f21}「ふうっ！{7f02}やっぱり　人間の姿の方が{7f02}断然　動きやすいわ！{0000},0x03FF
"",{7f04}{7f26}「あら？{7f02}もう　魔物にならなくていいの？{7f02}だったら　うれしいけど。{0000},0x041A
"",{7f04}{7f24}「こうなったら{7f02}やぶれかぶれです！{7f02}どこだって　行きますよ！{0000},0x0435
"",{7f04}{7f20}「いよいよ{7f02}正念場をむかえたのかも{7f02}しれませんな。{7f0a}{7f02}{7f04}{7f20}「行きましょう。{7f02}恐れと油断は　禁物ですぞ。{0000},0x0450
"",{7f04}{7f25}「コーミズ村のみんな……。{7f02}ペスタ　死なないで……。{0000},0x047D
"",{7f04}{7f22}「とりあえず　この城に{7f02}これ以上の用は　ないでしょう。{7f0a}{7f02}{7f04}{7f22}「取り返しの{7f02}つかないことになる前に{7f02}アッテムトに　急ぎましょう！{0000},0x0497
"",{7f04}{7f23}「今さら　魔物に{7f02}おどろいても　どうにも{7f02}なりますまい。{7f0a}{7f02}{7f04}{7f23}「さあ　先を急ぎましょうぞ。{0000},0x04D1
"",{7f04}{7f24}「なんだか　私{7f02}この姿に　だんだん{7f02}愛着を　感じてきましたよ。{0000},0x04F8
"",{7f04}{7f20}「せっかく　こんな姿に{7f02}なっているのです。魔物たちに{7f02}気づかれなければよいですな。{0000},0x0514
"",{7f04}{7f23}「自ら魔物になるとは……。{7f02}長生きは　してみるもんじゃ。{0000},0x0536
"",{7f04}{7f25}「がおーーーっ！！{7f02}……っと　すみません！{7f02}なんだか　なりきっちゃって……。{0000},0x054F
"",{7f04}{7f21}「魔物の姿だと{7f02}すっごく　動きにくいわ！{7f02}はやく　人間に戻りたいっ！{0000},0x056E
"",{7f04}{7f26}「うげ～～～。{7f02}魔物になるなんて　こりゃ{7f02}人生で　最悪の経験だわ。{0000},0x058C
"",{7f04}{7f22}「とりあえず{7f02}この姿ならば　魔物たちの目も{7f02}あざむくことが　できるでしょう。{0000},0x05AB
"",{7f04}{7f24}「ひっ…ひえ～～～～っ！{7f02}魔物がっ！　魔物がいますよっ！{0000},0x05CD
"",{7f04}{7f21}「うんと近づかなければ{7f02}向こうから　襲ってくることは{7f02}なさそうね。{0000},0x05E6
"",{7f04}{7f25}「ここは　魔物からも{7f02}いろいろと　話を{7f02}聞きたいところです。{0000},0x0603
"",{7f04}{7f22}「人間の姿のままでは{7f02}この城を　充分に調べることは{7f02}できないでしょう。{0000},0x061D
"",{7f04}{7f26}「しーーーーっ！！{7f02}こんな所で　しゃべってたら{7f02}見つかっちゃうわよっ！{0000},0x063C
"",{7f04}{7f23}「魔物の城などというものが{7f02}実際にあるとは{7f02}思いませんでしたな。{0000},0x065B
"",{7f04}{7f20}「敵の本拠地を{7f02}この格好で進むとは{7f02}勇者どのも　大した勇気ですな。{0000},0x0676
