"",{7f43}{7f04}{7f31}「……{7f1f}。{7f0a}{7f02}{7f04}{7f31}「{7f1f}よ　聞こえるか？{7f0a}{7f02}{7f04}{7f31}「わたしは　仮にも{7f02}魔族を束ねる者だ。天空の城に{7f02}入ることはできない。{7f0a}{7f02}{7f04}{7f31}「さよならだ。{7f02}わたしは　ここで行く。{7f0a}{7f02}{7f04}{7f31}「お前とは　いずれ{7f02}また会うだろう。そのときは{7f02}敵か味方か　わからぬがな。{7f0b}{0000},0x0018
"",{7f45}{7f1f}よ　戻りなさい。{7f02}わが　天空の城へ……。{7f0b}{0000},0x0081
"",どこからか　不思議な声が聞こえる。{7f0a}{0000},0x0097
"",不思議なチカラが　はたらき{7f02}なんと　{7f31}が生き返った！{0000},0x00A7
"",不思議なチカラが　はたらき{7f02}なんと　{7f24}が生き返った！{0000},0x00BD
"",不思議なチカラが　はたらき{7f02}なんと　{7f25}が生き返った！{0000},0x00D3
"",不思議なチカラが　はたらき{7f02}なんと　{7f26}が生き返った！{0000},0x00E9
"",不思議なチカラが　はたらき{7f02}なんと　{7f23}が生き返った！{0000},0x00FF
"",不思議なチカラが　はたらき{7f02}なんと　{7f22}が生き返った！{0000},0x0115
"",不思議なチカラが　はたらき{7f02}なんと　{7f21}が生き返った！{0000},0x012B
"",不思議なチカラが　はたらき{7f02}なんと　{7f20}が生き返った！{0000},0x0141
"",不思議なチカラが　はたらき{7f02}なんと　{7f1f}が生き返った！{0000},0x0157
"",不思議なチカラが　はたらき{7f02}なんと　{7f1a}が生き返った！{0000},0x016E
"",{7f45}{7f04}エビルプリースト「ば…ばかな……。{7f0a}{7f02}{7f45}{7f04}エビルプリースト「……それとも{7f02}これも……進化の秘法が…見せる{7f02}幻覚…なのか……。{7f0a}{7f02}{7f45}{7f04}エビルプリースト「われこそは……{7f02}世界を…支配する……魔族の王…{7f02}エビルプリースト…だ……。{7f0b}{0000},0x0184
"",{7f45}{7f04}エビルプリースト「デスピサロか。{7f02}どうやら　往生際というものまで{7f02}忘れてしまったようだな。{7f0a}{7f02}{7f45}{7f04}エビルプリースト「今度こそは{7f02}お前の魂に　永遠に消えぬ{7f02}わが名を　刻みつけてやろう！！{7f0a}{7f02}{7f45}{7f04}エビルプリースト「死ね　デスピサロ！{7f02}地獄で　エスタークが{7f02}お前を待っているぞ！！{7f0b}{0000},0x01E7
"",{7f45}{7f04}エビルプリースト「呪うがいい！{7f02}真の王者と　同じ時代に{7f02}生まれ落ちた　おのれの不幸を！{7f0b}{0000},0x0265
"",{7f45}{7f04}エビルプリースト「むっ！{7f02}お…お前は　デスピサロか！？{7f0a}{7f02}{7f45}{7f04}エビルプリースト「ほう…　その顔は{7f02}すべてを悟ったようだな。{7f02}いかにも　そのとおり！{7f0a}{7f02}{7f45}{7f04}エビルプリースト「ロザリーを{7f02}亡き者にし　お前の自滅を{7f02}さそったのは　このわたしだ。{7f0a}{7f02}{7f45}{7f04}エビルプリースト「わっはっはっ！{7f02}このわたしが　憎いか？{7f02}しかし…{7f0a}{7f02}{7f45}{7f04}エビルプリースト「あれほど{7f02}さげすんでた人間と　手を組むとは{7f02}もはや　恥も極まったな！{7f0a}{7f02}{7f45}{7f04}エビルプリースト「どちらにせよ{7f02}もう　おそいわ。デスピサロよ{7f02}お前の時代は　終わったのだ。{7f0a}{7f02}{7f45}{7f04}エビルプリースト「見せてやろう。{7f02}進化の究極を極めた{7f02}このわたしの　新たなる姿を！{7f0b}{0000},0x0290
"",{7f45}{7f04}エビルプリースト「むう？　人間か。{7f02}こんな所まで入ってくるとは{7f02}なかなかの勇気だ。{7f0a}{7f02}{7f45}{7f04}エビルプリースト「その勇気を{7f02}たたえて　お前たちに{7f02}いいことを　教えてやろう。{7f0a}{7f02}{7f45}{7f04}エビルプリースト「お前たちの{7f02}真の敵である　デスピサロは{7f02}今はもう　この城にはいないのだ。{7f0a}{7f02}{7f45}{7f04}エビルプリースト「デスピサロは{7f02}地下帝国で　進化の秘法を使い{7f02}今も　進化を続けているだろう。{7f0a}{7f02}{7f45}{7f04}エビルプリースト「急がねば{7f02}お前たち人間は　デスピサロに{7f02}滅ぼされてしまうかもしれんぞ。{7f0b}{0000},0x038E
"",{7f45}{7f45}{7f04}エビルプリースト「見かけぬ連中だな。{7f02}とにかく　このわたしに{7f02}あいさつに来るとは　いい心がけだ。{7f0a}{7f02}{7f45}{7f04}エビルプリースト「覚えておくといい。{7f02}この城の……いや　魔族の王は{7f02}このエビルプリーストさまだ！{7f0b}{0000},0x0459
"",おのれ　くせものめ！{7f0b}{0000},0x04B0
"",エビルプリーストさまに{7f02}お目通りが　かなうことを{7f02}幸福と思うのだぞ！{7f0b}{0000},0x04BA
"",おのれ　くせものめ！{7f0b}{0000},0x04D9
"",ここは　われらが{7f02}エビルプリーストさまの{7f02}玉座の間だ！{7f0b}{0000},0x04E3
"",ここにあるは{7f02}われらがデスピサロさまの{7f02}玉座である！{7f0a}{7f02}しかし最近　デスピサロさまを{7f02}この座から　追いやろうとする{7f02}ふらちな者がいるという　うわさだ。{7f0a}{7f02}お前たちは　そのような{7f02}よからぬ考えの{7f02}持ち主では　あるまいな？{7f0b}{0000},0x04FB
"",むむむっ！！{7f02}おのれ！　くせ者め！{7f0b}{0000},0x055A
"",お！　人間め！{7f02}牢屋から　逃げ出したな！{7f0b}{0000},0x056B
"",く～っふっふっ！{7f02}こいつは　ついてる！{7f02}うまそうな人間だわい！{7f0b}{0000},0x057F
"",まがまがしい　魔人像だ。{7f0b}{0000},0x059B
"",{7f04}{7f24}「ここは　ひとつ{7f02}{7f31}さんを　ここに{7f02}お連れするべきですね。{7f0a}{7f02}{7f04}{7f24}「なんでしたら　私は{7f02}馬車の中で待ってますが……{7f02}え？　ダメですか？{0000},0x05A6
"",{7f04}{7f22}「どうあっても{7f02}我々と　{7f31}さんを{7f02}戦わせたいようですね。{7f0a}{7f02}{7f04}{7f22}「物事は　そうそう{7f02}思い通りにならないことを{7f02}示してやるべきでしょう。{0000},0x05E2
"",{7f04}{7f25}「ここまで状況が{7f02}飲み込めてないと　なんだか{7f02}気のどくに　なってくるわ。{7f0a}{7f02}{7f04}{7f25}「{7f31}さんを{7f02}ここに連れてきたら　いったい{7f02}どう言うのか　見ものね。{0000},0x061D
"",{7f04}{7f26}「決心がにぶる前に{7f02}さっさと　戦っちゃうのが{7f02}最善の策だと　あたしは思うのよ。{0000},0x065B
"",{7f04}{7f20}「今　話した感じでは{7f02}さほどのチカラは{7f02}感じませんでしたが……{7f0a}{7f02}{7f04}{7f20}「油断は　できません。{7f02}なにか　秘策があるやも{7f02}しれませんからな。{0000},0x0680
"",{7f04}{7f21}「今のが{7f02}エビルプリーストね。{7f0a}{7f02}{7f04}{7f21}「人間が　化けてることに{7f02}気づかないなんて　ひょっとして{7f02}結構　アタマ悪いんじゃない？{0000},0x06BB
"",{7f04}{7f20}「魔物たちが　ひどく{7f02}ざわついておりますな。{0000},0x06F4
"",{7f04}{7f24}「私も　すこしは{7f02}強くなりましたからね。{7f0a}{7f02}{7f04}{7f24}「この城の魔物程度では{7f02}もう　おどろきませんよ。{0000},0x0709
"",{7f04}{7f26}「この城で　魔物から{7f02}話を聞くには　こっちも{7f02}魔物になるんだったわね。{7f0a}{7f02}{7f04}{7f26}「って　{7f31}がいるから{7f02}もう　そんなことしなくても{7f02}いいのかしら？{0000},0x0732
"",{7f04}{7f23}「今さら　魔物に{7f02}おどろいても　どうにも{7f02}なりますまい。{7f0a}{7f02}{7f04}{7f23}「さあ　用ならば　早めに{7f02}済まされるとよいでしょう。{0000},0x076A
"",{7f04}{7f31}「裏切り者を出すなど{7f02}本来ならば　わたし自身の{7f02}恥なのかも　しれんが……{7f0a}{7f02}{7f04}{7f31}「ん？　なんの話かだと？{7f02}ただの　ひとり言だ。{0000},0x079B
"",{7f04}{7f32}「この　お城からは{7f02}{7f31}さまの気配は{7f02}感じられません。{7f0a}{7f02}{7f04}{7f32}「きっと……{7f02}{7f31}さまは　ここには{7f02}いないのだと　思います。{0000},0x07D3
"",{7f04}{7f20}「なにやら　魔物たちが{7f02}ざわついてるようですが……{7f02}なんなのでしょうな？{0000},0x0803
"",{7f04}{7f24}「私も　すこしは{7f02}強くなりましたからね。{7f0a}{7f02}{7f04}{7f24}「この城の魔物程度では{7f02}もう　おどろきませんよ。{0000},0x0822
"",{7f04}{7f26}「この城で　魔物から{7f02}話を聞くには　こっちも{7f02}魔物になるんだったわね。{7f0a}{7f02}{7f04}{7f26}「めんどくさいけど{7f02}こればっかりは　しかたないかぁ。{0000},0x084B
"",{7f04}{7f23}「今さら　魔物に{7f02}おどろいても　どうにも{7f02}なりますまい。{7f0a}{7f02}{7f04}{7f23}「さあ　用ならば　早めに{7f02}済まされるとよいでしょう。{0000},0x0881
"",{7f04}{7f2f}「うわ！　うわ！{7f02}ここは　魔物たちで{7f02}いっぱいです！{0000},0x08B1
"",{7f04}{7f20}「なにやら　魔物たちが{7f02}ざわついてるようですが……{7f02}なんなのでしょうな？{0000},0x08C8
"",{7f04}{7f24}「私も　すこしは{7f02}強くなりましたからね。{7f0a}{7f02}{7f04}{7f24}「この城の魔物程度では{7f02}もう　おどろきませんよ。{0000},0x08E7
"",{7f04}{7f26}「この城で　魔物から{7f02}話を聞くには　こっちも{7f02}魔物になるんだったわね。{7f0a}{7f02}{7f04}{7f26}「めんどくさいけど{7f02}こればっかりは　しかたないかぁ。{0000},0x0910
"",{7f04}{7f23}「今さら　魔物に{7f02}おどろいても　どうにも{7f02}なりますまい。{7f0a}{7f02}{7f04}{7f23}「さあ　用ならば　早めに{7f02}済まされるとよいでしょう。{0000},0x0946
"",{7f04}{7f21}「ふうっ！{7f02}やっぱり　人間の姿の方が{7f02}断然　動きやすいわ！{0000},0x0976
"",{7f04}{7f26}「あら？{7f02}もう　魔物にならなくていいの？{7f02}だったら　うれしいけど。{0000},0x0993
"",{7f04}{7f24}「こうなったら{7f02}やぶれかぶれです！{7f02}どこだって　行きますよ！{0000},0x09AE
"",{7f04}{7f20}「いよいよ{7f02}正念場をむかえたのかも{7f02}しれませんな。{7f0a}{7f02}{7f04}{7f20}「行きましょう。{7f02}恐れと油断は　禁物ですぞ。{0000},0x09C9
"",{7f04}{7f25}「コーミズ村のみんな……。{7f02}ペスタ　死なないで……。{0000},0x09F8
"",{7f04}{7f22}「とりあえず　この城に{7f02}これ以上の用は　ないでしょう。{7f0a}{7f02}{7f04}{7f22}「取り返しの{7f02}つかないことになる前に{7f02}アッテムトに　急ぎましょう！{0000},0x0A12
"",{7f04}{7f23}「今さら　魔物に{7f02}おどろいても　どうにも{7f02}なりますまい。{7f0a}{7f02}{7f04}{7f23}「さあ　先を急ぎましょうぞ。{0000},0x0A4C
"",{7f04}{7f24}「なんだか　私{7f02}この姿に　だんだん{7f02}愛着を　感じてきましたよ。{0000},0x0A74
"",{7f04}{7f20}「せっかく　こんな姿に{7f02}なっているのです。魔物たちに{7f02}気づかれなければよいですな。{0000},0x0A90
"",{7f04}{7f23}「自ら魔物になるとは……。{7f02}長生きは　してみるもんじゃ。{0000},0x0AB3
"",{7f04}{7f25}「がおーーーっ！！{7f02}……っと　すみません！{7f02}なんだか　なりきっちゃって……。{0000},0x0ACD
"",{7f04}{7f21}「魔物の姿だと{7f02}すっごく　動きにくいわ！{7f02}はやく　人間に戻りたいっ！{0000},0x0AED
"",{7f04}{7f26}「うげ～～～。{7f02}魔物になるなんて　こりゃ{7f02}人生で　最悪の経験だわ。{0000},0x0B0D
"",{7f04}{7f22}「とりあえず{7f02}この姿ならば　魔物たちの目も{7f02}あざむくことが　できるでしょう。{0000},0x0B2C
"",{7f04}{7f24}「ひっ…ひえ～～～～っ！{7f02}魔物がっ！　魔物がいますよっ！{0000},0x0B4E
"",{7f04}{7f21}「うんと近づかなければ{7f02}向こうから　襲ってくることは{7f02}なさそうね。{0000},0x0B68
"",{7f04}{7f25}「ここは　魔物からも{7f02}いろいろと　話を{7f02}聞きたいところです。{0000},0x0B87
"",{7f04}{7f22}「人間の姿のままでは{7f02}この城を　充分に調べることは{7f02}できないでしょう。{0000},0x0BA1
"",{7f04}{7f26}「しーーーーっ！！{7f02}こんな所で　しゃべってたら{7f02}見つかっちゃうわよっ！{0000},0x0BC1
"",{7f04}{7f23}「魔物の城などというものが{7f02}実際にあるとは{7f02}思いませんでしたな。{0000},0x0BE0
"",{7f04}{7f20}「敵の本拠地を{7f02}この格好で進むとは{7f02}勇者どのも　大した勇気ですな。{0000},0x0BFC
