"",デ…デスピサロさまが{7f02}いるように見えるが……{7f02}そんなはずはないな。{7f0a}{7f02}幻覚だ……。これは　幻覚だ……。{7f0b}{0000},0x0018
"",新しい王は　エビルプリーストさまで{7f02}しかたがないとは思うが……{7f0a}{7f02}デスピサロさまと　くらべたら{7f02}やっぱり　見劣りするな。{7f02}お前も　そう思うだろ？{7f0b}{0000},0x0044
"",おかしい！　アッテムトに{7f02}向かった連中が　いつまでたっても{7f02}帰ってこぬのだ……。{7f0b}{0000},0x0085
"",まさかとは思うが{7f02}いやな　うわさを耳にした……。{7f0a}{7f02}エスターク帝王が　復活したが{7f02}予言通り　勇者に倒されたとか……。{7f02}そんな　ばかなっ！{7f0b}{0000},0x00A8
"",何をしておる！{7f02}早く　アッテムトに向かわぬか！{7f0a}{7f02}知っていると思うが{7f02}アッテムトは　キングレオ城の{7f02}北西の岬だぞ。{7f0b}{0000},0x00E3
"",帝王エスタークさまが{7f02}予言通り　ついに復活した！{7f0a}{7f02}いよいよ　われら魔族の時代が{7f02}やってきたぞ！　じ～ん……。{7f0b}{0000},0x011B
"",{7f04}デスピサロ「聞いてくれ　諸君！{7f02}たった今　鉱山の町アッテムトで{7f02}大変な事態が　起こった！{7f0a}{7f02}{7f04}デスピサロ「地獄の帝王エスタークが{7f02}人間どもの手によって{7f02}よみがえったらしい！{7f0a}{7f02}{7f04}デスピサロ「どうやら　人間どもは{7f02}気づかぬうちに　地獄の世界を{7f02}掘り当ててしまったらしいのだ。{7f0a}{7f02}{7f04}デスピサロ「とにかく　アッテムトだ！{7f02}エスターク帝王を　なんとしても{7f02}わが城に　お迎えするのだ！{7f0a}{7f02}{7f04}デスピサロ「さあ　行くぞ！{7f02}諸君も　急いでくれ！{7f0b}{0000},0x014D
"",せいしゅくに！{7f02}まもなく　デスピサロさまが{7f02}いらっしゃる頃だぞ！{7f0b}{0000},0x020C
"",ついに　進化の秘法が{7f02}完成したのかも知れないな。{7f0b}{0000},0x0229
"",う～む。{7f02}まさか　殺したはずの勇者が{7f02}生きていたのが　わかったとか……。{7f0a}{7f02}いや　そんなはずはないな。{7f02}勇者は　あのとき　たしかに{7f02}死んだはずだ。{7f0b}{0000},0x0240
"",ずっと　留守だったデスピサロさまが{7f02}突然　もどってくるとは……。{7f02}いったい　何があったのだろう。{7f0b}{0000},0x027B
"",お前の席は　オレのうしろだ。{7f02}みなに　あいさつしたら{7f02}自分の席で　おとなしくしてろよ。{7f0a}{7f02}イスに　じっと座っていたら{7f02}そのうち　デスピサロさまも{7f02}やってくるだろう。{7f0b}{0000},0x02A4
"",やれやれ。{7f02}なんとか間に合ったみたいだな。{7f0b}{0000},0x02EA
"",急げや急げっ。早く席につかないと{7f02}デスピサロさまが{7f02}お見えになってしまうぞ。{7f0b}{0000},0x02FC
"",むむむっ！！{7f02}おのれ！　くせ者め！{7f0b}{0000},0x031F
"",お！　人間め！{7f02}牢屋から　逃げ出したな！{7f0b}{0000},0x032F
"",く～っふっふっ！{7f02}こいつは　ついてる！{7f02}うまそうな人間だわい！{7f0b}{0000},0x0344
"",{7f04}{7f20}「魔物たちが　ひどく{7f02}ざわついておりますな。{0000},0x035E
"",{7f04}{7f24}「私も　すこしは{7f02}強くなりましたからね。{7f0a}{7f02}{7f04}{7f24}「この城の魔物程度では{7f02}もう　おどろきませんよ。{0000},0x0372
"",{7f04}{7f26}「この城で　魔物から{7f02}話を聞くには　こっちも{7f02}魔物になるんだったわね。{7f0a}{7f02}{7f04}{7f26}「って　{7f31}がいるから{7f02}もう　そんなことしなくても{7f02}いいのかしら？{0000},0x039B
"",{7f04}{7f23}「今さら　魔物に{7f02}おどろいても　どうにも{7f02}なりますまい。{7f0a}{7f02}{7f04}{7f23}「さあ　用ならば　早めに{7f02}済まされるとよいでしょう。{0000},0x03D3
"",{7f04}{7f31}「裏切り者を出すなど{7f02}本来ならば　わたし自身の{7f02}恥なのかも　しれんが……{7f0a}{7f02}{7f04}{7f31}「ん？　なんの話かだと？{7f02}ただの　ひとり言だ。{0000},0x0403
"",{7f04}{7f25}「エスタークを倒したときに{7f02}現れてから　デス{7f31}は{7f02}どこへ行ったのかしら？{0000},0x043B
"",{7f04}{7f26}「事情を知らないってのは{7f02}本当に　幸せなことよね。{0000},0x045D
"",{7f04}{7f32}「この　お城からは{7f02}{7f31}さまの気配は{7f02}感じられません。{7f0a}{7f02}{7f04}{7f32}「きっと……{7f02}{7f31}さまは　ここには{7f02}いないのだと　思います。{0000},0x0474
"",{7f04}{7f20}「なにやら　魔物たちが{7f02}ざわついてるようですが……{7f02}なんなのでしょうな？{0000},0x04A5
"",{7f04}{7f24}「私も　すこしは{7f02}強くなりましたからね。{7f0a}{7f02}{7f04}{7f24}「この城の魔物程度では{7f02}もう　おどろきませんよ。{0000},0x04C4
"",{7f04}{7f26}「この城で　魔物から{7f02}話を聞くには　こっちも{7f02}魔物になるんだったわね。{7f0a}{7f02}{7f04}{7f26}「めんどくさいけど{7f02}こればっかりは　しかたないかぁ。{0000},0x04EC
"",{7f04}{7f23}「今さら　魔物に{7f02}おどろいても　どうにも{7f02}なりますまい。{7f0a}{7f02}{7f04}{7f23}「さあ　用ならば　早めに{7f02}済まされるとよいでしょう。{0000},0x0522
"",{7f04}{7f25}「エスタークを倒したときに{7f02}現れてから　デス{7f31}は{7f02}どこへ行ったのかしら？{0000},0x0552
"",{7f04}{7f26}「事情を知らないってのは{7f02}本当に　幸せなことよね。{0000},0x0573
"",{7f04}{7f2f}「うわ！　うわ！{7f02}ここは　魔物たちで{7f02}いっぱいです！{0000},0x058B
"",{7f04}{7f20}「なにやら　魔物たちが{7f02}ざわついてるようですが……{7f02}なんなのでしょうな？{0000},0x05A1
"",{7f04}{7f24}「私も　すこしは{7f02}強くなりましたからね。{7f0a}{7f02}{7f04}{7f24}「この城の魔物程度では{7f02}もう　おどろきませんよ。{0000},0x05BF
"",{7f04}{7f26}「この城で　魔物から{7f02}話を聞くには　こっちも{7f02}魔物になるんだったわね。{7f0a}{7f02}{7f04}{7f26}「めんどくさいけど{7f02}こればっかりは　しかたないかぁ。{0000},0x05E8
"",{7f04}{7f23}「今さら　魔物に{7f02}おどろいても　どうにも{7f02}なりますまい。{7f0a}{7f02}{7f04}{7f23}「さあ　用ならば　早めに{7f02}済まされるとよいでしょう。{0000},0x061D
"",{7f04}{7f21}「ふうっ！{7f02}やっぱり　人間の姿の方が{7f02}断然　動きやすいわ！{0000},0x064D
"",{7f04}{7f26}「あら？{7f02}もう　魔物にならなくていいの？{7f02}だったら　うれしいけど。{0000},0x066A
"",{7f04}{7f24}「こうなったら{7f02}やぶれかぶれです！{7f02}どこだって　行きますよ！{0000},0x0685
"",{7f04}{7f20}「いよいよ{7f02}正念場をむかえたのかも{7f02}しれませんな。{7f0a}{7f02}{7f04}{7f20}「行きましょう。{7f02}恐れと油断は　禁物ですぞ。{0000},0x069F
"",{7f04}{7f25}「コーミズ村のみんな……。{7f02}ペスタ　死なないで……。{0000},0x06CE
"",{7f04}{7f22}「とりあえず　この城に{7f02}これ以上の用は　ないでしょう。{7f0a}{7f02}{7f04}{7f22}「取り返しの{7f02}つかないことになる前に{7f02}アッテムトに　急ぎましょう！{0000},0x06E7
"",{7f04}{7f23}「今さら　魔物に{7f02}おどろいても　どうにも{7f02}なりますまい。{7f0a}{7f02}{7f04}{7f23}「さあ　先を急ぎましょうぞ。{0000},0x0720
"",{7f04}{7f21}「あのデス{7f31}って{7f02}魔物たちから　よほどの信頼を{7f02}集めているみたいね。{0000},0x0747
"",{7f04}{7f25}「アッテムトは{7f02}わたしたちの故郷の{7f02}コーミズ村の近くです！{7f0a}{7f02}{7f04}{7f25}「いけない！　急ぎましょう！{0000},0x0767
"",{7f04}{7f24}「あわわわ！{7f02}どうなっちゃうんですか！？{7f02}あたふた　あたふた……。{0000},0x0793
"",{7f04}{7f22}「地獄の帝王が{7f02}よみがえったとは！？{7f0a}{7f02}{7f04}{7f22}「これは　いち大事です！{7f02}すぐに　アッテムトに{7f02}向かいましょう！{0000},0x07AF
"",{7f04}{7f20}「考えているヒマは{7f02}ありません。さあ！　われわれも{7f02}アッテムトに　急ぎましょう！{0000},0x07DF
"",{7f04}{7f26}「ふーーん。{7f02}デス{7f31}って　まあまあ{7f02}いい男だったわね。{7f0a}{7f02}{7f04}{7f26}「……って　こんなこと{7f02}言ってる場合じゃ　なさそうね。{0000},0x0805
"",{7f04}{7f23}「これで　わかったわい。{7f02}サントハイム王が　アッテムトを{7f02}気にかけていた意味が……。{7f0a}{7f02}{7f04}{7f23}「王は　きっと{7f02}このことに　気づいていたに{7f02}ちがいあるまい……。{0000},0x0836
"",{7f04}{7f21}「え～～っと？{7f02}これで　だいたいの魔物と{7f02}話は　済んだのかしら？{0000},0x0878
"",{7f04}{7f25}「魔物たちは　やっぱり{7f02}まだ　進化の秘法に{7f02}こだわっているのね。{0000},0x0894
"",{7f04}{7f20}「勇者どののことは{7f02}決して　魔物たちに{7f02}知られてはなりませんな。{0000},0x08B1
"",{7f04}{7f22}「やはり　魔物たちは{7f02}{7f1f}さんが　生きていることを{7f02}知らずにいるのですね。{0000},0x08CD
"",{7f04}{7f23}「席まで決まっているとは{7f02}なんとも　妙な気分ですな。{7f0a}{7f02}{7f04}{7f23}「とにかく　言われた通り{7f02}話を聞き終わったら{7f02}うしろの席で　待ちましょうぞ。{0000},0x08EC
"",{7f04}{7f26}「ひと通り　話したら{7f02}あの変なトラみたいなのの{7f02}うしろで　待ってればいいのね。{0000},0x0927
"",{7f04}{7f24}「なんだか　私{7f02}この姿に　だんだん{7f02}愛着を　感じてきましたよ。{0000},0x0949
"",{7f04}{7f20}「せっかく　こんな姿に{7f02}なっているのです。魔物たちに{7f02}気づかれなければよいですな。{0000},0x0965
"",{7f04}{7f23}「自ら魔物になるとは……。{7f02}長生きは　してみるもんじゃ。{0000},0x0988
"",{7f04}{7f25}「がおーーーっ！！{7f02}……っと　すみません！{7f02}なんだか　なりきっちゃって……。{0000},0x09A2
"",{7f04}{7f21}「魔物の姿だと{7f02}すっごく　動きにくいわ！{7f02}はやく　人間に戻りたいっ！{0000},0x09C1
"",{7f04}{7f26}「うげ～～～。{7f02}魔物になるなんて　こりゃ{7f02}人生で　最悪の経験だわ。{0000},0x09E0
"",{7f04}{7f22}「とりあえず{7f02}この姿ならば　魔物たちの目も{7f02}あざむくことが　できるでしょう。{0000},0x0A00
"",{7f04}{7f24}「ひっ…ひえ～～～～っ！{7f02}魔物がっ！　魔物がいますよっ！{0000},0x0A22
"",{7f04}{7f21}「うんと近づかなければ{7f02}向こうから　襲ってくることは{7f02}なさそうね。{0000},0x0A3B
"",{7f04}{7f25}「ここは　魔物からも{7f02}いろいろと　話を{7f02}聞きたいところです。{0000},0x0A59
"",{7f04}{7f22}「人間の姿のままでは{7f02}この城を　充分に調べることは{7f02}できないでしょう。{0000},0x0A73
"",{7f04}{7f26}「しーーーーっ！！{7f02}こんな所で　しゃべってたら{7f02}見つかっちゃうわよっ！{0000},0x0A92
"",{7f04}{7f23}「魔物の城などというものが{7f02}実際にあるとは{7f02}思いませんでしたな。{0000},0x0AB2
"",{7f04}{7f20}「敵の本拠地を{7f02}この格好で進むとは{7f02}勇者どのも　大した勇気ですな。{0000},0x0ACD
