"",むっ　お前はデスピサロ！？{7f02}ばかな！　デスピサロは{7f02}進化の秘法の果てに死んだと聞く！{7f0a}{7f02}さては　きさま　ニセ者だなっ！{7f0b}{0000},0x0018
"",エビルプリーストさまは{7f02}デスピサロとちがい　その身のまま{7f02}進化の究極を　極めたのだそうだ。{7f0a}{7f02}さすがは　エビルプリーストさま。{7f02}デスピサロなど　しょせんは{7f02}小物だったということだな。{7f0b}{0000},0x004E
"",むむっ！　デスピサロめ！{7f02}化けて出たか！{7f0b}{0000},0x009E
"",われら　魔族の王は　偉大なる{7f02}エビルプリーストさまだ！{7f0b}{0000},0x00B2
"",それにしても{7f02}まったく　あわれなのは{7f02}サントハイムの王だよな。{7f0a}{7f02}自分たち人間が　エスタークさまの{7f02}復活を　手助けしてしまうことを{7f02}夢で知って……{7f0a}{7f02}アッテムトでの　穴掘りを{7f02}やめさせようとしたために{7f02}闇のちからで　消されたのであろう。{7f0a}{7f02}われら魔族ですら　エスタークさまが{7f02}あんなところに　封じられたとは{7f02}知らなかったもんな。{7f0b}{0000},0x00CC
"",おおむかし　われら魔族の帝王{7f02}エスタークさまは{7f02}進化の究極を　きわめた！{7f0a}{7f02}しかし　その存在に恐れをなした{7f02}天空の神によって　帝王さまは{7f02}地の底に　封じこめられたのだ。{7f0b}{0000},0x015A
"",むむむっ！！{7f02}おのれ！　くせ者め！{7f0b}{0000},0x01A4
"",お！　人間め！{7f02}牢屋から　逃げ出したな！{7f0b}{0000},0x01B4
"",く～っふっふっ！{7f02}こいつは　ついてる！{7f02}うまそうな人間だわい！{7f0b}{0000},0x01C8
"",{7f04}{7f31}「エビルプリーストごときが{7f02}なにをしたところで{7f02}わたしの相手ではあるまい。{7f0a}{7f02}{7f04}{7f31}「さあ　話を聞くのもいいが{7f02}そろそろ　やつを{7f02}倒しに向かうぞ。{0000},0x01E3
"",{7f04}{7f25}「その身のまま{7f02}進化の究極をって……{7f02}そんなことが　可能なの？{0000},0x0222
"",{7f04}{7f20}「魔物たちが　ひどく{7f02}ざわついておりますな。{0000},0x023E
"",{7f04}{7f24}「私も　すこしは{7f02}強くなりましたからね。{7f0a}{7f02}{7f04}{7f24}「この城の魔物程度では{7f02}もう　おどろきませんよ。{0000},0x0252
"",{7f04}{7f26}「この城で　魔物から{7f02}話を聞くには　こっちも{7f02}魔物になるんだったわね。{7f0a}{7f02}{7f04}{7f26}「って　{7f31}がいるから{7f02}もう　そんなことしなくても{7f02}いいのかしら？{0000},0x027A
"",{7f04}{7f23}「今さら　魔物に{7f02}おどろいても　どうにも{7f02}なりますまい。{7f0a}{7f02}{7f04}{7f23}「さあ　用ならば　早めに{7f02}済まされるとよいでしょう。{0000},0x02B2
"",{7f04}{7f31}「裏切り者を出すなど{7f02}本来ならば　わたし自身の{7f02}恥なのかも　しれんが……{7f0a}{7f02}{7f04}{7f31}「ん？　なんの話かだと？{7f02}ただの　ひとり言だ。{0000},0x02E1
"",{7f04}{7f32}「この　お城からは{7f02}{7f31}さまの気配は{7f02}感じられません。{7f0a}{7f02}{7f04}{7f32}「きっと……{7f02}{7f31}さまは　ここには{7f02}いないのだと　思います。{0000},0x0319
"",{7f04}{7f20}「なにやら　魔物たちが{7f02}ざわついてるようですが……{7f02}なんなのでしょうな？{0000},0x034A
"",{7f04}{7f24}「私も　すこしは{7f02}強くなりましたからね。{7f0a}{7f02}{7f04}{7f24}「この城の魔物程度では{7f02}もう　おどろきませんよ。{0000},0x0368
"",{7f04}{7f26}「この城で　魔物から{7f02}話を聞くには　こっちも{7f02}魔物になるんだったわね。{7f0a}{7f02}{7f04}{7f26}「めんどくさいけど{7f02}こればっかりは　しかたないかぁ。{0000},0x0390
"",{7f04}{7f23}「今さら　魔物に{7f02}おどろいても　どうにも{7f02}なりますまい。{7f0a}{7f02}{7f04}{7f23}「さあ　用ならば　早めに{7f02}済まされるとよいでしょう。{0000},0x03C5
"",{7f04}{7f2f}「うわ！　うわ！{7f02}ここは　魔物たちで{7f02}いっぱいです！{0000},0x03F4
"",{7f04}{7f20}「なにやら　魔物たちが{7f02}ざわついてるようですが……{7f02}なんなのでしょうな？{0000},0x040A
"",{7f04}{7f24}「私も　すこしは{7f02}強くなりましたからね。{7f0a}{7f02}{7f04}{7f24}「この城の魔物程度では{7f02}もう　おどろきませんよ。{0000},0x0428
"",{7f04}{7f26}「この城で　魔物から{7f02}話を聞くには　こっちも{7f02}魔物になるんだったわね。{7f0a}{7f02}{7f04}{7f26}「めんどくさいけど{7f02}こればっかりは　しかたないかぁ。{0000},0x0450
"",{7f04}{7f23}「今さら　魔物に{7f02}おどろいても　どうにも{7f02}なりますまい。{7f0a}{7f02}{7f04}{7f23}「さあ　用ならば　早めに{7f02}済まされるとよいでしょう。{0000},0x0485
"",{7f04}{7f21}「ふうっ！{7f02}やっぱり　人間の姿の方が{7f02}断然　動きやすいわ！{0000},0x04B4
"",{7f04}{7f26}「あら？{7f02}もう　魔物にならなくていいの？{7f02}だったら　うれしいけど。{0000},0x04D0
"",{7f04}{7f24}「こうなったら{7f02}やぶれかぶれです！{7f02}どこだって　行きますよ！{0000},0x04EA
"",{7f04}{7f20}「いよいよ{7f02}正念場をむかえたのかも{7f02}しれませんな。{7f0a}{7f02}{7f04}{7f20}「行きましょう。{7f02}恐れと油断は　禁物ですぞ。{0000},0x0505
"",{7f04}{7f25}「コーミズ村のみんな……。{7f02}ペスタ　死なないで……。{0000},0x0533
"",{7f04}{7f22}「とりあえず　この城に{7f02}これ以上の用は　ないでしょう。{7f0a}{7f02}{7f04}{7f22}「取り返しの{7f02}つかないことになる前に{7f02}アッテムトに　急ぎましょう！{0000},0x054C
"",{7f04}{7f23}「今さら　魔物に{7f02}おどろいても　どうにも{7f02}なりますまい。{7f0a}{7f02}{7f04}{7f23}「さあ　先を急ぎましょうぞ。{0000},0x0586
"",{7f04}{7f21}「地獄の帝王とか{7f02}魔族の王とか　魔物の世界も{7f02}結構　めんどくさいのね。{0000},0x05AC
"",{7f04}{7f26}「ペラペラと{7f02}よく　しゃべる魔物ね。{7f0a}{7f02}{7f04}{7f26}「ああいう男は{7f02}魔物でも人間でも{7f02}あたしは　おことわりだわ。{0000},0x05CD
"",{7f04}{7f20}「帝王　エスターク。{7f02}そして　天空の神……。{7f0a}{7f02}{7f04}{7f20}「今の話{7f02}心にとめておいた方が{7f02}よさそうですな。{0000},0x05FB
"",{7f04}{7f24}「なんだか　私{7f02}この姿に　だんだん{7f02}愛着を　感じてきましたよ。{0000},0x0627
"",{7f04}{7f20}「せっかく　こんな姿に{7f02}なっているのです。魔物たちに{7f02}気づかれなければよいですな。{0000},0x0643
"",{7f04}{7f23}「自ら魔物になるとは……。{7f02}長生きは　してみるもんじゃ。{0000},0x0665
"",{7f04}{7f25}「がおーーーっ！！{7f02}……っと　すみません！{7f02}なんだか　なりきっちゃって……。{0000},0x067F
"",{7f04}{7f21}「魔物の姿だと{7f02}すっごく　動きにくいわ！{7f02}はやく　人間に戻りたいっ！{0000},0x069F
"",{7f04}{7f26}「うげ～～～。{7f02}魔物になるなんて　こりゃ{7f02}人生で　最悪の経験だわ。{0000},0x06BE
"",{7f04}{7f22}「とりあえず{7f02}この姿ならば　魔物たちの目も{7f02}あざむくことが　できるでしょう。{0000},0x06DD
"",{7f04}{7f24}「ひっ…ひえ～～～～っ！{7f02}魔物がっ！　魔物がいますよっ！{0000},0x06FF
"",{7f04}{7f21}「うんと近づかなければ{7f02}向こうから　襲ってくることは{7f02}なさそうね。{0000},0x0718
"",{7f04}{7f25}「ここは　魔物からも{7f02}いろいろと　話を{7f02}聞きたいところです。{0000},0x0736
"",{7f04}{7f22}「人間の姿のままでは{7f02}この城を　充分に調べることは{7f02}できないでしょう。{0000},0x074F
"",{7f04}{7f26}「しーーーーっ！！{7f02}こんな所で　しゃべってたら{7f02}見つかっちゃうわよっ！{0000},0x076E
"",{7f04}{7f23}「魔物の城などというものが{7f02}実際にあるとは{7f02}思いませんでしたな。{0000},0x078D
"",{7f04}{7f20}「敵の本拠地を{7f02}この格好で進むとは{7f02}勇者どのも　大した勇気ですな。{0000},0x07A9
