"",瞑想しているようだ。{7f02}返事がない。{7f0b}{0000},0x0018
"",デスピサロさま！？{7f02}……いや　もはや夢でもいい。{7f02}お伝えいたします。{7f0a}{7f02}エビルプリーストのやつめ{7f02}自分は　進化の究極を極めたなどと{7f02}語っているのです。{7f0a}{7f02}それが真実かは　わかりませぬが{7f02}とにかく　あなどるのは{7f02}危険ですぞ……。{7f0b}{0000},0x0028
"",エビルプリーストめ。{7f02}やつの言葉は　どれも信じられん。{7f0a}{7f02}お前も　心ある魔物ならば{7f02}あんな者の言葉に{7f02}耳を貸すんじゃないぞ。{7f0b}{0000},0x008D
"",デ…デスピサロさまぁ！！{7f0a}{7f02}……私は　信じておりました。{7f02}デスピサロさまが死ぬはずないと。{7f02}うっうっ……。{7f0b}{0000},0x00C6
"",何度　聞かれても同じだ。{7f02}逆賊エビルプリーストに　仕える{7f02}気持ちなど　みじんもない。{7f0a}{7f02}殺すなら殺せと{7f02}エビルプリーストに伝えるがよい。{7f0b}{0000},0x00F6
"",知ってるか？　デスピサロに{7f02}敬意を払ったりしたヤツは{7f02}みんな　牢屋に入れられたよ。{7f0a}{7f02}牢屋に入れられた魔物の{7f02}見張りを　させられるなんて{7f02}思ってもみなかったな。{7f0a}{7f02}食べられるよりはマシだけど{7f02}牢屋の中の　魔物の視線が{7f02}恐ろしくて……。{7f0b}{0000},0x0137
"",い…異常なーし！{7f02}エビルプリーストさまに逆らう{7f02}連中は　おとなしくしていまーす！{7f0b}{0000},0x01A0
"",あら？　あなたたちは人間ね。{7f02}牢屋の見回り　ご苦労さまぁー。{7f0b}{0000},0x01C5
"",はいっ！　はいっ！{7f02}すぐに　お支度しますので{7f02}あたしは　食べちゃダメですぅー！{7f0b}{0000},0x01E2
"",う～ん　不思議だなあ……。{7f02}がい骨のやつ　食ったもの{7f02}どこに　行くんだろう？{7f0b}{0000},0x0204
"",おなかが　すいーた{7f02}腹ぺこ　だー　とっ。{7f0b}{0000},0x0226
"",ヒッヒッヒッ。{7f02}今日の　こんだては{7f02}人間のスープだよ。{7f0b}{0000},0x0237
"",おお　神よ！　ほかの人は{7f02}どうなってもかまいません！{7f0a}{7f02}なにとぞ　なにとぞ{7f02}わたしの命だけは{7f02}お救いください。アーメン。{7f0b}{0000},0x0251
"",わたしは　まだ　やせてるから{7f02}食べられるのは{7f02}いちばん　あと　だろうな。{7f0b}{0000},0x0284
"",えーんえーん。{7f02}太らないように　走って{7f02}ダイエットしなきゃ～！{7f0b}{0000},0x02A1
"",くんくん。おいしそうな{7f02}人間のにおいがするぞ……。{7f0a}{7f02}牢屋から　人間のにおいが{7f02}流れてきたのかな？{7f0b}{0000},0x02BD
"",むむむっ！！{7f02}おのれ！　くせ者め！{7f0b}{0000},0x02E6
"",お！　人間め！{7f02}牢屋から　逃げ出したな！{7f0b}{0000},0x02F6
"",く～っふっふっ！{7f02}こいつは　ついてる！{7f02}うまそうな人間だわい！{7f0b}{0000},0x0309
"",{7f04}{7f31}「エビルプリーストごときを{7f02}相手にするのに　あなどるもなにも{7f02}あったものではないが……{7f0a}{7f02}{7f04}{7f31}「忠言は　素直に{7f02}胸に刻んでおこう。{0000},0x0324
"",{7f04}{7f25}「ここでもまた{7f02}進化の秘法……？{0000},0x035F
"",{7f04}{7f23}「この魔物の{7f02}{7f31}どのへの忠誠心は{7f02}見習うべきものが　ありますな。{0000},0x0370
"",{7f04}{7f20}「おっと　いかん。{7f02}魔物の姿になっていることを{7f02}忘れておりましたな。{0000},0x038E
"",{7f04}{7f22}「人間に　牢の番を{7f02}させるとは　この城の混乱ぶりが{7f02}うかがい知れますね。{0000},0x03AA
"",{7f04}{7f23}「むほほほほ。{7f02}婦女子を　からかうとは{7f02}{7f1f}どのも　人が悪いですな。{0000},0x03CB
"",{7f04}{7f25}「人間が　魔物たちの{7f02}食事の世話をしてるなんて……。{7f02}ちょっと　おかしいわ。{0000},0x03EB
"",{7f04}{7f20}「魔物たちが　ひどく{7f02}ざわついておりますな。{0000},0x040C
"",{7f04}{7f24}「私も　すこしは{7f02}強くなりましたからね。{7f0a}{7f02}{7f04}{7f24}「この城の魔物程度では{7f02}もう　おどろきませんよ。{0000},0x0420
"",{7f04}{7f26}「この城で　魔物から{7f02}話を聞くには　こっちも{7f02}魔物になるんだったわね。{7f0a}{7f02}{7f04}{7f26}「って　{7f31}がいるから{7f02}もう　そんなことしなくても{7f02}いいのかしら？{0000},0x0448
"",{7f04}{7f23}「今さら　魔物に{7f02}おどろいても　どうにも{7f02}なりますまい。{7f0a}{7f02}{7f04}{7f23}「さあ　用ならば　早めに{7f02}済まされるとよいでしょう。{0000},0x0480
"",{7f04}{7f31}「裏切り者を出すなど{7f02}本来ならば　わたし自身の{7f02}恥なのかも　しれんが……{7f0a}{7f02}{7f04}{7f31}「ん？　なんの話かだと？{7f02}ただの　ひとり言だ。{0000},0x04AF
"",{7f04}{7f20}「このような所に{7f02}閉じめられるとは　なんとも{7f02}気のどくな話ですな。{0000},0x04E7
"",{7f04}{7f24}「もし　魔物につかまったら{7f02}私が　最初に　食べられるって{7f02}ことですね……。あわわわ。{0000},0x0505
"",{7f04}{7f26}「日ごろから{7f02}スタイルに　気を配ってないと{7f02}こういうときに　泣きを見るのね。{0000},0x0529
"",{7f04}{7f25}「魔物に見つかったら{7f02}わたしたちも　この牢獄に{7f02}入れられるのでしょうか。{0000},0x054B
"",{7f04}{7f22}「神の教えの{7f02}なんたるかを　ひとつも{7f02}理解していないとは……{7f0a}{7f02}{7f04}{7f22}「まったく　なんと{7f02}情けない神父でしょう。{0000},0x056A
"",{7f04}{7f32}「この　お城からは{7f02}{7f31}さまの気配は{7f02}感じられません。{7f0a}{7f02}{7f04}{7f32}「きっと……{7f02}{7f31}さまは　ここには{7f02}いないのだと　思います。{0000},0x059A
"",{7f04}{7f20}「なにやら　魔物たちが{7f02}ざわついてるようですが……{7f02}なんなのでしょうな？{0000},0x05CA
"",{7f04}{7f24}「私も　すこしは{7f02}強くなりましたからね。{7f0a}{7f02}{7f04}{7f24}「この城の魔物程度では{7f02}もう　おどろきませんよ。{0000},0x05E8
"",{7f04}{7f26}「この城で　魔物から{7f02}話を聞くには　こっちも{7f02}魔物になるんだったわね。{7f0a}{7f02}{7f04}{7f26}「めんどくさいけど{7f02}こればっかりは　しかたないかぁ。{0000},0x0611
"",{7f04}{7f23}「今さら　魔物に{7f02}おどろいても　どうにも{7f02}なりますまい。{7f0a}{7f02}{7f04}{7f23}「さあ　用ならば　早めに{7f02}済まされるとよいでしょう。{0000},0x0646
"",{7f04}{7f2f}「うわ！　うわ！{7f02}ここは　魔物たちで{7f02}いっぱいです！{0000},0x0675
"",{7f04}{7f20}「なにやら　魔物たちが{7f02}ざわついてるようですが……{7f02}なんなのでしょうな？{0000},0x068B
"",{7f04}{7f24}「私も　すこしは{7f02}強くなりましたからね。{7f0a}{7f02}{7f04}{7f24}「この城の魔物程度では{7f02}もう　おどろきませんよ。{0000},0x06A9
"",{7f04}{7f26}「この城で　魔物から{7f02}話を聞くには　こっちも{7f02}魔物になるんだったわね。{7f0a}{7f02}{7f04}{7f26}「めんどくさいけど{7f02}こればっかりは　しかたないかぁ。{0000},0x06D1
"",{7f04}{7f23}「今さら　魔物に{7f02}おどろいても　どうにも{7f02}なりますまい。{7f0a}{7f02}{7f04}{7f23}「さあ　用ならば　早めに{7f02}済まされるとよいでしょう。{0000},0x0706
"",{7f04}{7f21}「ふうっ！{7f02}やっぱり　人間の姿の方が{7f02}断然　動きやすいわ！{0000},0x0736
"",{7f04}{7f26}「あら？{7f02}もう　魔物にならなくていいの？{7f02}だったら　うれしいけど。{0000},0x0752
"",{7f04}{7f24}「こうなったら{7f02}やぶれかぶれです！{7f02}どこだって　行きますよ！{0000},0x076D
"",{7f04}{7f20}「いよいよ{7f02}正念場をむかえたのかも{7f02}しれませんな。{7f0a}{7f02}{7f04}{7f20}「行きましょう。{7f02}恐れと油断は　禁物ですぞ。{0000},0x0787
"",{7f04}{7f25}「コーミズ村のみんな……。{7f02}ペスタ　死なないで……。{0000},0x07B6
"",{7f04}{7f22}「とりあえず　この城に{7f02}これ以上の用は　ないでしょう。{7f0a}{7f02}{7f04}{7f22}「取り返しの{7f02}つかないことになる前に{7f02}アッテムトに　急ぎましょう！{0000},0x07D0
"",{7f04}{7f23}「今さら　魔物に{7f02}おどろいても　どうにも{7f02}なりますまい。{7f0a}{7f02}{7f04}{7f23}「さあ　先を急ぎましょうぞ。{0000},0x080A
"",{7f04}{7f20}「このような所に{7f02}閉じめられるとは　なんとも{7f02}気のどくな話ですな。{0000},0x0832
"",{7f04}{7f24}「もし　魔物につかまったら{7f02}私が　最初に　食べられるって{7f02}ことですね……。あわわわ。{0000},0x084F
"",{7f04}{7f26}「日ごろから{7f02}スタイルに　気を配ってないと{7f02}こういうときに　泣きを見るのね。{0000},0x0873
"",{7f04}{7f25}「魔物に見つかったら{7f02}わたしたちも　この牢獄に{7f02}入れられるのでしょうか。{0000},0x0896
"",{7f04}{7f22}「神の教えの{7f02}なんたるかを　ひとつも{7f02}理解していないとは……{7f0a}{7f02}{7f04}{7f22}「まったく　なんと{7f02}情けない神父でしょう。{0000},0x08B5
"",{7f04}{7f24}「おっとっと……。{7f02}なかなか　鼻のきく{7f02}魔物のようでしたね。{0000},0x08E4
"",{7f04}{7f24}「なんだか　私{7f02}この姿に　だんだん{7f02}愛着を　感じてきましたよ。{0000},0x08FD
"",{7f04}{7f20}「せっかく　こんな姿に{7f02}なっているのです。魔物たちに{7f02}気づかれなければよいですな。{0000},0x0918
"",{7f04}{7f23}「自ら魔物になるとは……。{7f02}長生きは　してみるもんじゃ。{0000},0x093A
"",{7f04}{7f25}「がおーーーっ！！{7f02}……っと　すみません！{7f02}なんだか　なりきっちゃって……。{0000},0x0954
"",{7f04}{7f21}「魔物の姿だと{7f02}すっごく　動きにくいわ！{7f02}はやく　人間に戻りたいっ！{0000},0x0974
"",{7f04}{7f26}「うげ～～～。{7f02}魔物になるなんて　こりゃ{7f02}人生で　最悪の経験だわ。{0000},0x0992
"",{7f04}{7f22}「とりあえず{7f02}この姿ならば　魔物たちの目も{7f02}あざむくことが　できるでしょう。{0000},0x09B1
"",{7f04}{7f24}「ひっ…ひえ～～～～っ！{7f02}魔物がっ！　魔物がいますよっ！{0000},0x09D3
"",{7f04}{7f21}「うんと近づかなければ{7f02}向こうから　襲ってくることは{7f02}なさそうね。{0000},0x09EC
"",{7f04}{7f25}「ここは　魔物からも{7f02}いろいろと　話を{7f02}聞きたいところです。{0000},0x0A0B
"",{7f04}{7f22}「人間の姿のままでは{7f02}この城を　充分に調べることは{7f02}できないでしょう。{0000},0x0A24
"",{7f04}{7f26}「しーーーーっ！！{7f02}こんな所で　しゃべってたら{7f02}見つかっちゃうわよっ！{0000},0x0A43
"",{7f04}{7f23}「魔物の城などというものが{7f02}実際にあるとは{7f02}思いませんでしたな。{0000},0x0A62
"",{7f04}{7f20}「敵の本拠地を{7f02}この格好で進むとは{7f02}勇者どのも　大した勇気ですな。{0000},0x0A7E
