"",なんでも　魔族の王だった魔物が{7f02}死んだとかで　しばらく{7f02}魔物同士で　争ってたみたいだな。{7f0a}{7f02}あんたたち　運がいいよ。{7f02}そうでもなきゃ　この城から{7f02}生きて出られるはずないものな。{7f0b}{0000},0x0018
"",デ…デスピサロさま！{7f02}お　おかえりなさい！{7f0a}{7f02}やはり　死んだなんて{7f02}ウソだったのですねっ！{7f0b}{0000},0x005E
"",デスピサロさまが死んだなど{7f02}何度考えても{7f02}オレには　理解できん！{7f0a}{7f02}あのデスピサロさまが{7f02}死ぬなんて……　そんなこと{7f02}そんなこと　ありえんのだっ！{7f0b}{0000},0x0085
"",デスピサロさまが{7f02}アッテムトに　向かったきり{7f02}お戻りに　ならないのだ！{7f0a}{7f02}まさか　帝王エスタークの身に{7f02}なにか……　いや{7f02}そんなはずは　あるまい。{7f0b}{0000},0x00C5
"",なら　教えてあげよう。{7f02}へんげの杖ってのは　なんにでも{7f02}姿を変えられる　魔法の杖だ。{7f0a}{7f02}聞いた話じゃあ{7f02}エンドール地方の　王家の墓に{7f02}眠っているそうだよ。{7f0b}{0000},0x0104
"",やっぱりそうか。{7f02}そうだと思ったよ。{7f0b}{0000},0x0148
"",あんた　この城に忍びこんで{7f02}よく食べられずに　出てこれたね！{7f0a}{7f02}わかった！　へんげの杖で{7f02}魔物に　化けていたんだろう？{0000},0x0159
"",ひ…　ひえ～！{7f02}やっと　ここまで逃げてきたのに{7f02}見つかってしまうなんてぇ！{7f0a}{7f02}え？　へんげの杖で{7f02}魔物に　化けてるんだって？{7f02}ああ　びっくりした……。{7f0b}{0000},0x018A
"",何をしておる！？{7f02}さっさと　部屋に入らぬか！{7f0a}{7f02}もうまもなく　デスピサロさまが{7f02}お見えになるぞ！{7f0b}{0000},0x01C8
"",デスピサロさまは{7f02}最近　とても忙しげに{7f02}世界中を　飛び回っておられる。{7f0a}{7f02}人間どもを滅ぼし{7f02}われら魔族が　世界を{7f02}支配する日も　近いであろう。{7f0b}{0000},0x01F2
"",むむむっ！！{7f02}おのれ！　くせ者め！{7f0b}{0000},0x0235
"",お！　人間め！{7f02}牢屋から　逃げ出したな！{7f0b}{0000},0x0245
"",く～っふっふっ！{7f02}こいつは　ついてる！{7f02}うまそうな人間だわい！{7f0b}{0000},0x0258
"",まがまがしい　魔人像だ。{7f0b}{0000},0x0273
"",{7f04}{7f20}「魔物たちが　ひどく{7f02}ざわついておりますな。{0000},0x027E
"",{7f04}{7f24}「私も　すこしは{7f02}強くなりましたからね。{7f0a}{7f02}{7f04}{7f24}「この城の魔物程度では{7f02}もう　おどろきませんよ。{0000},0x0292
"",{7f04}{7f26}「この城で　魔物から{7f02}話を聞くには　こっちも{7f02}魔物になるんだったわね。{7f0a}{7f02}{7f04}{7f26}「って　{7f31}がいるから{7f02}もう　そんなことしなくても{7f02}いいのかしら？{0000},0x02BB
"",{7f04}{7f23}「今さら　魔物に{7f02}おどろいても　どうにも{7f02}なりますまい。{7f0a}{7f02}{7f04}{7f23}「さあ　用ならば　早めに{7f02}済まされるとよいでしょう。{0000},0x02F2
"",{7f04}{7f31}「裏切り者を出すなど{7f02}本来ならば　わたし自身の{7f02}恥なのかも　しれんが……{7f0a}{7f02}{7f04}{7f31}「ん？　なんの話かだと？{7f02}ただの　ひとり言だ。{0000},0x0321
"",{7f04}{7f20}「デス{7f31}め。{7f02}部下の魔物たちに　事情も伝えず{7f02}どこで　何をしているのか……。{0000},0x0358
"",{7f04}{7f32}「この　お城からは{7f02}{7f31}さまの気配は{7f02}感じられません。{7f0a}{7f02}{7f04}{7f32}「きっと……{7f02}{7f31}さまは　ここには{7f02}いないのだと　思います。{0000},0x037A
"",{7f04}{7f20}「なにやら　魔物たちが{7f02}ざわついてるようですが……{7f02}なんなのでしょうな？{0000},0x03AA
"",{7f04}{7f24}「私も　すこしは{7f02}強くなりましたからね。{7f0a}{7f02}{7f04}{7f24}「この城の魔物程度では{7f02}もう　おどろきませんよ。{0000},0x03C8
"",{7f04}{7f26}「この城で　魔物から{7f02}話を聞くには　こっちも{7f02}魔物になるんだったわね。{7f0a}{7f02}{7f04}{7f26}「めんどくさいけど{7f02}こればっかりは　しかたないかぁ。{0000},0x03F1
"",{7f04}{7f23}「今さら　魔物に{7f02}おどろいても　どうにも{7f02}なりますまい。{7f0a}{7f02}{7f04}{7f23}「さあ　用ならば　早めに{7f02}済まされるとよいでしょう。{0000},0x0425
"",{7f04}{7f20}「デス{7f31}め。{7f02}部下の魔物たちに　事情も伝えず{7f02}どこで　何をしているのか……。{0000},0x0454
"",{7f04}{7f2f}「うわ！　うわ！{7f02}ここは　魔物たちで{7f02}いっぱいです！{0000},0x0476
"",{7f04}{7f20}「なにやら　魔物たちが{7f02}ざわついてるようですが……{7f02}なんなのでしょうな？{0000},0x048C
"",{7f04}{7f24}「私も　すこしは{7f02}強くなりましたからね。{7f0a}{7f02}{7f04}{7f24}「この城の魔物程度では{7f02}もう　おどろきませんよ。{0000},0x04AA
"",{7f04}{7f26}「この城で　魔物から{7f02}話を聞くには　こっちも{7f02}魔物になるんだったわね。{7f0a}{7f02}{7f04}{7f26}「めんどくさいけど{7f02}こればっかりは　しかたないかぁ。{0000},0x04D3
"",{7f04}{7f23}「今さら　魔物に{7f02}おどろいても　どうにも{7f02}なりますまい。{7f0a}{7f02}{7f04}{7f23}「さあ　用ならば　早めに{7f02}済まされるとよいでしょう。{0000},0x0507
"",{7f04}{7f21}「ふうっ！{7f02}やっぱり　人間の姿の方が{7f02}断然　動きやすいわ！{0000},0x0536
"",{7f04}{7f26}「あら？{7f02}もう　魔物にならなくていいの？{7f02}だったら　うれしいけど。{0000},0x0553
"",{7f04}{7f24}「こうなったら{7f02}やぶれかぶれです！{7f02}どこだって　行きますよ！{0000},0x056D
"",{7f04}{7f20}「いよいよ{7f02}正念場をむかえたのかも{7f02}しれませんな。{7f0a}{7f02}{7f04}{7f20}「行きましょう。{7f02}恐れと油断は　禁物ですぞ。{0000},0x0588
"",{7f04}{7f25}「コーミズ村のみんな……。{7f02}ペスタ　死なないで……。{0000},0x05B6
"",{7f04}{7f22}「とりあえず　この城に{7f02}これ以上の用は　ないでしょう。{7f0a}{7f02}{7f04}{7f22}「取り返しの{7f02}つかないことになる前に{7f02}アッテムトに　急ぎましょう！{0000},0x05D0
"",{7f04}{7f23}「今さら　魔物に{7f02}おどろいても　どうにも{7f02}なりますまい。{7f0a}{7f02}{7f04}{7f23}「さあ　先を急ぎましょうぞ。{0000},0x0609
"",{7f04}{7f23}「その　デス{7f31}とやら{7f02}ぜひとも　この目で{7f02}見届けてやりましょう。{0000},0x0630
"",{7f04}{7f20}「デス{7f31}が{7f02}ここに　来るとはっ！{7f0a}{7f02}{7f04}{7f20}「これは　たしかに{7f02}急いだ方が　よいかも{7f02}しれませんな。{0000},0x064D
"",{7f04}{7f24}「なんだか　私{7f02}この姿に　だんだん{7f02}愛着を　感じてきましたよ。{0000},0x0675
"",{7f04}{7f20}「せっかく　こんな姿に{7f02}なっているのです。魔物たちに{7f02}気づかれなければよいですな。{0000},0x0690
"",{7f04}{7f23}「自ら魔物になるとは……。{7f02}長生きは　してみるもんじゃ。{0000},0x06B2
"",{7f04}{7f25}「がおーーーっ！！{7f02}……っと　すみません！{7f02}なんだか　なりきっちゃって……。{0000},0x06CC
"",{7f04}{7f21}「魔物の姿だと{7f02}すっごく　動きにくいわ！{7f02}はやく　人間に戻りたいっ！{0000},0x06EC
"",{7f04}{7f26}「うげ～～～。{7f02}魔物になるなんて　こりゃ{7f02}人生で　最悪の経験だわ。{0000},0x070B
"",{7f04}{7f22}「とりあえず{7f02}この姿ならば　魔物たちの目も{7f02}あざむくことが　できるでしょう。{0000},0x0729
