"",馬車と気球が{7f02}外で待っております。{7f0b}{0000},0x0018
"",ゆかれるのですね？{7f02}どうか　お気をつけて！{7f0b}{0000},0x0029
"",翼もないのに{7f02}地獄の帝王をやっつけるなんて！{7f02}信じられないわ！{7f0b}{0000},0x003D
"",すごいわ　すごいわ！{7f02}ねえ　わたしたちと{7f02}ここで　暮らしましょうよ！{7f0b}{0000},0x0059
"",おお　{7f1f}！{7f02}あなたこそ　まことの勇者です！{7f0b}{0000},0x0076
"",{7f04}{7f21}「翼のない　{7f1f}は{7f02}わたしたちと地上に帰るのが{7f02}いちばんの選択よ！{0000},0x0089
"",{7f04}{7f20}「使命を果たして　ようやく{7f02}天空人も　{7f1f}どのを{7f02}同族と　みとめてくれたようですな。{0000},0x00A5
"",{7f04}{7f26}「あーあ　この城から{7f02}見下ろす景色も　見おさめかあ。{7f0a}{7f02}{7f04}{7f26}「あたしたちが　天空城に{7f02}入れたのも　第二の地獄の帝王を{7f02}ほろぼす使命が　あったからだしね。{0000},0x00CA
"",{7f04}{7f21}「もう　二度と来られないかも{7f02}しれないから　しっかり　この景色を{7f02}目に焼きつけとこうっと！{0000},0x010C
"",{7f04}{7f20}「いっかいの戦士である{7f02}この私が　こうして空に浮かぶ{7f02}世にも　ふしぎな城に立っている。{7f0a}{7f02}{7f04}{7f20}「その事だけをとっても　胸に{7f02}熱く　こみ上げてくるものがあります。{0000},0x0133
"",{7f04}{7f24}「さっき　穴から地上を{7f02}のぞいたんですが　とんでもない{7f02}高さでしたよ。{7f0a}{7f02}{7f04}{7f24}「地上に落下して{7f02}身体が　バラバラにならなきゃ{7f02}いいんですがね。{0000},0x0177
"",{7f04}{7f21}「待ってなさい　デス{7f31}！{7f02}さあ　はやく　穴から飛び降りて{7f02}闇の世界へ　行きましょう！{0000},0x01B3
"",{7f04}{7f22}「イヤだな……闇の世界への{7f02}入りぐちに行くためには　あの穴に{7f02}飛びこむしか　ないんでしょうか。{0000},0x01D9
"",{7f04}{7f25}「さっきの波動による　こうげきは{7f02}わたしたちをワナに　さそいこむための{7f02}挑発なんでしょうか……。{0000},0x0203
"",{7f04}{7f23}「城を攻撃する　余裕が{7f02}あるぐらいだから　デス{7f31}は無事{7f02}究極の進化を　とげたかもしれんぞ。{0000},0x022E
"",{7f04}{7f20}「なるほど　天空人は{7f02}地震がどんなものか　知らんのか。{0000},0x0259
"",{7f04}{7f22}「城は　びくともしなくても{7f02}雲に穴があいたってことは……。{7f0a}{7f02}{7f04}{7f22}「もし運わるく　足もとの雲を{7f02}邪悪な波動が　つきぬけたら{7f02}地上にまっさかさま！　ひええっ。{0000},0x0271
"",{7f04}{7f22}「あわわわ……。{7f02}邪悪なる者って　やっぱり{7f02}デス{7f31}なんでしょうか？{0000},0x02B4
"",{7f04}{7f21}「待ってなさい　デス{7f31}！{7f02}わたしたちは　武術大会以来{7f02}いずれは戦う運命にあったようね。{0000},0x02D3
"",{7f04}{7f26}「まあ　地上がどうなっても{7f02}ここにいれば　安全かもね。{7f0a}{7f02}{7f04}{7f26}「帰るところが　なくなるのは{7f02}イヤだから　さっさと　邪悪なる者を{7f02}退治しに行きましょうか。{0000},0x02FB
"",{7f04}{7f20}「進化の秘法を手にした{7f02}デス{7f31}を　ほうむらねば{7f02}真の平和は　おとずれないな。{0000},0x033B
"",{7f04}{7f21}「翼があれば　あの　うんざりする{7f02}天空の塔を　のぼらずに　ここまで{7f02}ひとっ飛びで来られるのにね。{0000},0x0360
"",{7f04}{7f22}「天空人って　やはり{7f02}私たちより　寿命が長いんですかね？{0000},0x0389
"",{7f04}{7f26}「せっかく　何百年ぶりに{7f02}人間さまが　やってきたんだから{7f02}宴ぐらい開いてくれても　いいのに。{0000},0x03A3
"",{7f04}{7f23}「何百年ぶり　か。{7f02}わしらなんか　ものの百年も{7f02}生きられんというのに……。{0000},0x03CC
"",{7f04}{7f25}「天空の剣を　落としたことで{7f02}{7f2f}が　罰を受けなければ{7f02}いいんですが……。{0000},0x03EB
"",{7f04}{7f21}「腕っぷしは弱いけど{7f02}{7f2f}だって　きたえれば{7f02}あたしのように　強くなれたのに。{7f0a}{7f02}{7f04}{7f21}「ここで　旅をやめるなんて{7f02}もったいないわよ。{0000},0x040B
"",{7f04}{7f22}「いなくなって　はじめて{7f02}人の良さって　わかるものですね。{7f0a}{7f02}{7f04}{7f22}「いえ　{7f2f}は{7f02}一緒にいるあいだも　ちゃんと{7f02}いい子でしたけど。{0000},0x0441
"",{7f04}{7f26}「{7f2f}って　いい子だけど{7f02}ちょっと　あたしたちとは{7f02}ずれた感覚の　持ち主だったよね。{7f0a}{7f02}{7f04}{7f26}「まあ　こんなとこで{7f02}育ったんだから　しかたないけど。{0000},0x0475
"",{7f04}{7f20}「ここで　お別れかと思うと{7f02}さびしいですな。もっと{7f2f}と{7f02}一緒にいるべきだった。{0000},0x04B0
"",{7f04}{7f26}「天空人を　モンバーバラの{7f02}劇場で踊らせたら　きっと　すぐに{7f02}スターになれるんじゃないかな。{0000},0x04D2
"",{7f04}{7f24}「なかなか　壮観ですな。{7f02}ここに住む人は　みな　{7f2f}と{7f02}同じように　翼をもっているんですね。{0000},0x04FD
"",{7f04}{7f23}「ぶわっくしょい！{7f02}ううー　さぶいのう。{7f02}風が　骨身にしみるわい。{0000},0x0524
"",{7f04}{7f22}「この城　大丈夫でしょうか。{7f02}雲の土台から　スポッと抜けて{7f02}地面に落ちたりしないでしょうか……。{0000},0x0541
"",{7f04}{7f21}「さすがに　空気がうすいわ。{7f02}ここで身体を　きたえれば　持久力を{7f02}やしなうことが　できそうね！{0000},0x056E
"",{7f04}{7f20}「思えば　遠くへ来たものだ。{7f02}いっかいの戦士である　この私が{7f02}天空の城へ　来ることになろうとは。{0000},0x0596
"",{7f04}{7f25}「{7f1f}さんの　お導きが{7f02}あったからこそ　わたしのような者が{7f02}天空の城へ　入れたのですね。{0000},0x05BF
