"",我らが　マスタードラゴンが{7f02}おっしゃるには　デスピサロの張った{7f02}地底の結界が　消滅したとか。{7f0a}{7f02}しかし　まだ何者かが　進化の秘法を{7f02}もちいて　邪悪な進化をとげようと{7f02}しているらしいのです。{7f0a}{7f02}勇者　{7f1f}よ……どうか{7f02}その者の野望を　進化の秘法もろとも{7f02}打ち砕いてください。{7f0b}{0000},0x0018
"",{7f30}は　ひと足先に　外へ出て{7f02}馬車に乗りこんだ！{7f0b}{0000},0x008A
"",{7f04}{7f2f}「あなたたちの　かつやくを{7f02}期待していますわ！{7f0b}{0000},0x00A1
"",{7f04}{7f2f}「どうか　この子を{7f02}連れて行ってください。{7f02}きっと　お役に立てるでしょう。{7f0a}{0000},0x00B7
"",{7f04}{7f2f}「{7f30}！{7f02}こっちへ　いらっしゃい。{7f0b}{0000},0x00D9
"",{7f04}{7f2f}「ああ　あなた方はっ！？{7f02}おかげで　また　こうして{7f02}この子たちの世話を　できますわ。{7f0a}{7f02}{7f04}{7f2f}「そうだわ。{7f02}なにか　お礼をしなくては……。{7f0b}{0000},0x00E8
"",お前さんたち{7f02}これから　大変なところに{7f02}行くんだろう。{7f0a}{7f02}ところで　バロンの角笛を{7f02}もう手に　いれなさったか？{7f02}もし　まだだったら……{7f0a}{7f02}なんでもゴットサイドちゅう町の{7f02}東のほこらに　ねむっとるって{7f02}うわさだよ。{7f0b}{0000},0x0121
"",デスピサロは　秘法をもちいた{7f02}進化のじゃまを　されぬよう{7f02}地底に　結界を張ったそうです。{7f0a}{7f02}デスピサロの進化をとめるには{7f02}まず　その結界を{7f02}破らねばならないでしょう。{7f0a}{7f02}勇者　{7f1f}に{7f02}ご加護がありますように。{7f0b}{0000},0x017B
"",グオーン　グオーン。{7f0b}{0000},0x01D4
"",グルルルー。{7f0b}{0000},0x01E0
"",慈愛の笑みをうかべた　女神像だ。{7f0b}{0000},0x01E7
"",{7f04}{7f26}「まあ　最後の戦いは{7f02}あたしがいなかったら　ちょーっと{7f02}危なかったかも　しれないわね。{0000},0x01F9
"",{7f04}{7f21}「ぜひ　見せてやりたかったわ。{7f02}地獄の帝王と　あたしたちの死闘を！{0000},0x021B
"",{7f04}{7f20}「最終決戦から　生きて{7f02}帰ることができたのも　みながチカラを{7f02}合わせたからでしょうな。{0000},0x023B
"",{7f04}{7f26}「誇りに思います　だなんて{7f02}{7f2f}も　かたくるしいことを{7f02}言うようになったわねえ。{0000},0x0262
"",{7f04}{7f20}「使命を終えたからには{7f02}もう今までのように　{7f2f}に{7f02}会えないような気がしますな。{0000},0x0282
"",{7f04}{7f21}「デス{7f31}には　ハンデを{7f02}くれてやるわ。せいぜい　地の底で{7f02}ぞんぶんに進化するといいのよ！{0000},0x02A5
"",{7f04}{7f24}「ひええ　デス{7f31}が{7f02}進化しようとしているですって！{7f02}こりゃあ　一大事です。{7f0a}{7f02}{7f04}{7f24}「もたもたしてると{7f02}また　エスタークみたいなのと{7f02}戦わねば　ならなくなりますよ。{0000},0x02CC
"",{7f04}{7f26}「そもそも　進化の秘法を{7f02}生み出したばっかりに　父さんは{7f02}殺されてしまったんだわ。{7f0a}{7f02}{7f04}{7f26}「だったら　進化の秘法を{7f02}打ち砕かないかぎり　かたき討ちが{7f02}終わったとは　言えないわね。{0000},0x0310
"",{7f04}{7f25}「父が生み出した{7f02}進化の秘法を　今はデス{7f31}が{7f02}手にして　悪用しているのですね。{0000},0x035A
"",{7f04}{7f20}「進化の秘法ごと　デス{7f31}を{7f02}亡き者にしてやりましょうぞ。{0000},0x037D
"",{7f04}{7f25}「天空人と一緒にいる　{7f2f}は{7f02}なぜか　おしとやかに見えますね。{7f02}ネコかぶってるんでしょうか？{0000},0x0398
"",{7f04}{7f22}「旅のとちゅうは　目立ったけど{7f02}まわりにいるのが　天空人だけだと{7f02}{7f2f}さんも　ふつうに見えますね。{0000},0x03C1
"",{7f04}{7f20}「やはり　{7f2f}も{7f02}ほかの天空人の手前　以前のように{7f02}くだけた感じで　話してくれませんな。{0000},0x03ED
"",{7f04}{7f26}「なーんか　{7f2f}も{7f02}ここに来てから　すっかり{7f02}よそよそしくなったわね。{0000},0x0414
"",{7f04}{7f21}「ドラゴンていうだけあって{7f02}{7f30}のうろこって{7f02}かたくて　がんじょうそうね。{7f0a}{7f02}{7f04}{7f21}「あれなら　よろいなんか{7f02}着る必要ないかも。{0000},0x0430
"",{7f04}{7f25}「残念ながら　{7f30}は{7f02}導かれし者ではありませんが{7f02}貴重な戦力には　ちがいありません。{0000},0x0464
"",{7f04}{7f23}「ほう　ドラゴンとな。{7f02}ここに来て　また{7f02}心強い仲間ができましたな。{0000},0x0489
"",{7f04}{7f26}「{7f30}かあ……。{7f02}あいつも　モンバーバラのステージで{7f02}踊らせたら　人気とれるかもね。{0000},0x04A8
