"",トビラは　かたく閉ざされている……。{7f0b}{0000},0x0018
"",{7f04}{7f2f}「{7f1f}！　そしてみなさん！{7f02}あなたがたと　旅ができた事を{7f02}わたしは　誇りに思います。{7f0b}{0000},0x0029
"",{7f04}{7f30}「グゴゴーン！{7f0b}{0000},0x004B
"",あんたらが　第二の地獄の帝王を{7f02}やっつけちまったのかあ？{7f02}ぶったまげたなあ！{7f0b}{0000},0x0055
"",グゴーン　グゴーン。{7f0b}{0000},0x0077
"",ありがとうございました。{7f02}これで　もう人々が苦しむ姿を{7f02}見なくてもすみますわ。{7f0b}{0000},0x0081
"",おお！{7f02}すべては　神のお導きじゃ！{7f0b}{0000},0x00A2
"",慈愛の笑みをうかべた　女神像だ。{7f0b}{0000},0x00B3
"",{7f04}{7f26}「まあ　最後の戦いは{7f02}あたしがいなかったら　ちょーっと{7f02}危なかったかも　しれないわね。{0000},0x00C4
"",{7f04}{7f21}「ぜひ　見せてやりたかったわ。{7f02}地獄の帝王と　あたしたちの死闘を！{0000},0x00E6
"",{7f04}{7f20}「最終決戦から　生きて{7f02}帰ることができたのも　みながチカラを{7f02}合わせたからでしょうな。{0000},0x0104
"",{7f04}{7f26}「誇りに思います　だなんて{7f02}{7f2f}も　かたくるしいことを{7f02}言うようになったわねえ。{0000},0x012A
"",{7f04}{7f20}「使命を終えたからには{7f02}もう今までのように　{7f2f}に{7f02}会えないような気がしますな。{0000},0x014A
"",{7f04}{7f21}「デス{7f31}には　ハンデを{7f02}くれてやるわ。せいぜい　地の底で{7f02}ぞんぶんに進化するといいのよ！{0000},0x016B
"",{7f04}{7f24}「ひええ　デス{7f31}が{7f02}進化しようとしているですって！{7f02}こりゃあ　一大事です。{7f0a}{7f02}{7f04}{7f24}「もたもたしてると{7f02}また　エスタークみたいなのと{7f02}戦わねば　ならなくなりますよ。{0000},0x0193
"",{7f04}{7f26}「そもそも　進化の秘法を{7f02}生み出したばっかりに　父さんは{7f02}殺されてしまったんだわ。{7f0a}{7f02}{7f04}{7f26}「だったら　進化の秘法を{7f02}打ち砕かないかぎり　かたき討ちが{7f02}終わったとは　言えないわね。{0000},0x01D6
"",{7f04}{7f25}「父が生み出した{7f02}進化の秘法を　今はデス{7f31}が{7f02}手にして　悪用しているのですね。{0000},0x0221
"",{7f04}{7f20}「進化の秘法ごと　デス{7f31}を{7f02}亡き者にしてやりましょうぞ。{0000},0x0244
"",{7f04}{7f25}「天空人と一緒にいる　{7f2f}は{7f02}なぜか　おしとやかに見えますね。{7f02}ネコかぶってるんでしょうか？{0000},0x025F
"",{7f04}{7f22}「旅のとちゅうは　目立ったけど{7f02}まわりにいるのが　天空人だけだと{7f02}{7f2f}さんも　ふつうに見えますね。{0000},0x0287
"",{7f04}{7f20}「やはり　{7f2f}も{7f02}ほかの天空人の手前　以前のように{7f02}くだけた感じで　話してくれませんな。{0000},0x02B2
"",{7f04}{7f26}「なーんか　{7f2f}も{7f02}ここに来てから　すっかり{7f02}よそよそしくなったわね。{0000},0x02D9
"",{7f04}{7f21}「ドラゴンていうだけあって{7f02}{7f30}のうろこって{7f02}かたくて　がんじょうそうね。{7f0a}{7f02}{7f04}{7f21}「あれなら　よろいなんか{7f02}着る必要ないかも。{0000},0x02F5
"",{7f04}{7f25}「残念ながら　{7f30}は{7f02}導かれし者ではありませんが{7f02}貴重な戦力には　ちがいありません。{0000},0x0329
"",{7f04}{7f23}「ほう　ドラゴンとな。{7f02}ここに来て　また{7f02}心強い仲間ができましたな。{0000},0x034E
"",{7f04}{7f26}「{7f30}かあ……。{7f02}あいつも　モンバーバラのステージで{7f02}踊らせたら　人気とれるかもね。{0000},0x036C
