"",だいじに育てられた　世界樹の苗だ。{7f0b}{0000},0x0018
"",しょうがないなあ。{7f02}みんなには　ないしょだよ。{7f0b}{0000},0x0027
"",よくばっちゃ　ダメだよ。{7f02}なくなったら　また　あげるからさ。{7f0b}{0000},0x0038
"",え？　世界樹のしずくが　ほしいの？{7f0a}{0000},0x0052
"",なにをしてるかって？{7f02}世界樹の苗を　育てているんだ。{7f0a}{7f02}あっ　そうだ！{7f02}この世界樹のしずくを　あげるよ！{7f0b}{0000},0x0061
"",その昔　地上に落ちて{7f02}木こりの若者と{7f02}恋をした　娘がおりました。{7f0a}{7f02}しかし　天空人と人間は{7f02}夫婦になれぬのが　さだめ。{7f0a}{7f02}木こりの若者は　雷にうたれ{7f02}娘は　悲しみに　うちひしがれたまま{7f02}この城に　連れ戻されたのでした。{7f0a}{7f02}しかし　娘はどんなときでも{7f02}地上に残してきた　子どものことを{7f02}忘れたことはありません。{7f0a}{7f02}もし　今の{7f1f}を見れば{7f02}きっと　涙にくれるでしょう。{7f02}うっうっ……。{7f0b}{0000},0x008B
"",大変だ　大変だ！{7f0a}{7f02}まがまがしい雲が{7f02}地上を　おおいはじめているぞ！{7f0b}{0000},0x011F
"",{7f04}{7f26}「半分は　天空人だけど{7f02}地上で育った　{7f1f}の仲間は{7f02}あたしたち　地上の人間よね。{0000},0x013C
"",{7f04}{7f21}「わたしと　{7f1f}は{7f02}出会ったときから　大親友よ！{7f0a}{7f02}{7f04}{7f21}「だから　サントハイムにも{7f02}遊びにきてよね。{0000},0x015E
"",{7f04}{7f20}「気のせいか　あの女性{7f02}{7f1f}どのに似ておるな……。{7f02}いや　やはり気のせいか。{0000},0x018B
"",{7f04}{7f25}「父がいないという点では{7f02}{7f1f}さんと　わたしは{7f02}似たもの同士ですわね。{0000},0x01AB
"",{7f04}{7f24}「はて？　どこかで{7f02}とても似たような話を{7f02}聞いたことがありましたな。{0000},0x01C8
"",{7f04}{7f26}「ねえ　この話からすると{7f02}{7f1f}の母さんは　まだ{7f02}生きてるってことじゃないの！？{0000},0x01E4
"",{7f04}{7f22}「ひとつ　はっきりしたことは{7f02}{7f1f}さんの　お父上は　死んで{7f02}この世にはいない　ということですね。{7f0a}{7f02}{7f04}{7f22}「あっ　すみません。{7f02}よけいなことを　ベラベラと……。{0000},0x0204
