"",だいじに育てられた　世界樹の苗だ。{7f0b}{0000},0x0018
"",{7f1f}や。{7f02}あなたには　父や母がいなくても{7f02}こんなに　りっぱな友だちが……。{7f0a}{7f02}みなさん　どうか　{7f1f}と{7f02}いつまでも仲良くしてあげてください。{7f0a}{7f02}……………………。{7f0a}{7f02}あら　変ね。{7f02}涙がとまらないみたい……。{7f02}いつまでも元気でね。{7f0b}{0000},0x0027
"",見てみなさい！{7f02}ほら！　地上の人々の{7f02}あの　うれしそうな顔を！{7f0b}{0000},0x007C
"",やったじゃないか！？{7f02}見直したぜ！{7f0b}{0000},0x0096
"",{7f04}{7f26}「半分は　天空人だけど{7f02}地上で育った　{7f1f}の仲間は{7f02}あたしたち　地上の人間よね。{0000},0x00A5
"",{7f04}{7f21}「わたしと　{7f1f}は{7f02}出会ったときから　大親友よ！{7f0a}{7f02}{7f04}{7f21}「だから　サントハイムにも{7f02}遊びにきてよね。{0000},0x00C7
"",{7f04}{7f20}「気のせいか　あの女性{7f02}{7f1f}どのに似ておるな……。{7f02}いや　やはり気のせいか。{0000},0x00F2
"",{7f04}{7f25}「父がいないという点では{7f02}{7f1f}さんと　わたしは{7f02}似たもの同士ですわね。{0000},0x0111
"",{7f04}{7f24}「はて？　どこかで{7f02}とても似たような話を{7f02}聞いたことがありましたな。{0000},0x012D
"",{7f04}{7f26}「ねえ　この話からすると{7f02}{7f1f}の母さんは　まだ{7f02}生きてるってことじゃないの！？{0000},0x0149
"",{7f04}{7f22}「ひとつ　はっきりしたことは{7f02}{7f1f}さんの　お父上は　死んで{7f02}この世にはいない　ということですね。{7f0a}{7f02}{7f04}{7f22}「あっ　すみません。{7f02}よけいなことを　ベラベラと……。{0000},0x0168
