"",{7f04}マスタードラゴン「居ながらにして{7f02}ここより　世に起こる　すべての事を{7f02}知ることのできる私だ。{7f0a}{7f02}{7f04}マスタードラゴン「お前たちのした事も{7f02}当然　知っている……。{7f0a}{7f02}{7f04}マスタードラゴン「だが　進化の秘法が{7f02}あるかぎり　世界に真の安らぎが{7f02}おとずれることは　ないだろう。{7f0a}{7f02}{7f04}マスタードラゴン「{7f1f}よ！{7f02}その天空のつるぎで　進化の秘法を{7f02}この世から　ほうむりさるのだ！{7f0b}{0000},0x0018
"",{7f04}マスタードラゴン「さあ　{7f1f}よ{7f02}行くがよい！{7f0a}{7f02}{7f04}マスタードラゴン「邪悪な波動が{7f02}雲にあけた穴から　闇の世界への{7f02}入り口へ向うのだ！{7f0a}{7f02}{7f04}マスタードラゴン「その　天空のつるぎが{7f02}きっと　役に立つであろう！{7f0b}{0000},0x00AF
"",なんと　天空のつるぎが{7f02}はげしく　輝きはじめた！{7f0a}{0000},0x010B
"",{7f04}マスタードラゴン「天空人と人間の{7f02}血を引きし　勇者　{7f1f}よ！{7f0a}{7f02}{7f04}マスタードラゴン「そなたになら{7f02}進化した　邪悪なる者を{7f02}倒せるやも知れぬ！{7f0a}{7f02}{7f04}マスタードラゴン「そなたに{7f02}私の持てるチカラを与えようぞ！{7f0b}{0000},0x0121
"",なんと　{7f1f}が生き返った！{7f0a}{0000},0x017B
"",{7f04}マスタードラゴン「この程度のことで{7f02}天空城を　打ち落とせるとでも{7f02}思ったのか　それとも……。{7f0a}{7f02}{7f04}マスタードラゴン「{7f1f}が{7f02}天空城に入ったことを知り{7f02}挑発してきたのか。{7f0a}{7f02}{7f04}マスタードラゴン「まあ　よい。{7f02}ところで　人間というのは　じつに{7f02}不思議な生き物だな。{7f0a}{7f02}{7f04}マスタードラゴン「かよわき人間が{7f02}として　思わぬチカラを{7f02}発揮するときがある。{7f0a}{7f02}{7f04}マスタードラゴン「私は　それに{7f02}かけてみよう！{7f0a}{0000},0x0187
"",{7f04}マスタードラゴン「言わずともよい。{7f02}報告ご苦労　さがってよいぞ。{7f02}……おのれ　デスピサロめ。{7f0b}{0000},0x022E
"",ご報告します！{7f02}たった今　闇の世界の入り口から{7f02}邪悪な波動が発せられ……！{7f0a}{0000},0x025B
"",私は　この城をおさめる{7f02}マスタードラゴン。{7f02}竜の神と　呼ばれている者だ。{7f0a}{7f02}{7f04}マスタードラゴン「私は　ここにいて{7f02}世界のすべてを　知ることができる。{7f0a}{7f02}{7f04}マスタードラゴン「お前たちが{7f02}なぜ　私に会いに来たかも{7f02}すでに　わかっている。{7f0a}{7f02}{7f04}マスタードラゴン「しかし　もはや{7f02}私にもデスピサロという者の{7f02}進化を　封じることはできぬ……。{7f0a}{7f02}{7f04}マスタードラゴン「お前たちが{7f02}思っているほど　この私とて{7f02}絶対の者ではないのだ。{7f0a}{7f02}{7f04}マスタードラゴン「……！{7f0b}{0000},0x027F
"",ほほう　{7f1f}が{7f02}我ら天空人と　人間たちの{7f02}血を引く　勇者であられるか！？{7f0a}{7f02}わが　マスタードラゴンは{7f02}いつも　{7f1f}のことを{7f02}気にかけて　おられたようだ。{7f0b}{0000},0x033A
"",ここに　おわすのは　我らが王{7f02}マスタードラゴンであられる！{7f0b}{0000},0x0378
"",戦いの歴史……。{7f02}コホン……。{7f0a}{7f02}はるか昔　魔族の王エスタークは{7f02}恐ろしいものを　創りだした。{7f02}それは　進化の秘法。{7f0a}{7f02}エスタークは　そのチカラで{7f02}自らを　神をも越える{7f02}究極の生物に進化させた。{7f0a}{7f02}しかし　事態を知った天空人は{7f02}マスタードラゴンとともに{7f02}エスタークと戦った。{7f0a}{7f02}長い戦いの後{7f02}ついに　エスタークは{7f02}地の底に　封じめられた。{7f0a}{7f02}マスタードラゴンでさえも{7f02}エスタークを　封じめるだけで{7f02}消滅させることまでは　できなかった。{7f0a}{7f02}エスタークを　起こしてはならぬ。{7f02}彼に　近づいてはならぬ。{7f0a}{7f02}……と　書かれています。{7f0a}{7f02}しかし　あとで分かったのですが{7f02}エスタークの進化の秘法は{7f02}まだ　不完全だったとか。{7f0a}{7f02}闇のチカラを増幅させる{7f02}黄金の腕輪が　あのときは　まだ{7f02}使われていなかったのです。{7f0b}{0000},0x0392
"",そうですか。では　いずれまた……。{7f0b}{0000},0x04BB
"",ここにある　本を読みますか？{0000},0x04CA
"",進化の秘法について。{7f02}コホン……。{7f0a}{7f02}進化の秘法とは{7f02}本来の　進化のすじ道を{7f02}ゆがめてしまう秘法なり。{7f0a}{7f02}この秘法を使えば{7f02}この世にあらざるべき　生き物を{7f02}生み出すことができるであろう。{7f0a}{7f02}進化の秘法は{7f02}すべての災いの元なり。{7f0a}{7f02}進化の秘法を　のちの世に{7f02}伝えてはならぬ。{7f02}地底ふかくに　封じめよ……。{7f0a}{7f02}……と　書かれています。{7f0a}{7f02}しかし　永い年月のすえ{7f02}再び　発見されてしまったのです。{7f0a}{7f02}進化の道すじから　はずされた{7f02}生き物たちの怨念が{7f02}そうさせたのかも知れませんね。{7f0b}{0000},0x04D7
"",そうですか。では　いずれまた……。{7f0b}{0000},0x05A5
"",ここにある　本を読みますか？{0000},0x05B4
"",ここにある本の中には　そなたらに{7f02}読めぬものもあるだろう。{7f0a}{7f02}そこにいる　ふたりに{7f02}読んでもらうといい。{7f0b}{0000},0x05C1
"",{7f04}リース「つーん。{7f0b}{0000},0x05ED
"",{7f04}リース「はい　お姉さま。つーん。{7f0b}{0000},0x05F6
"",きゃ　あなたたち　人間ね。{7f02}リース　口をきいちゃだめよ！{7f0b}{0000},0x0606
"",クルリン　クルリン。{7f0b}{0000},0x0620
"",本には　見たことのない文字が{7f02}ぎっしりと書かれている。{7f0b}{0000},0x062B
"",古びたドラゴン育成日誌があった。{7f02}{7f4b}にも　読める文字で{7f02}書かれてあった。{7f0a}{7f02}今日は　ドランの誕生日なのです。{7f02}同じ年に生まれたので　ルーシアも{7f02}ドランも　今日で　八才です。{7f0a}{7f02}でもドランは　もう大人らしいのです。{7f02}どうも　天空人とドラゴンは{7f02}大人になる早さが　ちがうようです。{7f0b}{0000},0x0644
"",天空人の日記があった。{7f02}{7f4b}にも　読める文字で{7f02}書かれてあった。{7f0a}{7f02}禁をおかして　地に下りた彼女を{7f02}マスタードラゴンは　どんなにが{7f02}たとうとも　お許しにならないだろう。{7f0a}{7f02}今に　マスタードラゴンは　もっとも{7f02}残酷なやり方で　彼女のしあわせを{7f02}うばうことだろう。{7f0a}{7f02}悲劇がおこる前に　地に下りた彼女を{7f02}私は　なんとしても連れ戻すつもりだ。{7f02}それで　どんなにまれようとも……。{7f0b}{0000},0x06BE
"",{7f04}{7f26}「ねえねえ　{7f1f}だけでなく{7f02}あたしの名前も　ちゃんと　歴史に{7f02}書き加えられるんでしょうね？{0000},0x075F
"",{7f04}{7f21}「わたしたちって{7f02}歴史に残るような　すごい事を{7f02}なしとげたのね！{0000},0x078A
"",{7f04}{7f20}「{7f1f}どのの名は　ここで{7f02}末永く　語り継がれてゆくんですな。{0000},0x07A7
"",{7f04}{7f26}「にくたらしいわね！{7f02}どうしてエルフって　ひねくれた{7f02}言い方ばかりするのかしら。{0000},0x07C4
"",{7f04}{7f21}「やっと　いい人間もいるって{7f02}エルフに　わかってもらえたみたいね！{0000},0x07E9
"",{7f04}{7f20}「わははは　{7f1f}どのも{7f02}面と向かって　勇者といわれると{7f02}てれくさいようですな。{0000},0x0806
"",{7f04}{7f21}「そっか　{7f1f}は{7f02}ここに残らず　わたしたちと{7f02}地上に帰るほうを選んだのね。{0000},0x0828
"",{7f04}{7f20}「地上に帰るといっても{7f02}もう　{7f1f}どのの故郷は……。{7f0a}{7f02}{7f04}{7f20}「もし　よければ　私とともに{7f02}バトランドへ行きませんか？{7f02}まあ　考えてみてください。{0000},0x0849
"",{7f04}{7f26}「なんか　ひさびさに{7f02}自由になれた気がするわ。{7f0a}{7f02}{7f04}{7f26}「ようやく　大きな運命から{7f02}解放されたからかしらね。{0000},0x0889
"",{7f04}{7f21}「サントハイムの　みんなは{7f02}無事に　お城へ戻ってきてるかな。{0000},0x08BA
"",{7f04}{7f20}「進化の秘法がなくなった今{7f02}もう二度と　地獄の帝王に　人々が{7f02}おびやかされる事はあるまい。{0000},0x08D9
"",{7f04}{7f26}「進化の秘法さえ　なくなれば{7f02}もう　究極の生物に進化しようとする{7f02}バカは　出てこなくなるよね。{0000},0x0903
"",{7f04}{7f21}「平和を取り戻したことも{7f02}うれしいけど　デス{7f31}との決着を{7f02}つけられたことが　何よりうれしいわ！{0000},0x092E
"",{7f04}{7f20}「思えば　デス{7f31}も{7f02}かわいそうなヤツでしたな。{0000},0x095A
"",{7f04}{7f23}「やはり　サントハイムの民を{7f02}連れ去ったのは　闇の世界に住む{7f02}ものどもなんじゃろうか。{0000},0x0971
"",{7f04}{7f25}「マスタードラゴンの加護を{7f02}うけた　天空の剣が　わたしたちを{7f02}闇から守ってくれるでしょう。{0000},0x099C
"",{7f04}{7f22}「邪悪な波動って{7f02}さっき　城を揺るがした　ぶきみな{7f02}黒い光のことでしょうか？{0000},0x09C5
"",{7f04}{7f26}「地の底から　天空の城を{7f02}こうげきしてくるような　化け物に{7f02}勝てるのかなあ　ちょっと不安……。{0000},0x09E9
"",{7f04}{7f20}「我らを待ちうける{7f02}闇の世界には　手ごわい　わなが{7f02}しかけられてるかも知れませんな。{0000},0x0A14
"",{7f04}{7f25}「生まれ変わった　天空の剣が{7f02}わたしたちの戦いに　必ずや勝利を{7f02}もたらしてくれることでしょう。{0000},0x0A3A
"",{7f04}{7f26}「空に浮かぶ城が{7f02}あるってだけでも　おどろきなのに{7f02}神さままで　いたとはね……。{0000},0x0A65
"",{7f04}{7f24}「天空の剣を探すのが{7f02}旅の目的だったのに　いつのまにか{7f02}化け物と戦うはめに……やれやれ。{0000},0x0A89
"",{7f04}{7f23}「竜の神　マスタードラゴンか。{7f0a}{7f02}{7f04}{7f23}「生きてる間に　このような{7f02}とうといものに　お会いできるとは{7f02}長生きも　してみるものですな。{0000},0x0AB2
"",{7f04}{7f22}「進化した　究極の生物に{7f02}ちっぽけな　ただの人間でしかない{7f02}自分たちが　勝てるんでしょうか……。{0000},0x0AE8
"",{7f04}{7f21}「今度こそ　ついにデス{7f31}と{7f02}誰にも　ジャマされることなく{7f02}決着をつけることが　できるのね！{0000},0x0B14
"",{7f04}{7f20}「急ぎましょう　{7f1f}どの。{7f02}行って　デス{7f31}の野望を{7f02}打ち砕きましょうぞ！{0000},0x0B3E
"",{7f04}{7f25}「{7f1f}さんは　人間の血が{7f02}半分まじっているせいで　長い間{7f02}地上に　ほうっておかれたんですね。{7f0a}{7f02}{7f04}{7f25}「そう考えると　マスタードラゴンも{7f02}ひどいですわ。{0000},0x0B62
"",{7f04}{7f26}「すごいじゃない　{7f1f}。{7f02}あの兵士　さっき　あなたのことを{7f02}勇者っていったわよ！{0000},0x0BA3
"",{7f04}{7f20}「{7f1f}どのに　天空人の{7f02}翼がないのは　半分は人間の血が{7f02}まじってるからでしょうな。{0000},0x0BC6
"",{7f04}{7f22}「エスタークが目覚めて{7f02}地上に出てきたら　今ごろ{7f02}大変なことになってましたね。{0000},0x0BEA
"",{7f04}{7f21}「わたしたちが　エスタークに{7f02}勝ったのは　エスタークの進化が{7f02}不完全だったからなの？{7f0a}{7f02}{7f04}{7f21}「おもしろくないわね。{7f02}完全版のエスタークと戦いたいわ！{0000},0x0C0F
"",{7f04}{7f20}「エスタークは　倒せたが{7f02}今度はデス{7f31}が　第二の{7f02}エスタークになろうとしている。{0000},0x0C50
"",{7f04}{7f24}「進化の秘法　おそるべし。{7f02}埋めてダメなら　たたきこわす以外{7f02}ないんじゃないでしょうか。{0000},0x0C75
"",{7f04}{7f23}「どうやら　進化の秘法とやらは{7f02}封じても封じても　長い年月をかけ{7f02}何度でも　よみがえる物らしいですな。{0000},0x0C9E
"",{7f04}{7f26}「あたし　進化の秘法で{7f02}ちょっと　実験してみたいわ。{7f0a}{7f02}{7f04}{7f26}「ひねくれ者に　進化の秘法を{7f02}使ったら　正直になったり　なまけ者に{7f02}使えば　働き者に進化するのかしら？{0000},0x0CCD
"",{7f04}{7f25}「父が　錬金術師でさえなければ{7f02}進化の秘法を　手にすることもなく{7f02}命をうばわれることも　なかったのに。{0000},0x0D15
"",{7f04}{7f21}「エルフって　人間がきらいなの？{7f02}そういえば　さえずりの塔のエルフも{7f02}わたしを見て　逃げ出したっけ。{0000},0x0D44
"",{7f04}{7f24}「クチをきいてはダメと{7f02}言われると　無理やりにでも{7f02}クチをきかせたくなるのが　心情。{7f0a}{7f02}{7f04}{7f24}「ここに　{7f2e}さんがいれば{7f02}笑わせる事ぐらいは　できるのになあ。{0000},0x0D72
"",{7f04}{7f25}「かわいらしい　エルフね。{7f02}子供のころの　姉さんみたいで。{0000},0x0DB8
"",{7f04}{7f26}「小生意気な　エルフね。{7f02}おしおきしてやろうかしら。{0000},0x0DD4
