"",{7f04}マスタードラゴン「……わたしは{7f02}マスタードラゴン。{7f0a}{7f02}{7f04}マスタードラゴン「居ながらにして{7f02}ここより　この世界のすべてを{7f02}知ることのできる者。{7f0a}{7f02}{7f04}マスタードラゴン「天空人と人間の{7f02}血を引きし　勇者　{7f1f}よ！{7f0a}{7f02}{7f04}マスタードラゴン「そなたらの　働きで{7f02}進化の秘法は　エビルプリーストと{7f02}ともに　この世から消滅した。{7f0a}{7f02}{7f04}マスタードラゴン「もはや　人々が{7f02}おびえることはなく　ついに{7f02}世界に平和が　おとずれたのだ！{7f0a}{7f02}{7f04}マスタードラゴン「８人の{7f02}導かれし者たちよ！{7f02}心から　礼を言うぞ！{7f0a}{7f02}{7f04}マスタードラゴン「{7f20}！{7f02}お前は　本当に良くやってくれたな。{7f0a}{7f02}{7f04}マスタードラゴン「{7f21}よ。{7f02}そなたも　女でありながら{7f02}よく　がんばってくれた。{7f0a}{7f02}{7f04}マスタードラゴン「{7f23}に{7f22}も{7f02}{7f21}を助けし　そのはたらき{7f02}まことに見事なり。{7f0a}{7f02}{7f04}マスタードラゴン「{7f26}に{7f25}よ。{7f02}今の　そなたたちを見れば{7f02}父上もきっと　うかばれるであろう！{7f0a}{7f02}{7f04}マスタードラゴン「{7f24}よ。{7f02}これからも　世のため　人のため{7f02}商売に　せいを出すのだぞ。{7f0a}{7f02}{7f04}マスタードラゴン「そして……{7f02}あの魔族の王デスピサロ。{7f0a}{7f02}{7f04}マスタードラゴン「あの者のチカラが{7f02}なければ真の巨悪を倒すことは{7f02}できなかったであろう。{7f0a}{7f02}{7f04}マスタードラゴン「ところで　{7f1f}よ！{7f0a}{7f02}{7f04}マスタードラゴン「おまえは　見事{7f02}やりとげたのだ！　もはや{7f02}地上に　戻ることもあるまい……。{7f0a}{7f02}{7f04}マスタードラゴン「これからは{7f02}私とともに　この天空城に{7f02}天空人として住むがよかろう！{7f0a}{7f02}{7f04}マスタードラゴン「ん？{7f02}どうした　その顔は……？{7f0a}{7f02}{7f04}マスタードラゴン「その者たちと{7f02}ともに地上に戻ると　申すか？{7f02}……………。{7f0a}{7f02}{7f04}マスタードラゴン「わかった！{7f02}もう　止めはせぬ！{7f0a}{7f02}{7f04}マスタードラゴン「戦いのさなか{7f02}築きあげられた　そなたらの友情は{7f02}もはや　何人も　こわせまい！{7f0a}{7f02}{7f04}マスタードラゴン「{7f1f}よ！{7f02}くれぐれも　気をつけてゆくのだぞ！{7f0b}{0000},0x0018
"",人間と魔族の王が　ともに{7f02}協力しあうなんて……。{7f0a}{7f02}このことは　きっと　永遠に{7f02}語りつがれていくことでしょう。{7f0b}{0000},0x02B2
"",{7f04}リース「はい　お姉さま。{7f0b}{0000},0x02E2
"",ふ～ん。{7f02}悪い人間ばっかりじゃなかったのね。{7f02}ねえ　リース。{7f0b}{0000},0x02EF
"",{7f04}リース「ねえ　これからは{7f02}私たちと　仲良くしましょうね。{7f0b}{0000},0x030B
"",{7f04}リース「ねえ　これからは　私たちとも{7f02}なかよくしましょうね。{7f0b}{0000},0x0326
"",クルリン　クルリン。{7f02}世界に　平和が戻りました。{7f0b}{0000},0x0340
"",思えば　デスピサロという者も{7f02}あわれな男でしたわね……。{7f0b}{0000},0x0357
"",ああ　忙しい　忙しい！{7f02}勇者{7f1f}たちのことを　新しく{7f02}歴史に書きくわえなければっ。{7f0b}{0000},0x0373
"",そなたたちのことは{7f02}ここで書き留められ　永遠に{7f02}語りつがれてゆくであろう！{7f0b}{0000},0x0398
"",人間というのも　なかなか{7f02}あなどれないものですね。{7f0b}{0000},0x03BA
"",おお　{7f1f}！{7f02}あなたこそ　まことの勇者です！{7f0b}{0000},0x03CE
"",{7f04}マスタードラゴン「戦いのさなか{7f02}築きあげられた　そなたらの友情は{7f02}もはや　何人も　こわせまい！{7f0a}{7f02}{7f04}マスタードラゴン「{7f1f}よ！{7f02}くれぐれも　気をつけて　ゆくのだぞ！{7f0b}{0000},0x03E1
"",{7f04}マスタードラゴン「……わたしは{7f02}マスタードラゴン。{7f0a}{7f02}{7f04}マスタードラゴン「居ながらにして{7f02}ここより　この世界のすべてを{7f02}知ることのできる者。{7f0a}{7f02}{7f04}マスタードラゴン「天空人と人間の{7f02}血を引きし　勇者　{7f1f}よ！{7f0a}{7f02}{7f04}マスタードラゴン「そなたらの　働きで{7f02}進化の秘法は　デスピサロともども{7f02}地の底ふかくに　沈んでいった。{7f0a}{7f02}{7f04}マスタードラゴン「もはや　人々が{7f02}おびえることは　なく{7f02}世界に平和が　おとずれたのだ！{7f0a}{7f02}{7f04}マスタードラゴン「８人の{7f02}導かれし者たちよ！{7f02}心から　礼を言うぞ！{7f0a}{7f02}{7f04}マスタードラゴン「{7f20}！{7f02}お前は　本当に良くやってくれたな。{7f0a}{7f02}{7f04}マスタードラゴン「{7f21}よ。{7f02}そなたも　女でありながら{7f02}よく　がんばってくれた。{7f0a}{7f02}{7f04}マスタードラゴン「{7f23}に{7f22}も{7f02}{7f21}を助けし　そのはたらき{7f02}まことに見事なり。{7f0a}{7f02}{7f04}マスタードラゴン「{7f26}に{7f25}よ。{7f02}今の　そなたたちを見れば{7f02}父上もきっと　うかばれるであろう！{7f0a}{7f02}{7f04}マスタードラゴン「{7f24}よ。{7f02}これからも　世のため　人のため{7f02}商売に　せいを出すのだぞ。{7f0a}{7f02}{7f04}マスタードラゴン「そして　{7f1f}よ！{7f0a}{7f02}{7f04}マスタードラゴン「おまえは　見事{7f02}やりとげたのだ！　もはや{7f02}地上に　戻ることもあるまい……。{7f0a}{7f02}{7f04}マスタードラゴン「これからは{7f02}私とともに　この天空城に{7f02}天空人として住むがよかろう！{7f0a}{7f02}{7f04}マスタードラゴン「ん？{7f02}どうした　その顔は……？{7f0a}{7f02}{7f04}マスタードラゴン「その者たちと{7f02}ともに地上に戻ると　申すか？{7f02}……………。{7f0a}{7f02}{7f04}マスタードラゴン「わかった！{7f02}もう　止めはせぬ！{7f0a}{7f02}{7f04}マスタードラゴン「戦いのさなか{7f02}築きあげられた　そなたらの友情は{7f02}もはや　何人も　こわせまい！{7f0a}{7f02}{7f04}マスタードラゴン「{7f1f}よ！{7f02}くれぐれも　気をつけてゆくのだぞ！{7f0b}{0000},0x0426
"",本には　見たことのない文字が{7f02}ぎっしりと書かれている。{7f0b}{0000},0x067C
"",古びたドラゴン育成日誌があった。{7f02}{7f4b}にも　読める文字で{7f02}書かれてあった。{7f0a}{7f02}今日は　ドランの誕生日なのです。{7f02}同じ年に生まれたので　ルーシアも{7f02}ドランも　今日で　八才です。{7f0a}{7f02}でもドランは　もう大人らしいのです。{7f02}どうも　天空人とドラゴンは{7f02}大人になる早さが　ちがうようです。{7f0b}{0000},0x0695
"",天空人の日記があった。{7f02}{7f4b}にも　読める文字で{7f02}書かれてあった。{7f0a}{7f02}禁をおかして　地に下りた彼女を{7f02}マスタードラゴンは　どんなに時が{7f02}たとうとも　お許しにならないだろう。{7f0a}{7f02}今に　マスタードラゴンは　もっとも{7f02}残酷なやり方で　彼女のしあわせを{7f02}うばうことだろう。{7f0a}{7f02}悲劇がおこる前に　地に下りた彼女を{7f02}私は　なんとしても連れ戻すつもりだ。{7f02}それで　どんなに憎まれようとも……。{7f0b}{0000},0x070E
"",{7f04}{7f26}「ねえねえ　{7f1f}だけでなく{7f02}あたしの名前も　ちゃんと　歴史に{7f02}書き加えられるんでしょうね？{0000},0x07B0
"",{7f04}{7f21}「わたしたちって{7f02}歴史に残るような　すごい事を{7f02}なしとげたのね！{0000},0x07D9
"",{7f04}{7f20}「{7f1f}どのの名は　ここで{7f02}末永く　語り継がれてゆくんですな。{0000},0x07F7
"",{7f04}{7f26}「にくたらしいわね！{7f02}どうしてエルフって　ひねくれた{7f02}言い方ばかりするのかしら。{0000},0x0813
"",{7f04}{7f21}「やっと　いい人間もいるって{7f02}エルフに　わかってもらえたみたいね！{0000},0x0837
"",{7f04}{7f20}「わははは　{7f1f}どのも{7f02}面と向かって　勇者といわれると{7f02}てれくさいようですな。{0000},0x0854
"",{7f04}{7f21}「そっか　{7f1f}は{7f02}ここに残らず　わたしたちと{7f02}地上に帰るほうを選んだのね。{0000},0x0875
"",{7f04}{7f20}「地上に帰るといっても{7f02}もう　{7f1f}どのの故郷は……。{7f0a}{7f02}{7f04}{7f20}「もし　よければ　私とともに{7f02}バトランドへ行きませんか？{7f02}まあ　考えてみてください。{0000},0x0897
"",{7f04}{7f26}「なんか　ひさびさに{7f02}自由になれた気がするわ。{7f0a}{7f02}{7f04}{7f26}「ようやく　大きな運命から{7f02}解放されたからかしらね。{0000},0x08D7
"",{7f04}{7f21}「サントハイムの　みんなは{7f02}無事に　お城へ戻ってきてるかな。{0000},0x0908
"",{7f04}{7f20}「進化の秘法がなくなった今{7f02}もう二度と　地獄の帝王に　人々が{7f02}おびやかされる事はあるまい。{0000},0x0927
"",{7f04}{7f26}「進化の秘法さえ　なくなれば{7f02}もう　究極の生物に進化しようとする{7f02}バカは　出てこなくなるよね。{0000},0x0952
"",{7f04}{7f21}「平和を取り戻したことも{7f02}うれしいけど　デス{7f31}との決着を{7f02}つけられたことが　何よりうれしいわ！{0000},0x097D
"",{7f04}{7f20}「思えば　デス{7f31}も{7f02}かわいそうなヤツでしたな。{0000},0x09A9
"",{7f04}{7f23}「やはり　サントハイムの民を{7f02}連れ去ったのは　闇の世界に住む{7f02}ものどもなんじゃろうか。{0000},0x09C0
"",{7f04}{7f25}「マスタードラゴンの加護を{7f02}うけた　天空の剣が　わたしたちを{7f02}闇から守ってくれるでしょう。{0000},0x09EB
"",{7f04}{7f22}「邪悪な波動って{7f02}さっき　城を揺るがした　ぶきみな{7f02}黒い光のことでしょうか？{0000},0x0A13
"",{7f04}{7f26}「地の底から　天空の城を{7f02}こうげきしてくるような　化け物に{7f02}勝てるのかなあ　ちょっと不安……。{0000},0x0A39
"",{7f04}{7f20}「我らを待ちうける{7f02}闇の世界には　手ごわい　わなが{7f02}しかけられてるかも知れませんな。{0000},0x0A63
"",{7f04}{7f25}「生まれ変わった　天空の剣が{7f02}わたしたちの戦いに　必ずや勝利を{7f02}もたらしてくれることでしょう。{0000},0x0A8B
"",{7f04}{7f26}「空に浮かぶ城が{7f02}あるってだけでも　おどろきなのに{7f02}神さままで　いたとはね……。{0000},0x0AB5
"",{7f04}{7f24}「天空の剣を探すのが{7f02}旅の目的だったのに　いつのまにか{7f02}化け物と戦うはめに……やれやれ。{0000},0x0ADA
"",{7f04}{7f23}「竜の神　マスタードラゴンか。{7f0a}{7f02}{7f04}{7f23}「生きてる間に　このような{7f02}とうといものに　お会いできるとは{7f02}長生きも　してみるものですな。{0000},0x0B03
"",{7f04}{7f22}「進化した　究極の生物に{7f02}ちっぽけな　ただの人間でしかない{7f02}自分たちが　勝てるんでしょうか……。{0000},0x0B3A
"",{7f04}{7f21}「今度こそ　ついにデス{7f31}と{7f02}誰にも　ジャマされることなく{7f02}決着をつけることが　できるのね！{0000},0x0B67
"",{7f04}{7f20}「急ぎましょう　{7f1f}どの。{7f02}行って　デス{7f31}の野望を{7f02}打ち砕きましょうぞ！{0000},0x0B91
"",{7f04}{7f25}「{7f1f}さんは　人間の血が{7f02}半分まじっているせいで　長い間{7f02}地上に　ほうっておかれたんですね。{7f0a}{7f02}{7f04}{7f25}「そう考えると　マスタードラゴンも{7f02}ひどいですわ。{0000},0x0BB5
"",{7f04}{7f26}「すごいじゃない　{7f1f}。{7f02}あの兵士　さっき　あなたのことを{7f02}勇者っていったわよ！{0000},0x0BF6
"",{7f04}{7f20}「{7f1f}どのに　天空人の{7f02}翼がないのは　半分は人間の血が{7f02}まじってるからでしょうな。{0000},0x0C19
"",{7f04}{7f22}「エスタークが目覚めて{7f02}地上に出てきたら　今ごろ{7f02}大変なことになってましたね。{0000},0x0C3D
"",{7f04}{7f21}「わたしたちが　エスタークに{7f02}勝ったのは　エスタークの進化が{7f02}不完全だったからなの？{7f0a}{7f02}{7f04}{7f21}「おもしろくないわね。{7f02}完全版のエスタークと戦いたいわ！{0000},0x0C62
"",{7f04}{7f20}「エスタークは　倒せたが{7f02}今度はデス{7f31}が　第二の{7f02}エスタークになろうとしている。{0000},0x0CA3
"",{7f04}{7f24}「進化の秘法　おそるべし。{7f02}埋めてダメなら　たたきこわす以外{7f02}ないんじゃないでしょうか。{0000},0x0CC8
"",{7f04}{7f23}「どうやら　進化の秘法とやらは{7f02}封じても封じても　長い年月をかけ{7f02}何度でも　よみがえる物らしいですな。{0000},0x0CF3
"",{7f04}{7f26}「あたし　進化の秘法で{7f02}ちょっと　実験してみたいわ。{7f0a}{7f02}{7f04}{7f26}「ひねくれ者に　進化の秘法を{7f02}使ったら　正直になったり　なまけ者に{7f02}使えば　働き者に進化するのかしら？{0000},0x0D23
"",{7f04}{7f25}「父が　錬金術師でさえなければ{7f02}進化の秘法を　手にすることもなく{7f02}命をうばわれることも　なかったのに。{0000},0x0D6C
"",{7f04}{7f21}「エルフって　人間がきらいなの？{7f02}そういえば　さえずりの塔のエルフも{7f02}わたしを見て　逃げ出したっけ。{0000},0x0D9B
"",{7f04}{7f24}「クチをきいてはダメと{7f02}言われると　無理やりにでも{7f02}クチをきかせたくなるのが　心情。{7f0a}{7f02}{7f04}{7f24}「ここに　{7f2e}さんがいれば{7f02}笑わせる事ぐらいは　できるのになあ。{0000},0x0DCA
"",{7f04}{7f25}「かわいらしい　エルフね。{7f02}子供のころの　姉さんみたいで。{0000},0x0E10
"",{7f04}{7f26}「小生意気な　エルフね。{7f02}おしおきしてやろうかしら。{0000},0x0E2B
