"",返事がない。{7f02}ただの　しかばねのようだ。{7f0b}{0000},0x0018
"",まがまがしい　魔人像だ。{7f0b}{0000},0x0029
"",{7f04}{7f31}「人間と共に{7f02}この城にいるとは　まったく{7f02}皮肉なものだな。{0000},0x0035
"",{7f04}{7f32}「来た道と同じ道を{7f02}こうして　{7f31}さまと{7f02}ともに　歩けるなんて……。{7f0a}{7f02}{7f04}{7f32}「ありがとうございます。{7f02}みなさんには　感謝の言葉も{7f02}見つかりません。{0000},0x004F
"",{7f04}{7f24}「エンドールで{7f02}私を待っている息子は{7f02}元気に　しているでしょうか……。{7f0a}{7f02}{7f04}{7f24}「いえ　なんだか{7f02}急に　思いだしちゃって……。{0000},0x008C
"",{7f04}{7f22}「もしも　世界を{7f02}破滅から救うことができたら{7f02}そのときは　私も姫さまに……{7f0a}{7f02}{7f04}{7f22}「いっ…いやっ！{7f02}そんな　出すぎたマネは{7f02}私には……あああっ！{0000},0x00BF
"",{7f04}{7f21}「ここまでに通った{7f02}いろいろな場所を　思いだすわ。{7f0a}{7f02}{7f04}{7f21}「……って　今は{7f02}思い出に　ふけってる場合じゃ{7f02}なかったわね！{0000},0x00F7
"",{7f04}{7f21}「ねえ　{7f22}。{7f02}あんた　こんなときに　なんで{7f02}ひとりで　真っ赤になってるの？{0000},0x0128
"",{7f04}{7f22}「もしも　世界を{7f02}破滅から救うことができたら{7f02}そのときは　私も姫さまに……{7f0a}{7f02}{7f04}{7f22}「いっ…いやっ！{7f02}そんな　出すぎたマネは{7f02}私には……あああっ！{0000},0x0145
"",{7f04}{7f26}「さっ　もうすぐね。{7f02}ちゃっちゃと行きましょ。{0000},0x017E
"",{7f04}{7f32}「まちがいありません！{7f02}{7f31}さまは　この先にいます！{0000},0x0192
"",{7f04}{7f25}「お父さん。{7f02}お父さんが　見つけた{7f02}進化の秘法……。{7f0a}{7f02}{7f04}{7f25}「絶対に　魔物たちの{7f02}好きなように　使わせたり{7f02}しないからね……。{0000},0x01A8
"",{7f04}{7f26}「はあーっ……。{7f02}デス{7f31}のいる所まで{7f02}もう　ひと山　ありそうね。{0000},0x01DF
"",{7f04}{7f24}「エンドールで{7f02}私を待っている息子は{7f02}元気に　しているでしょうか……。{7f0a}{7f02}{7f04}{7f24}「いえ　なんだか{7f02}急に　思いだしちゃって……。{0000},0x01FB
"",{7f04}{7f23}「この旅も　思えば{7f02}苦しみより楽しさのほうが{7f02}多かったかも　知れませんな。{7f0a}{7f02}{7f04}{7f23}「いや　こんな話は{7f02}今するべき話では　ありませんな。{0000},0x022D
"",{7f04}{7f22}「もしも　世界を{7f02}破滅から救うことができたら{7f02}そのときは　私も姫さまに……{7f0a}{7f02}{7f04}{7f22}「いっ…いやっ！{7f02}そんな　出すぎたマネは{7f02}私には……あああっ！{0000},0x0267
"",{7f04}{7f21}「ここまでに通った{7f02}いろいろな場所を　思いだすわ。{7f0a}{7f02}{7f04}{7f21}「……って　今は{7f02}思い出に　ふけってる場合じゃ{7f02}なかったわね！{0000},0x029F
"",{7f04}{7f20}「とうとう{7f02}ここまで　来ましたな。{7f0a}{7f02}{7f04}{7f20}「この{7f20}が{7f02}おります。恐れることなど{7f02}なにも　ありはしませんぞ。{0000},0x02CF
"",{7f04}{7f21}「ねえ　{7f22}。{7f02}あんた　こんなときに　なんで{7f02}ひとりで　真っ赤になってるの？{0000},0x02FA
"",{7f04}{7f22}「もしも　世界を{7f02}破滅から救うことができたら{7f02}そのときは　私も姫さまに……{7f0a}{7f02}{7f04}{7f22}「いっ…いやっ！{7f02}そんな　出すぎたマネは{7f02}私には……あああっ！{0000},0x0318
