"",ダミー{7f0b}{0000},0x0018
"",{7f04}{7f31}「人間と共に{7f02}この城にいるとは　まったく{7f02}皮肉なものだな。{0000},0x001C
"",{7f04}{7f32}「来た道と同じ道を{7f02}こうして　{7f31}さまと{7f02}ともに　歩けるなんて……。{7f0a}{7f02}{7f04}{7f32}「ありがとうございます。{7f02}みなさんには　感謝の言葉も{7f02}見つかりません。{0000},0x0032
"",{7f04}{7f26}「ここは　なんなの？{7f02}なんにも　なさそうだけど。{0000},0x0069
"",{7f04}{7f26}「ここは　なんなの？{7f02}なんにも　なさそうだけど。{0000},0x007A
