"",ダミー{7f0b}{0000},0x0018
"",まがまがしい　魔人像だ。{7f0b}{0000},0x001D
"",{7f04}{7f31}「人間と共に{7f02}この城にいるとは　まったく{7f02}皮肉なものだな。{0000},0x0028
"",{7f04}{7f32}「来た道と同じ道を{7f02}こうして　{7f31}さまと{7f02}ともに　歩けるなんて……。{7f0a}{7f02}{7f04}{7f32}「ありがとうございます。{7f02}みなさんには　感謝の言葉も{7f02}見つかりません。{0000},0x0042
"",{7f04}{7f25}「わたし　じつは{7f02}夢が　あるんです。{7f0a}{7f02}{7f04}{7f25}「進化の秘法を　上手に使って{7f02}人も動物も　世界のみんなが{7f02}幸せに暮らせるようにしたい……。{7f0a}{7f02}{7f04}{7f25}「だって　そうすれば{7f02}きっと　お父さんも　天国で{7f02}よろこんでくれると思うから……。{0000},0x007E
"",{7f04}{7f20}「ここの魔物でさえ{7f02}今では　手ごたえが{7f02}ありませんな。{0000},0x00D8
"",{7f04}{7f24}「{7f1f}さんが　天空の剣を{7f02}手に入れた　私の旅は{7f02}終わっていたのかもしれません。{7f0a}{7f02}{7f04}{7f24}「けれど　あそこで{7f02}旅をやめなくて　よかった。{7f02}今は　本当にそう思ってます。{0000},0x00F0
"",{7f04}{7f22}「いつ　魔物に{7f02}見つかってもいいよう{7f02}細心の注意を　払いましょう。{0000},0x0132
"",{7f04}{7f32}「{7f31}さま……。{0000},0x014E
"",{7f04}{7f25}「わたし　じつは{7f02}夢が　あるんです。{7f0a}{7f02}{7f04}{7f25}「進化の秘法を　上手に使って{7f02}人も動物も　世界のみんなが{7f02}幸せに暮らせるようにしたい……。{7f0a}{7f02}{7f04}{7f25}「だって　そうすれば{7f02}きっと　お父さんも　天国で{7f02}よろこんでくれると思うから……。{0000},0x0156
"",{7f04}{7f26}「進化の秘法を使った{7f02}デス{7f31}か。どうなってるのか{7f02}想像が　つかないわね。{0000},0x01B0
"",{7f04}{7f24}「{7f1f}さんが　天空の剣を{7f02}手に入れた　私の旅は{7f02}終わっていたのかもしれません。{7f0a}{7f02}{7f04}{7f24}「けれど　あそこで{7f02}旅をやめなくて　よかった。{7f02}今は　本当にそう思ってます。{0000},0x01D0
"",{7f04}{7f23}「たどり着く先は{7f02}本当の地獄か　あるいは……。{7f0a}{7f02}{7f04}{7f23}「いや　無意味な想像は{7f02}やめましょう。真実は　すぐ{7f02}目の前に　ありますからな。{0000},0x0212
"",{7f04}{7f22}「いつ　魔物に{7f02}見つかってもいいよう{7f02}細心の注意を　払いましょう。{0000},0x024C
"",{7f04}{7f21}「一度　通っただけじゃ{7f02}道が　覚えられないわ。{7f0a}{7f02}{7f04}{7f21}「ときどき　立ち止まって{7f02}ゆっくり考えてみてもいいわね。{0000},0x0268
"",{7f04}{7f20}「広い上に{7f02}恐ろしく　道が複雑ですな。{7f0a}{7f02}{7f04}{7f20}「ここまで来て{7f02}あせる必要は　ありません。{7f02}慎重に　行きましょう。{0000},0x029A
