"",ダミー{7f0b}{0000},0x0018
"",まがまがしい　魔人像だ。{7f0b}{0000},0x001C
"",{7f04}{7f31}「人間と共に{7f02}この城にいるとは　まったく{7f02}皮肉なものだな。{0000},0x0028
"",{7f04}{7f32}「来た道と同じ道を{7f02}こうして　{7f31}さまと{7f02}ともに　歩けるなんて……。{7f0a}{7f02}{7f04}{7f32}「ありがとうございます。{7f02}みなさんには　感謝の言葉も{7f02}見つかりません。{0000},0x0041
"",{7f04}{7f23}「やれやれ。本当に{7f02}複雑な造りの城ですな。{0000},0x007C
"",{7f04}{7f26}「こんな部屋があるなんて{7f02}ちゃんと　注意してなかったら{7f02}見落としてたわね。{0000},0x008F
"",{7f04}{7f22}「ふむ？　なんでしょう？{7f02}この部屋は　注意して見た方が{7f02}よさそうですが……。{0000},0x00AC
"",{7f04}{7f25}「なにかしら？{7f02}この部屋は　風の通り方が{7f02}他の場所と　違う気がします。{0000},0x00CA
"",{7f04}{7f23}「やれやれ。むやみに{7f02}複雑な造りの城ですな。{0000},0x00E6
"",{7f04}{7f26}「こんな部屋があるなんて{7f02}ちゃんと　注意してなかったら{7f02}見落としてたわね。{0000},0x00F9
"",{7f04}{7f22}「ふむ？　なんでしょう？{7f02}この部屋は　注意して見た方が{7f02}よさそうですが……。{0000},0x0116
"",{7f04}{7f25}「なにかしら？{7f02}この部屋は　風の通り方が{7f02}他の場所と　違う気がします。{0000},0x0134
