"",ダミー{7f0b}{0000},0x0018
"",{7f04}{7f31}「人間と共に{7f02}この城にいるとは　まったく{7f02}皮肉なものだな。{0000},0x001C
"",{7f04}{7f32}「来た道と同じ道を{7f02}こうして　{7f31}さまと{7f02}ともに　歩けるなんて……。{7f0a}{7f02}{7f04}{7f32}「ありがとうございます。{7f02}みなさんには　感謝の言葉も{7f02}見つかりません。{0000},0x0034
"",{7f04}{7f21}「気をつけてるけど{7f02}ちょっと　気を抜いたら{7f02}すぐ　道に迷いそうね。{0000},0x006C
"",{7f04}{7f23}「ずいぶん　高い所まで{7f02}のぼってきたような気が{7f02}いたしますが……。{0000},0x0086
"",{7f04}{7f20}「出口は　いったい{7f02}どこでしょうかな？{0000},0x00A1
"",{7f04}{7f21}「気をつけてるけど{7f02}ちょっと　気を抜いたら{7f02}すぐ　道に迷いそうね。{0000},0x00B2
