"",ダミー{7f0b}{0000},0x0018
"",{7f04}{7f31}「人間と共に{7f02}この城にいるとは　まったく{7f02}皮肉なものだな。{0000},0x001C
"",{7f04}{7f32}「来た道と同じ道を{7f02}こうして　{7f31}さまと{7f02}ともに　歩けるなんて……。{7f0a}{7f02}{7f04}{7f32}「ありがとうございます。{7f02}みなさんには　感謝の言葉も{7f02}見つかりません。{0000},0x0034
"",{7f04}{7f24}「強くなったとはいえ{7f02}馬車なしで　ここまで来ると{7f02}さすがに　不安ですよ～。{0000},0x006E
"",{7f04}{7f22}「デス{7f31}に会ったら{7f02}何が　起こるのか……。{7f02}想像が　つきませんね。{0000},0x008E
"",{7f04}{7f32}「{7f31}さまの気配を{7f02}とても　強く感じます！{7f02}もうすぐ……。{0000},0x00AA
"",{7f04}{7f26}「さーてとっ！{7f02}そろそろ　気合いのひとつも{7f02}入れなおしましょうかね！{0000},0x00C1
"",{7f04}{7f26}「さーてとっ！{7f02}そろそろ　気合いのひとつも{7f02}入れなおしましょうかね！{0000},0x00DD
"",{7f04}{7f25}「デス{7f31}……。{0000},0x00F9
"",{7f04}{7f20}「まだ　道が続くとは……。{0000},0x0100
"",{7f04}{7f22}「城の雰囲気が{7f02}変わりましたね。{7f02}出口が　近いのかもしれません！{0000},0x010C
