"",ダミー{7f0b}{0000},0x0018
"",{7f04}{7f24}「ここに来ると{7f02}あのときの　怖かった思い出が……{7f02}ああっ！　怖いぃっ！{0000},0x001D
"",{7f04}{7f2f}「うわあー。{7f02}ここって　なんだか{7f02}すごいトコですねぇー。{7f0a}{7f02}{7f04}{7f2f}「こんな所に{7f02}連れてきてくれるなんて{7f02}{7f2f}　感激ですぅー。{0000},0x003A
"",{7f04}{7f21}「また　こんな所に{7f02}来るなんて……　わかった！{7f02}これも　修行ってわけね！{0000},0x006C
"",{7f04}{7f31}「そういえば{7f02}この場所では　お前たちに{7f02}煮え湯を飲まされたな。{7f0a}{7f02}{7f04}{7f31}「……まあいい。{7f02}それはすでに　過去のことだ。{0000},0x008A
"",{7f04}{7f25}「もう　この場所には{7f02}用はないはずです。{7f02}別の場所に　行きましょう。{0000},0x00BA
"",{7f04}{7f26}「なーに？{7f02}まだ　こんな場所に{7f02}用があるの？{0000},0x00D7
"",{7f04}{7f24}「はあはあ……。{7f02}ネネ。私は　死ななかったよ……。{0000},0x00EA
"",{7f04}{7f20}「これで　ひとまずは{7f02}脅威から　解放されますな。{0000},0x00FF
"",{7f04}{7f23}「エスタークめ。{7f02}思いの外　手ごたえが{7f02}なかったですな。{7f0a}{7f02}{7f04}{7f23}「急いで乗り込んで{7f02}正解だったのかも{7f02}しれません。{0000},0x0115
"",{7f04}{7f22}「この{7f22}{7f02}今は　たまらない充実感に{7f02}満ち満ちております！{0000},0x0145
"",{7f04}{7f21}「さっきの{7f02}デス{7f31}たちの話が{7f02}すこし　気になるわ。{7f0a}{7f02}{7f04}{7f21}「エルフの{7f32}が{7f02}どうのこうのって{7f02}言ってたみたいだけど。{0000},0x015F
"",{7f04}{7f25}「エスターク……。{7f02}目覚めたばかりでなければ{7f02}勝てなかったかも……。{0000},0x018F
"",{7f04}{7f26}「これで　この場所には{7f02}もう　用はないわね。{7f0a}{7f02}{7f04}{7f26}「さっさと　外に出ましょ。{7f02}太陽が　恋しいわ。{0000},0x01AC
"",{7f04}{7f24}「はあはあ……。{7f02}ネネ。私は　死ななかったよ……。{0000},0x01D4
"",{7f04}{7f23}「ここに来る道中の{7f02}炎の奥にあった宝箱を{7f02}忘れずに　取っていきましょうぞ。{7f0a}{7f02}{7f04}{7f23}「ことによれば{7f02}重要なものが　手に入るかも{7f02}しれませんからな。{0000},0x01E9
"",{7f04}{7f25}「エスターク……。{7f02}目覚めたばかりでなければ{7f02}勝てなかったかも……。{0000},0x0227
"",{7f04}{7f26}「エスタークも倒したし{7f02}これで　すべて済んだのかしら？{7f0a}{7f02}{7f04}{7f26}「うーーーん。{7f02}なにか　忘れてる気がするわね。{0000},0x0244
"",{7f04}{7f22}「………………。{7f0a}{7f02}{7f04}{7f22}「はっ！　すみません。{7f02}まわりに集中していました。{7f02}今　なにか言いましたか？{0000},0x0271
"",{7f04}{7f23}「うかつに動くことさえ{7f02}ここでは　危険ですな。{7f02}考えながら　進みましょう。{0000},0x0298
"",{7f04}{7f24}「エ…エスタークやーい！{7f02}かくれてないで　出てこーい！{7f02}私が　こ…怖いのかー！{0000},0x02B9
"",{7f04}{7f2e}「なんで　私が{7f02}こんな所に……。{7f0a}{7f02}{7f04}{7f2e}「王さまを{7f02}笑わせるって言ったのに{7f02}話が　違いすぎますよ……。{0000},0x02D9
"",{7f04}{7f20}「これほどに強い{7f02}魔物の気配は　これまでに{7f02}感じたことがないですな。{0000},0x0303
"",{7f04}{7f25}「今は　話をしている{7f02}場合じゃないです。{7f02}集中しましょう。{0000},0x0320
"",{7f04}{7f26}「こんな　立派な城に{7f02}いるなんて　予想外だったわ。{7f02}さすがに　帝王ね。{0000},0x033A
"",{7f04}{7f21}「きっと　エスタークが{7f02}近いのね……。ここにいると{7f02}なんだか　息がつまりそう。{0000},0x0358
