"",{7f04}デスピサロ「なにっ！？{7f0a}{7f02}{7f04}デスピサロ「うぬぬぬぬ！　みなの者！{7f02}とにかく　引き上げだ！{7f0b}{0000},0x0018
"",た…大変です！{7f02}デスピサロさま！{7f0a}{7f02}エルフの{7f32}さまが{7f02}人間たちの手に！{7f0a}{0000},0x003E
"",{7f04}デスピサロ「な…　なんということだ！{7f0a}{7f02}{7f04}デスピサロ「こ　このようなことが{7f02}起きようとは……！{7f0a}{7f02}{7f04}デスピサロ「われらが長きにわたり{7f02}その復活を待ち望んだ　魔の帝王が{7f02}おぬら人間どもに敗れただと……{7f0a}{7f02}{7f04}デスピサロ「……………………。{7f0a}{7f02}{7f04}デスピサロ「し　しかし　予言では{7f02}帝王を倒せる者は　天空の血を引く{7f02}勇者のみのはず……。{7f0a}{7f02}{7f04}デスピサロ「お前たちは　まさか……！？{7f0b}{0000},0x005D
"",返事がない。{7f02}ただの　しかばねのようだ……。{7f0b}{0000},0x00F7
"",{7f45}なに…やつだ……。{7f02}わが眠り…　さまたげる者は……。{7f0b}{0000},0x010A
"",ええいっ！　わからぬやつめ！{7f02}そんなに　死にたいかっ！{7f0b}{0000},0x0121
"",ならば　早く行け！{7f0b}{0000},0x0139
"",なんだ　お前たちは！{7f02}誰か知らぬが　とにかく{7f02}これ以上　近よっては　ならぬ！{7f0a}{7f02}エスターク帝王が　目覚めるまで{7f02}今しばらく　かかりそうなのだ！{7f02}すぐさま　立ち去れい！{0000},0x0143
"",{7f04}{7f24}「ここに来ると{7f02}あのときの　怖かった思い出が……{7f02}ああっ！　怖いぃっ！{0000},0x0189
"",{7f04}{7f2f}「うわあー。{7f02}ここって　なんだか{7f02}すごいトコですねぇー。{7f0a}{7f02}{7f04}{7f2f}「こんな所に{7f02}連れてきてくれるなんて{7f02}{7f2f}　感激ですぅー。{0000},0x01A8
"",{7f04}{7f21}「また　こんな所に{7f02}来るなんて……　わかった！{7f02}これも　修行ってわけね！{0000},0x01DB
"",{7f04}{7f31}「そういえば{7f02}この場所では　お前たちに{7f02}煮え湯を飲まされたな。{7f0a}{7f02}{7f04}{7f31}「……まあいい。{7f02}それはすでに　過去のことだ。{0000},0x01F9
"",{7f04}{7f25}「もう　この場所には{7f02}用はないはずです。{7f02}別の場所に　行きましょう。{0000},0x022B
"",{7f04}{7f26}「なーに？{7f02}まだ　こんな場所に{7f02}用があるの？{0000},0x0248
"",{7f04}{7f24}「はあはあ……。{7f02}ネネ。私は　死ななかったよ……。{0000},0x025B
"",{7f04}{7f20}「これで　ひとまずは{7f02}脅威から　解放されますな。{0000},0x0271
"",{7f04}{7f23}「エスタークめ。{7f02}思いの外　手ごたえが{7f02}なかったですな。{7f0a}{7f02}{7f04}{7f23}「急いで乗りんで{7f02}正解だったのかも{7f02}しれません。{0000},0x0288
"",{7f04}{7f22}「この{7f22}{7f02}今は　たまらない充実感に{7f02}ちちております！{0000},0x02B8
"",{7f04}{7f21}「さっきの{7f02}デス{7f31}たちの話が{7f02}すこし　気になるわ。{7f0a}{7f02}{7f04}{7f21}「エルフの{7f32}が{7f02}どうのこうのって{7f02}言ってたみたいだけど。{0000},0x02D3
"",{7f04}{7f25}「エスターク……。{7f02}目覚めたばかりでなければ{7f02}勝てなかったかも……。{0000},0x0303
"",{7f04}{7f26}「これで　この場所には{7f02}もう　用はないわね。{7f0a}{7f02}{7f04}{7f26}「さっさと　外に出ましょ。{7f02}太陽が　恋しいわ。{0000},0x0320
"",{7f04}{7f24}「はあはあ……。{7f02}ネネ。私は　死ななかったよ……。{0000},0x034A
"",{7f04}{7f23}「ここに来る道中の{7f02}炎の奥にあった宝箱を{7f02}忘れずに　取っていきましょうぞ。{7f0a}{7f02}{7f04}{7f23}「ことによれば{7f02}重要なものが　手に入るかも{7f02}しれませんからな。{0000},0x035F
"",{7f04}{7f25}「エスターク……。{7f02}目覚めたばかりでなければ{7f02}勝てなかったかも……。{0000},0x039F
"",{7f04}{7f26}「エスタークも倒したし{7f02}これで　すべて済んだのかしら？{7f0a}{7f02}{7f04}{7f26}「うーーーん。{7f02}なにか　忘れてる気がするわね。{0000},0x03BC
"",{7f04}{7f25}「あれが　地獄の帝王……。{7f0a}{7f02}{7f04}{7f25}「眠っているのに{7f02}これほどの　オーラを{7f02}発しているなんて……。{0000},0x03EA
"",{7f04}{7f24}「行くんですか！？{7f02}行くんなら　行っちゃいますよ！？{0000},0x0413
"",{7f04}{7f22}「一気に攻めむなら{7f02}これ以上のチャンスは{7f02}ありません！　行きましょう！{0000},0x042A
"",{7f04}{7f23}「エスタークのやつめ{7f02}眠っているのか……？{0000},0x044D
"",{7f04}{7f21}「すごい！　相手にとって{7f02}不足なしって　状況ね！{0000},0x0461
"",{7f04}{7f26}「あれが　地獄の帝王？{7f02}ちょっと　想像と違うわね。{0000},0x0478
"",{7f04}{7f20}「いますぞ。{7f02}気を　引きしめてください。{0000},0x0490
