"",ダミー{7f0b}{0000},0x0018
"",{7f04}{7f24}「ここに来ると{7f02}あのときの　怖かった思い出が……{7f02}ああっ！　怖いぃっ！{0000},0x001D
"",{7f04}{7f2f}「うわあー。{7f02}ここって　なんだか{7f02}すごいトコですねぇー。{7f0a}{7f02}{7f04}{7f2f}「こんな所に{7f02}連れてきてくれるなんて{7f02}{7f2f}　感激ですぅー。{0000},0x003A
"",{7f04}{7f21}「また　こんな所に{7f02}来るなんて……　わかった！{7f02}これも　修行ってわけね！{0000},0x006C
"",{7f04}{7f31}「そういえば{7f02}この場所では　お前たちに{7f02}煮え湯を飲まされたな。{7f0a}{7f02}{7f04}{7f31}「……まあいい。{7f02}それはすでに　過去のことだ。{0000},0x0089
"",{7f04}{7f25}「もう　この場所には{7f02}用はないはずです。{7f02}別の場所に　行きましょう。{0000},0x00BA
"",{7f04}{7f26}「なーに？{7f02}まだ　こんな場所に{7f02}用があるの？{0000},0x00D7
"",{7f04}{7f24}「はあはあ……。{7f02}ネネ。私は　死ななかったよ……。{0000},0x00EA
"",{7f04}{7f20}「これで　ひとまずは{7f02}脅威から　解放されますな。{0000},0x00FE
"",{7f04}{7f23}「エスタークめ。{7f02}思いの外　手ごたえが{7f02}なかったですな。{7f0a}{7f02}{7f04}{7f23}「急いで乗り込んで{7f02}正解だったのかも{7f02}しれません。{0000},0x0115
"",{7f04}{7f22}「この{7f22}{7f02}今は　たまらない充実感に{7f02}満ち満ちております！{0000},0x0145
"",{7f04}{7f21}「さっきの{7f02}デス{7f31}たちの話が{7f02}すこし　気になるわ。{7f0a}{7f02}{7f04}{7f21}「エルフの{7f32}が{7f02}どうのこうのって{7f02}言ってたみたいだけど。{0000},0x015F
"",{7f04}{7f25}「エスターク……。{7f02}目覚めたばかりでなければ{7f02}勝てなかったかも……。{0000},0x018F
"",{7f04}{7f26}「これで　この場所には{7f02}もう　用はないわね。{7f0a}{7f02}{7f04}{7f26}「さっさと　外に出ましょ。{7f02}太陽が　恋しいわ。{0000},0x01AC
"",{7f04}{7f24}「はあはあ……。{7f02}ネネ。私は　死ななかったよ……。{0000},0x01D5
"",{7f04}{7f23}「ここに来る道中の{7f02}炎の奥にあった宝箱を{7f02}忘れずに　取っていきましょうぞ。{7f0a}{7f02}{7f04}{7f23}「ことによれば{7f02}重要なものが　手に入るかも{7f02}しれませんからな。{0000},0x01EA
"",{7f04}{7f25}「エスターク……。{7f02}目覚めたばかりでなければ{7f02}勝てなかったかも……。{0000},0x0226
"",{7f04}{7f26}「エスタークも倒したし{7f02}これで　すべて済んだのかしら？{7f0a}{7f02}{7f04}{7f26}「うーーーん。{7f02}なにか　忘れてる気がするわね。{0000},0x0243
"",{7f04}{7f22}「ご安心ください！{7f02}この{7f22}　手を抜かずに{7f02}全力を　尽くします！{0000},0x0270
"",{7f04}{7f24}「今　ふと疑問に{7f02}思ったのですが……{7f0a}{7f02}{7f04}{7f24}「なぜ　私は{7f02}馬車ではなく　この場所に{7f02}いるのでしょうか。{0000},0x028E
"",{7f04}{7f23}「危険を感じたら{7f02}ムリに進んではなりませんぞ。{7f0a}{7f02}{7f04}{7f23}「戦いを避けることも{7f02}戦術の　ひとつですからな。{0000},0x02B9
"",{7f04}{7f20}「私には　感じます。{7f02}この奥に　まちがいなく{7f02}巨大な存在が　待っていますぞ。{0000},0x02E6
"",{7f04}{7f26}「この先に{7f02}エスタークがいるのね。{0000},0x0307
"",{7f04}{7f25}「信じられないわ……。{7f02}地下に　こんな空間が{7f02}あるなんて……。{0000},0x0317
"",{7f04}{7f21}「このあたりの敵は{7f02}あなどれないわ！{7f02}{7f1f}も　気をつけて！{0000},0x0331
