"",この洞くつを　南に抜けると{7f02}バトランドのお城だ！{7f0a}{7f02}え？　知ってるって？{7f02}おぬし　ただ者ではないなっ！{7f0b}{0000},0x0018
"",{7f04}{7f24}「あの方{7f02}バトランドの戦士のようでしたね。{7f0a}{7f02}{7f04}{7f24}「きっと　ここを通る{7f02}旅人の安全を　守っているのですね。{7f02}まったく　アタマが下がります。{0000},0x0042
"",{7f04}{7f23}「ほっほっほっ。{7f02}いかにも　わしらは　ただ者では{7f02}ありませんな。{0000},0x007B
"",{7f04}{7f21}「あの人　こんな所で{7f02}何やってるのかしら？{7f0a}{7f02}{7f04}{7f21}「弱い魔物と　戦って{7f02}剣の修行をしてるのかな？{0000},0x0096
"",{7f04}{7f20}「むむう。あやつ　まだ{7f02}この洞くつに　いたのか！{7f0a}{7f02}{7f04}{7f20}「まさか　いまだに{7f02}洞くつから　出られないのでは……？{7f02}い　いや　そんなバカなことが。{0000},0x00BE
"",{7f04}{7f25}「わたしの占いでは{7f02}この洞くつに　もぐっても{7f02}転機は　訪れぬそうです。{7f0a}{7f02}{7f04}{7f25}「どこか　他の地へ{7f02}向かった方が　よいのでは？{0000},0x00F6
"",{7f04}{7f26}「エンドールとブランカを{7f02}つなぐトンネルに　比べると{7f02}ここって　おそまつなデキよね。{7f0a}{7f02}{7f04}{7f26}「自然の洞くつを{7f02}まんま　利用してるのかしら？{0000},0x012A
"",{7f04}{7f24}「このトンネルを使うなら{7f02}船で　向こう岸に渡ったほうが{7f02}早かったのでは？{0000},0x0164
"",{7f04}{7f22}「川の下を　洞くつが{7f02}通っているのですね。くずれないか{7f02}ちょっと　不安になります。{0000},0x0183
"",{7f04}{7f21}「この洞くつには{7f02}強い魔物の気配は　感じないわ。{7f02}他の場所へ　行きましょ！{0000},0x01A6
"",{7f04}{7f20}「ここは　バトランドと{7f02}イムルの村をつなぐための{7f02}トンネルなのですよ。{0000},0x01C7
"",{7f04}{7f23}「やれやれ。{7f1f}どのは{7f02}洞くつがあったら　入らねば{7f02}気がすまぬ　お人のようですな。{0000},0x01E5
