"",ダミー{7f0b}{0000},0x0018
"",{7f04}{7f25}「ここで　やるべきことは{7f02}もう　何もない……。{7f02}そんな　予感がします。{0000},0x001C
"",{7f04}{7f26}「こんなトコに　いても{7f02}つまんないわ。さっさと{7f02}どこか町にでも　行きましょうよ。{0000},0x0038
"",{7f04}{7f24}「私も　子供のころには{7f02}秘密基地なんて　作ったものですが{7f02}ここは　そんな感じがしますね。{0000},0x0059
"",{7f04}{7f23}「むむっ。{7f02}森の中にこんな場所が　あるとは！{7f02}外見からは　気づかぬものですな。{0000},0x007C
"",{7f04}{7f22}「とりあえず　ここには{7f02}魔物の気配は　ありませんね。{7f02}どういう場所なのでしょうか？{0000},0x009C
"",{7f04}{7f21}「ただの森かと　思ってたのに{7f02}なんだか　怪しい場所に{7f02}入っちゃったわね。{0000},0x00BE
"",{7f04}{7f20}「ここは　子どもたちの{7f02}秘密の遊び場だった所です。{7f0a}{7f02}{7f04}{7f20}「しかし　それが{7f02}魔物のワナだったとは……。{7f02}まったく　ズルがしこい奴らよ。{0000},0x00DC
