"",ダミー{7f0b}{0000},0x0018
"",{7f04}{7f25}「ここで　やるべきことは{7f02}もう　何もない……。{7f02}そんな　予感がします。{0000},0x001C
"",{7f04}{7f26}「あたし　基本的に{7f02}洞くつって　キライなのよ。{7f0a}{7f02}{7f04}{7f26}「なにか　目的があって{7f02}もぐるんなら　ガマンもできるけど{7f02}意味がないなら　帰りたいわ。{0000},0x0038
"",{7f04}{7f24}「井戸の底だけあって{7f02}なんだか　ジメジメしてますな。{7f0a}{7f02}{7f04}{7f24}「太っている　私には{7f02}こういう所は　こたえます。{0000},0x0072
"",{7f04}{7f23}「もともとあった{7f02}地下水脈が　かれてしまい{7f02}洞くつになったのでしょうかな？{0000},0x009D
"",{7f04}{7f22}「井戸の底に　こんな洞くつが{7f02}あるとは　おどろきました。{0000},0x00BB
"",{7f04}{7f21}「この洞くつには{7f02}強い魔物の気配は　感じないわ。{7f02}他の場所へ　行きましょ！{0000},0x00D3
"",{7f04}{7f20}「私は　この洞くつで{7f02}ひとりの　気のいい仲間と{7f02}出会ったのです。{7f0a}{7f02}{7f04}{7f20}「彼は　今ごろ{7f02}どこで　何をしているのか……。{0000},0x00F3
