"",宝箱の底に　ボタンを見つけた！{7f02}押してみますか？{0000},0x0018
"",泥にまみれた骨が　転がっている……。{7f0b}{0000},0x002D
"",{7f04}{7f30}「ガオーン！！{0000},0x003D
"",{7f04}{7f2f}「こ　こわいですー。{7f02}{7f2f}　暗いところは{7f02}苦手なんですー。{0000},0x0046
"",{7f04}{7f2e}「ぶつぶつ……洞くつにいるのは{7f02}どうぶつじゃ　なくてモンスターだよ。{7f02}洞くつ探険は　どーも　苦痛だ……。{7f0a}{7f02}{7f04}{7f2e}「あっ　今　話しかけないで{7f02}くれます？　ネタを考えてるんで。{0000},0x005D
"",{7f04}{7f2d}「手をつないで歩きましょう！{7f02}はぐれて　また　同士うちをしたら{7f02}大変ですからね！{0000},0x00A5
"",{7f04}{7f20}「うむ。なつかしい。{7f02}自分の故郷　バトランドにも{7f02}さまざまな洞くつが　ありました。{0000},0x00C8
"",{7f04}{7f23}「今さら　こんな洞くつに{7f02}何の用があると？{7f02}さあさ　地上に戻りましょうぞ！{0000},0x00EC
"",{7f04}{7f22}「ここに　封印されていた{7f02}黄金の腕輪……。あれから行方が{7f02}知れませんが　いったい　どこに？{0000},0x010D
"",{7f04}{7f21}「なつかしいわねー。{7f02}あの時は　{7f22}と{7f23}と{7f02}３人だけで　来たのよね。{0000},0x0134
"",{7f04}{7f24}「この洞くつの　弱い敵を{7f02}倒していれば　無傷で{7f02}ガッポリ　もうかりますね。{7f0a}{7f02}{7f04}{7f24}「ハイリスク・ハイリターンは{7f02}もう古いのです。{7f02}これからは　堅実に貯める時代です！{0000},0x0151
"",{7f04}{7f26}「暗いとこって　どーも{7f02}あたしの性格に　合わないのよね。{7f0a}{7f02}{7f04}{7f26}「やっぱり　ネオンかがやく{7f02}劇場か　カジノが　いちばん！{7f02}ねえ　早く　出ましょうよ！{0000},0x0197
