"",ダミー{7f0b}{0000},0x0018
"",{7f04}{7f25}「この洞くつのしかけは{7f02}入ってきた者が　奥に進むのを{7f02}防ぐためのものみたいですね。{7f0a}{7f02}{7f04}{7f25}「でも　今となっては{7f02}それも無用の長物。{7f02}ここにいるのも　ムダですわ。{0000},0x001D
"",{7f04}{7f26}「イヤだわ。{7f02}こんな洞くつ　歩いてたら{7f02}ドロまみれに　なっちゃうじゃない！{0000},0x005D
"",{7f04}{7f24}「鉄の金庫を　すでに{7f02}取った以上　ここにいても{7f02}あまり意味は　ありません。{7f0a}{7f02}{7f04}{7f24}「さあ　どこか他の所へ{7f02}向かうとしましょう！{0000},0x007D
"",{7f04}{7f22}「この洞くつは{7f02}鉄の金庫を　守るために{7f02}人の手で　作られたようですね。{7f0a}{7f02}{7f04}{7f22}「それも　今となっては{7f02}ムダになったわけですが……。{0000},0x00B3
"",{7f04}{7f21}「あ～もう！{7f02}私　こういう　しかけだらけの{7f02}洞くつって苦手！{7f0a}{7f02}{7f04}{7f21}「こういうトコに　いると{7f02}イライラしてくるのよね。{0000},0x00E7
"",{7f04}{7f20}「なんとも　奇妙なしかけが{7f02}ほどこされた洞くつですな。{7f0a}{7f02}{7f04}{7f20}「私ひとりでだったら{7f02}とても　進めませんぞ。{0000},0x0117
"",{7f04}{7f23}「こんな所ででも{7f02}話しかけてくるとは　勇者どのは{7f02}おしゃべり好きですのう。{0000},0x0142
"",{7f04}{7f25}「この洞くつのしかけは{7f02}入ってきた者が　奥に進むのを{7f02}防ぐためのものみたいですね。{7f0a}{7f02}{7f04}{7f25}「それほど　重要なものが{7f02}あるのでしょうか？{7f02}徒労でなければ　いいのですが。{0000},0x0161
"",{7f04}{7f26}「イヤだわ。{7f02}こんな洞くつ　歩いてたら{7f02}ドロまみれに　なっちゃうじゃない！{0000},0x01A5
"",{7f04}{7f24}「この洞くつの奥に{7f02}ウワサに聞く　鉄の金庫が{7f02}あるというわけですな。{7f0a}{7f02}{7f04}{7f24}「……でも　手に入れても{7f02}今更という感じもしますね。{0000},0x01C5
"",{7f04}{7f22}「この洞くつは{7f02}何か　大切なものを　守るために{7f02}人の手で　作られたようですね。{0000},0x01FA
"",{7f04}{7f21}「あ～もう！{7f02}私　こういう　しかけだらけの{7f02}洞くつって苦手！{7f0a}{7f02}{7f04}{7f21}「こういうトコに　いると{7f02}イライラしてくるのよね。{0000},0x021B
"",{7f04}{7f20}「なんとも　奇妙なしかけが{7f02}ほどこされた洞くつですな。{7f0a}{7f02}{7f04}{7f20}「私ひとりでだったら{7f02}とても　進めませんぞ。{0000},0x024A
"",{7f04}{7f23}「このような洞くつに{7f02}もぐらねばならぬ理由が{7f02}あるとは　思えませんな。{7f0a}{7f02}{7f04}{7f23}「悪いことは　言いませぬ。{7f02}勇者どの！　こんなところ{7f02}早く　出るとしましょうぞ！{0000},0x0275
