"",ダミー{7f0b}{0000},0x0018
"",{7f04}{7f25}「わたしの占いでは{7f02}この洞くつに　我々にとって{7f02}必要なものはないと　出ました。{7f0a}{7f02}{7f04}{7f25}「信じていただけるなら{7f02}ここから　出ませんか？{7f0a}{7f02}{7f04}{7f25}「それとも　わたしの占いなど{7f02}信じられぬと……？{7f02}ひどいっ！　あんまりです！{0000},0x001D
"",{7f04}{7f26}「あたし　基本的に{7f02}洞くつって　キライなのよ。{7f0a}{7f02}{7f04}{7f26}「なにか　目的があって{7f02}もぐるんなら　ガマンもできるけど{7f02}意味がないなら　帰りたいわ。{0000},0x0072
"",{7f04}{7f24}「この洞くつにあった{7f02}銀の女神像は　もう取りましたよ。{7f0a}{7f02}{7f04}{7f24}「これ以上{7f02}ここにいるのは　無意味です。{7f02}早く　脱出しましょう。{0000},0x00AB
"",{7f04}{7f23}「この洞くつ。{7f02}一見　自然のものにも見えるが{7f02}じつは　人工の洞くつじゃな。{7f0a}{7f02}{7f04}{7f23}「なんの目的が　あって{7f02}こんなものを　作ったのかまでは{7f02}わかりかねるがのう……。{0000},0x00E1
"",{7f04}{7f22}「以前　この洞くつでは{7f02}多くの者たちが　危険を冒して{7f02}宝さがしをしていたそうです。{7f0a}{7f02}{7f04}{7f22}「なかには　二度と{7f02}帰らぬ者も　少なくなかったとか。{7f0a}{7f02}{7f04}{7f22}「私たちも{7f02}その仲間に　入らないうちに{7f02}ここから　出るとしませんか？{0000},0x0120
"",{7f04}{7f21}「こんな所に{7f02}洞くつが　あったんだ……。{7f0a}{7f02}{7f04}{7f21}「でも　ウデ試しするには{7f02}ここの魔物じゃ　ちょっと{7f02}歯ごたえが　ないわね。{0000},0x0177
"",{7f04}{7f20}「つかぬことを　お聞きするが{7f02}{7f1f}どのは　この洞くつに{7f02}何の用が　あるのですかな？{0000},0x01A9
"",{7f04}{7f25}「わたしの占いでは{7f02}この洞くつに　我々にとって{7f02}必要なものはないと　出ました。{7f0a}{7f02}{7f04}{7f25}「信じていただけるなら{7f02}ここから　出ませんか？{7f0a}{7f02}{7f04}{7f25}「それとも　わたしの占いなど{7f02}信じられぬと……？{7f02}ひどいっ！　あんまりです！{0000},0x01C9
"",{7f04}{7f26}「あたし　基本的に{7f02}洞くつって　キライなのよ。{7f0a}{7f02}{7f04}{7f26}「なにか　目的があって{7f02}もぐるんなら　ガマンもできるけど{7f02}意味がないなら　帰りたいわ。{0000},0x021E
"",{7f04}{7f24}「この洞くつには{7f02}なんでも　高価な宝が{7f02}かくされていると聞いています。{7f0a}{7f02}{7f04}{7f24}「しかし　今は{7f02}宝探しなどしている場合では{7f02}ないですよね。{0000},0x0257
"",{7f04}{7f23}「この洞くつ。{7f02}一見　自然のものにも見えるが{7f02}じつは　人工の洞くつじゃな。{7f0a}{7f02}{7f04}{7f23}「なんの目的が　あって{7f02}こんなものを　作ったのかまでは{7f02}わかりかねるがのう……。{0000},0x028E
"",{7f04}{7f22}「以前　この洞くつでは{7f02}多くの者たちが　危険を冒して{7f02}宝さがしをしていたそうです。{7f0a}{7f02}{7f04}{7f22}「なかには　二度と{7f02}帰らぬ者も　少なくなかったとか。{7f0a}{7f02}{7f04}{7f22}「私たちも{7f02}その仲間に　入らないうちに{7f02}ここから　出るとしませんか？{0000},0x02CE
"",{7f04}{7f21}「こんな所に{7f02}洞くつが　あったんだ……。{7f0a}{7f02}{7f04}{7f21}「でも　ウデ試しするには{7f02}ここの魔物じゃ　ちょっと{7f02}歯ごたえが　ないわね。{0000},0x0324
"",{7f04}{7f20}「つかぬことを　お聞きするが{7f02}{7f1f}どのは　この洞くつに{7f02}何の用が　あるのですかな？{0000},0x0356
