"",ダミー{7f0b}{0000},0x0018
"",いかめしいカオをした　賢者の像だ。{7f0b}{0000},0x001D
"",{7f04}{7f25}「あの人のカオには{7f02}水難の相が　出ています。{7f0a}{7f02}{7f04}{7f25}「……って　そんなこと{7f02}一目りょう然でしたね。{0000},0x002E
"",{7f04}{7f26}「宝箱を　先に{7f02}取られたなんて　くやし～い！{0000},0x0057
"",{7f04}{7f24}「やれやれ。{7f02}あの人　いつまで　ここに{7f02}いるつもりでしょうね？{0000},0x006C
"",{7f04}{7f21}「イカダが　ないなら{7f02}泳いでいけばいいのに……。{7f02}根性のない人ね。{0000},0x0086
"",{7f04}{7f20}「ああ言われると{7f02}宝箱の中身が　なんだったのか{7f02}気になってしまいますな。{0000},0x00A2
"",{7f04}{7f25}「わたしの占いでは{7f02}この洞くつに　我々にとって{7f02}必要なものはないと　出ました。{7f0a}{7f02}{7f04}{7f25}「信じていただけるなら{7f02}ここから　出ませんか？{7f0a}{7f02}{7f04}{7f25}「それとも　わたしの占いなど{7f02}信じられぬと……？{7f02}ひどいっ！　あんまりです！{0000},0x00C1
"",{7f04}{7f26}「あたし　基本的に{7f02}洞くつって　キライなのよ。{7f0a}{7f02}{7f04}{7f26}「なにか　目的があって{7f02}もぐるんなら　ガマンもできるけど{7f02}意味がないなら　帰りたいわ。{0000},0x0116
"",{7f04}{7f24}「この洞くつにあった{7f02}銀の女神像は　もう取りましたよ。{7f0a}{7f02}{7f04}{7f24}「これ以上{7f02}ここにいるのは　無意味です。{7f02}早く　脱出しましょう。{0000},0x0150
"",{7f04}{7f23}「この洞くつ。{7f02}一見　自然のものにも見えるが{7f02}じつは　人工の洞くつじゃな。{7f0a}{7f02}{7f04}{7f23}「なんの目的が　あって{7f02}こんなものを　作ったのかまでは{7f02}わかりかねるがのう……。{0000},0x0185
"",{7f04}{7f22}「以前　この洞くつでは{7f02}多くの者たちが　危険を冒して{7f02}宝さがしをしていたそうです。{7f0a}{7f02}{7f04}{7f22}「なかには　二度と{7f02}帰らぬ者も　少なくなかったとか。{7f0a}{7f02}{7f04}{7f22}「私たちも{7f02}その仲間に　入らないうちに{7f02}ここから　出るとしませんか？{0000},0x01C4
"",{7f04}{7f21}「こんな所に{7f02}洞くつが　あったんだ……。{7f0a}{7f02}{7f04}{7f21}「でも　ウデ試しするには{7f02}ここの魔物じゃ　ちょっと{7f02}歯ごたえが　ないわね。{0000},0x021C
"",{7f04}{7f20}「つかぬことを　お聞きするが{7f02}{7f1f}どのは　この洞くつに{7f02}何の用が　あるのですかな？{0000},0x024F
"",{7f04}{7f25}「わたしの占いでは{7f02}この洞くつに　我々にとって{7f02}必要なものはないと　出ました。{7f0a}{7f02}{7f04}{7f25}「信じていただけるなら{7f02}ここから　出ませんか？{7f0a}{7f02}{7f04}{7f25}「それとも　わたしの占いなど{7f02}信じられぬと……？{7f02}ひどいっ！　あんまりです！{0000},0x0270
"",{7f04}{7f26}「あたし　基本的に{7f02}洞くつって　キライなのよ。{7f0a}{7f02}{7f04}{7f26}「なにか　目的があって{7f02}もぐるんなら　ガマンもできるけど{7f02}意味がないなら　帰りたいわ。{0000},0x02C5
"",{7f04}{7f24}「この洞くつには{7f02}なんでも　高価な宝が{7f02}かくされていると聞いています。{7f0a}{7f02}{7f04}{7f24}「しかし　今は{7f02}宝探しなどしている場合では{7f02}ないですよね。{0000},0x02FF
"",{7f04}{7f23}「この洞くつ。{7f02}一見　自然のものにも見えるが{7f02}じつは　人工の洞くつじゃな。{7f0a}{7f02}{7f04}{7f23}「なんの目的が　あって{7f02}こんなものを　作ったのかまでは{7f02}わかりかねるがのう……。{0000},0x0336
"",{7f04}{7f22}「以前　この洞くつでは{7f02}多くの者たちが　危険を冒して{7f02}宝さがしをしていたそうです。{7f0a}{7f02}{7f04}{7f22}「なかには　二度と{7f02}帰らぬ者も　少なくなかったとか。{7f0a}{7f02}{7f04}{7f22}「私たちも{7f02}その仲間に　入らないうちに{7f02}ここから　出るとしませんか？{0000},0x0376
"",{7f04}{7f21}「こんな所に{7f02}洞くつが　あったんだ……。{7f0a}{7f02}{7f04}{7f21}「でも　ウデ試しするには{7f02}ここの魔物じゃ　ちょっと{7f02}歯ごたえが　ないわね。{0000},0x03CE
"",{7f04}{7f20}「つかぬことを　お聞きするが{7f02}{7f1f}どのは　この洞くつに{7f02}何の用が　あるのですかな？{0000},0x0400
