"",おや　{7f24}さんじゃないか！？{7f02}あんた　生きておったのか。{7f02}良かったのう……うんうん。{7f0b}{0000},0x0018
"",もし　{7f24}という者に会ったら{7f02}このじじいが　心配していたと{7f02}伝えてくだされ　旅のおかた。{7f0b}{0000},0x0039
"",こんなトンネルを　掘るとは{7f02}{7f24}ってのは　えらいヤツだ。{7f0b}{0000},0x005E
"",コインは　あなたの名前で{7f02}カジノに預けておきましょう！{7f02}おめでとうございました！{7f0b}{0000},0x0075
"",おめでとうございます！{7f02}このトンネルが開通してから{7f02}あなたがちょうど　１０００人目です！{7f0a}{7f02}よって　あなたには　エンドール王から{7f02}ごうかな賞品が贈られます！{7f0a}{7f02}エンドールの　カジノのコイン{7f02}{7f15}ゴールドぶんです！{7f0a}{7f02}コインは　あなたの名前で{7f02}カジノに預けておきましょう！{7f02}おめでとうございました！{7f0b}{0000},0x0096
"",ここは　西のエンドールと{7f02}東のブランカをつなぐ　トンネルです。{7f0b}{0000},0x0110
"",いかめしいカオをした　賢者の像だ。{7f0b}{0000},0x012C
"",{7f04}{7f24}「あの　ご老人は　私と{7f02}トンネルを開通させるために{7f02}つくしてくださった方です。{7f0a}{7f02}{7f04}{7f24}「まさか　トンネル開通後も{7f02}ここで暮らしているとは{7f02}思いませんでしたよ。{0000},0x013C
"",{7f04}{7f23}「むむっ　カジノのコインか。{7f02}これはまた　やっかいなものが{7f02}あたりおったわい。{7f0a}{7f02}{7f04}{7f23}「姫さまだけは　カジノへ{7f02}お連れしては　いけませんぞ！{7f02}カジノは　不良化の第一歩ですからな。{0000},0x017D
"",{7f04}{7f20}「ほう　カジノのコインとな。{7f02}ならば　たまにはカジノで{7f02}遊んでみるのも　いいでしょう。{0000},0x01C8
"",{7f04}{7f24}「我々で　１０００人目ですか。{7f02}おしい　通行料をとっておけば……。{7f0a}{7f02}{7f04}{7f24}「おっと　今のは冗談です。{7f02}私も　そこまで　がめつくないですよ。{0000},0x01EB
"",{7f04}{7f26}「やったわ！{7f02}今日は　なんて　いい日なの。{7f02}さあ　今すぐカジノへ直行よ！{0000},0x0226
"",{7f04}{7f24}「いやだなあ　{7f25}さん{7f02}通行料をとろうなんて　言われるまで{7f02}私は思いつきませんでしたよ。{0000},0x0246
"",{7f04}{7f25}「トンネルの通行料を　とれば{7f02}相当なもうけに　なっていたはずだと{7f02}{7f24}さんは　後悔してるはずです。{0000},0x026B
"",{7f04}{7f20}「商人でありながら　ただで{7f02}人々のために　なることをするとは{7f02}{7f24}どのは　商人の鏡ですな。{0000},0x0294
"",{7f04}{7f24}「えらいヤツだなんて　そんなあ。{7f02}いやはや　面と向かって{7f02}ほめられると　てれくさいですな。{0000},0x02B9
"",{7f04}{7f2d}「ただの商人なら　トンネルを{7f02}掘る必要なんて　ないわけだし{7f02}{7f24}さんて　何者なんだ？{0000},0x02DF
"",{7f04}{7f25}「そんなわけないでしょ！{7f02}ここを掘るための　資金を用立てたのが{7f02}{7f24}さんなのよ。{0000},0x0302
"",{7f04}{7f26}「このトンネルって　{7f24}が{7f02}ひとりで掘ったって　ホントなの！？{0000},0x0324
"",{7f04}{7f26}「この洞くつを　もっと広げて{7f02}カジノにしたら　大もうけできるわよ！{7f02}どう？　なかなかの名案でしょう。{0000},0x033E
"",{7f04}{7f25}「{7f1f}さんに　出会う前{7f02}ここから　ブランカへ行こうと言っても{7f02}姉さんは　いやがってばかりでした。{7f0a}{7f02}{7f04}{7f25}「なぜかって？{7f02}エンドールに　カジノがあるから{7f02}はなれたがらないんです。{0000},0x0369
"",{7f04}{7f24}「みなさんと　出会う前は{7f02}このトンネルを　開通させるために{7f02}必死に　お金をためてましたよ。{0000},0x03B1
