"",ダミー{7f0b}{0000},0x0018
"",{7f04}{7f26}「はあ……。{7f02}また　この洞くつにいるなんて{7f02}あたしってば　かわいそう……。{0000},0x001C
"",{7f04}{7f25}「{7f2c}さんが{7f02}この奥にいたのには{7f02}きっと　理由があるんです。{7f0a}{7f02}{7f04}{7f25}「この洞くつには{7f02}まだ　なにかあります。{7f02}まちがいありません。{0000},0x0039
"",{7f04}{7f26}「下におりる階段が{7f02}見つからないのは　あのおっさんに{7f02}知恵と勇気が　足りないせいよ。{7f0a}{7f02}{7f04}{7f26}「……って　あたし前にも{7f02}同じこと言った気がするわね。{7f02}気のせいかしら？{0000},0x006A
"",{7f04}{7f21}「さーてっ！{7f02}どんな魔物が出てきても{7f02}この{7f21}が　相手するわよ！{0000},0x00AA
"",{7f04}{7f2f}「いつも　空の上なので{7f02}地面の下というのも{7f02}なかなか　刺激的でステキです。{0000},0x00C4
"",{7f04}{7f23}「魔物の気配がありますな。{7f02}なにはともあれ{7f02}油断は禁物ですぞ。{0000},0x00E3
