"",ダミー{7f0b}{0000},0x0018
"",{7f04}{7f26}「はあ……。{7f02}また　この洞くつにいるなんて{7f02}あたしってば　かわいそう……。{0000},0x001C
"",{7f04}{7f25}「{7f2c}さんが{7f02}この奥にいたのには{7f02}きっと　理由があるんです。{7f0a}{7f02}{7f04}{7f25}「この洞くつには{7f02}まだ　なにかあります。{7f02}まちがいありません。{0000},0x0039
"",{7f04}{7f21}「さーてっ！{7f02}どんな魔物が出てきても{7f02}この{7f21}が　相手するわよ！{0000},0x0068
"",{7f04}{7f2f}「いつも　空の上なので{7f02}地面の下というのも{7f02}なかなか　刺激的でステキです。{0000},0x0082
"",{7f04}{7f23}「魔物の気配がありますな。{7f02}なにはともあれ{7f02}油断は禁物ですぞ。{0000},0x00A0
