"",{7f04}{7f25}「あなたが　地獄に落ちるのをね。{7f0b}{0000},0x0018
"",{7f04}{7f26}「そうそう。{7f02}どんなに　待ちこがれたことか。{7f0a}{0000},0x0027
"",{7f04}{7f25}「私たち　あなたが　きっと{7f02}私たちを探しているだろうと思って{7f02}ずっと　待ってたんですよ。{7f0a}{0000},0x003A
"",{7f04}{7f26}「ああ　よかった！{7f02}助けに来てくれたのね。{7f0a}{0000},0x005D
"",がんじょうそうな鉄のトビラだ。{7f02}ひとりでは　とても開けられない。{7f0b}{0000},0x0070
"",{7f04}{7f25}「人間に化けて　おそってくる{7f02}たちの悪い魔物は　{7f1f}さんが{7f02}退治したから　もう安全でしょう。{0000},0x008C
"",{7f04}{7f2d}「あの　私をおそったのは{7f02}友ではなく　魔物が化けた{7f02}ニセ者だったのかもしれない。{7f0a}{7f02}{7f04}{7f2d}「すると友も　私のニセ者に{7f02}同じように　おそわれ……最悪{7f02}命を落としたとも　考えられる。{0000},0x00B2
"",{7f04}{7f26}「ここは　何度も何度も{7f02}{7f1f}のニセ者に　おそわれて{7f02}さんざんな目にあった　イヤな場所よ。{7f0a}{7f02}{7f04}{7f26}「さっさと　出ましょう。{0000},0x00F9
"",{7f04}{7f26}「宝石は　手に入ったんだから{7f02}こんなとこ　さっさと出ましょう。{7f0a}{7f02}{7f04}{7f26}「もたもたしてると{7f02}またニセ者が　あらわれそうな{7f02}気がして　落ちつかないのよ。{0000},0x0128
