"",{7f04}{7f25}「さあ　行きましょう！{7f0b}{0000},0x0018
"",{7f04}{7f26}「まー　うたがったらキリないし{7f02}とりあえず　信じてみよっか。{7f0a}{0000},0x0023
"",{7f04}{7f25}「うたがって　ごめんなさい。{7f02}私たち　あなたのニセ者に{7f02}いやってほど　襲われたから……。{7f0a}{0000},0x003D
"",{7f04}{7f26}「いちおう　正解だわね。{7f02}どうやら　本物みたい。{7f0a}{0000},0x0060
"",{7f04}{7f25}「そんなはずは　ないわ。{7f02}ねえ　{7f1f}　ウソでしょ。{7f02}あなた　{7f1f}よね！{7f0a}{0000},0x0076
"",{7f04}{7f26}「ほら　やっぱり！{7f02}こいつは　魔物が化けてるのよ！{7f0a}{0000},0x0091
"",{7f04}{7f26}「ほんとかなあ…んじゃ　問題。{7f02}エンドールのカジノで　スッてたのは{7f02}{7f25}である。どう？　あってる？{0000},0x00A8
"",{7f04}{7f25}「待って　姉さん！{7f02}この人は本物の　{7f1f}みたい。{7f02}私には　わかるわ……。{7f0a}{0000},0x00D2
"",{7f04}{7f26}「ああ　{7f1f}{7f02}よかった　助けに来てくれたのね！{7f02}て　言うと思ったでしょ……。{7f0a}{7f02}{7f04}{7f26}「でも　もうだまされないわよ！{7f02}{7f1f}に化けた　ニセ者め！{7f02}今度は　こっちからいくわよ！{7f0b}{0000},0x00EF
"",{7f04}{7f25}「{7f1f}さんの　ニセ者には{7f02}いやってほど　苦しめられました。{7f0a}{7f02}{7f04}{7f25}「ニセ者だと　わかっていても{7f02}戦うのに　抵抗がありました。{7f02}姉さんは　平気だったようですが……。{0000},0x0131
"",{7f04}{7f26}「やっぱり　いいや。{7f02}いち度　信じるって言ったのに{7f02}また同じこと聞いて　ごめんね。{0000},0x0170
"",{7f04}{7f26}「ねえ　{7f1f}。{7f02}くどいようだけど　あなた{7f02}本当に　本物の{7f1f}よね？{0000},0x0191
