"",たしか姫は　盗賊のカギを{7f02}持っていたはずだよなあ。{7f0a}{7f02}……そんなに　扉を{7f02}蹴り開けたかったんだろうか？{7f02}まあいい。行くぞ！{7f0b}{0000},0x0018
"",{7f04}{7f21}「さっ　扉は開いたわ。{7f02}行きましょう　みんな！{7f0b}{0000},0x004B
"",{7f04}{7f21}「てやーっ！！{7f0b}{0000},0x0061
"",{7f04}{7f21}「あら　この扉{7f02}カギがかかってるわね。{7f02}……よーし！{7f0b}{0000},0x0069
"",{7f04}{7f21}「ここが　パデキアの種が{7f02}あるっていう　洞くつね！{7f0b}{0000},0x0081
"",{7f04}{7f2f}「さ　さむくて　わたし{7f02}もう　ダメです……。{7f0a}{7f02}{7f04}{7f2f}「ああ　見える……見えます……{7f02}空のお城の　仲間たちが{7f02}わたしを　迎えにくるぅー。{0000},0x0099
"",{7f04}{7f2e}「ううっ　冷えるなあー。{7f02}カベも床も氷だもんなあー。{7f02}こんな寒いとこ　もうこーりごりだ！{0000},0x00D2
"",{7f04}{7f20}「戦士たるもの。{7f02}暑かろうと　寒かろうと{7f02}どこでも　全力を出せねば。{7f0a}{7f02}{7f04}{7f20}「し　しかし　この洞くつは{7f02}本当に冷える……。ブルブルッ。{0000},0x00F7
"",{7f04}{7f23}「姫さまは　お一人でも{7f02}パデキアを見つけられると{7f02}思っていたようですが　甘いっ！{7f0a}{7f02}{7f04}{7f23}「やはり　この{7f23}のような{7f02}頼れるじいやが　いてこそと{7f02}思い知ったでしょう。ほっほっほ。{0000},0x0132
"",{7f04}{7f22}「このような　寒くて暗くて{7f02}危険な洞くつに　姫さまを{7f02}出向かせてしまっただなんて……。{7f0a}{7f02}{7f04}{7f22}「ああ　自分が情けないっ。{7f02}穴があったら　入りたいくらいです。{0000},0x017C
"",{7f04}{7f21}「前に　この洞くつに来た時は{7f02}のびのび探険できて　楽しかったな。{7f02}うるさい　誰かさんは　いないし！{7f0a}{7f02}{7f04}{7f21}「うーん　いつか　一人旅も{7f02}してみたいわねー。{0000},0x01BD
"",{7f04}{7f24}「きらきら輝く　氷の{7f02}凍てつく　不思議な世界。{7f02}氷の洞くつツアー！{7f0a}{7f02}{7f04}{7f24}「……なんてのは　きっと{7f02}ご婦人にウケそうですね。{0000},0x01FB
"",{7f04}{7f25}「この　氷を使って{7f02}新しい占いを　考えたんですが{7f02}氷って　溶けるんですよね。{7f0a}{7f02}{7f04}{7f25}「やっぱり　高くつくけど{7f02}水晶のほうが便利だわ。{7f02}いい考えだと　思ったのに。{0000},0x0233
"",{7f04}{7f26}「さ　さ　さむいーっ！{7f02}ちょっとー　もう用はないでしょ？{7f02}早く　外に出ましょうよっ。{0000},0x0276
"",{7f04}{7f23}「氷を利用した　自然の迷路。{7f02}なかなか　考えましたな。{7f02}これなら……へくしょいっ！{7f0a}{7f02}{7f04}{7f23}「こ　こう冷えこむと{7f02}コシが痛くなってきますな。{7f02}へ　へ　へっくしょいっ！{0000},0x0299
"",{7f04}{7f25}「この　一面の氷の壁。{7f02}水晶玉のかわりに　使えそうね。{0000},0x02DD
"",{7f04}{7f26}「地面が　凍ってると{7f02}すべりやすくて　イヤよね。{7f02}そ　それにしても　さっむーい！{0000},0x02F6
"",{7f04}{7f26}「やだやだ！　こんな寒いとこ{7f02}冷え性に　なっちゃうわよっ。{7f0a}{7f02}{7f04}{7f26}「早く　宿屋に帰って{7f02}あったかーい　おフロに入りたいっ！{7f02}ううっ　ブルブルブルッ。{0000},0x0319
"",{7f04}{7f23}「どうして　姫さまは{7f02}なんでも　力づくで解決しようと{7f02}なさるのか！　あーはずかしいっ。{0000},0x0358
"",{7f04}{7f26}「あの娘……　たしか{7f02}姫って呼ばれてたわよね？{7f02}あれで　ホントに　お姫さま！？{0000},0x037C
"",{7f04}{7f2d}「洞くつ探険ですか？{7f02}うーん　それより　私は{7f02}ミントスの町へ　行きたいなあ。{0000},0x039F
"",{7f04}{7f25}「氷でできた　洞くつなんて{7f02}初めて見ました……。{7f02}きれいですね。{0000},0x03C2
"",{7f04}{7f26}「さっ　さっむ～い！！{7f02}ちょっとー　何よここっ。{7f02}さっさと　出ましょっ！{0000},0x03DD
