"",先頭にいる　{7f21}姫も{7f02}わたしたちの仲間になりました。{7f0a}{7f02}彼女を助けて……　いや{7f02}彼女に　助けられて{7f02}この洞くつまでやってきたのです。{7f0b}{0000},0x0018
"",地獄の帝王から{7f02}この世界を　救うために{7f02}われらは　旅をしています。{7f0b}{0000},0x004E
"",やあ　また会ったね。{7f02}覚えてないかい？{7f02}ブランカのお城で会ったじゃないか。{7f0a}{7f02}あのときは　仲間がいっぱいで{7f02}仲間にしてあげられなくて{7f02}すまなかったね。{7f0b}{0000},0x006D
"",{7f04}{7f21}「あれー！{7f02}{7f23}じゃないのっ！？{7f0a}{7f02}{7f04}{7f21}「{7f22}は平気なの？{7f02}いったい　どうしたのよ{7f02}こんな所まで来るなんて？{7f0a}{7f02}{7f04}{7f21}「心配は　いらないわ。{7f0a}{7f02}{7f04}{7f21}「パデキアの種は{7f02}わたしたちが見つける。{7f02}{7f22}は　わたしが助けるわ！{7f0b}{0000},0x00AB
"",{7f04}{7f21}「あれー！{7f02}{7f23}じゃないっ！？{7f0a}{7f02}{7f04}{7f21}「いったい　どうしたのよ。{7f02}こんな所まで来るなんて？{7f0a}{7f02}{7f04}{7f21}「え？　その人の仲間になって{7f02}あなたも　パデキアの種を？{7f0a}{7f02}{7f04}{7f21}「ふーん。{7f02}なんだか　弱そうな人たちね。{7f02}まっ　心配は　いらないわ。{7f0a}{7f02}{7f04}{7f21}「パデキアの種は{7f02}わたしたちが見つける。{7f02}{7f22}は　わたしが助けるわ！{7f0b}{0000},0x00FF
"",{7f04}{7f21}「もしかして{7f02}あなたも　パデキアを？{7f02}でも　ごめんなさいね。{7f0a}{7f02}{7f04}{7f21}「パデキアの種は{7f02}わたしたちが　いただくわ！{7f0b}{0000},0x0177
"",{7f04}{7f2f}「さ　さむくて　わたし{7f02}もう　ダメです……。{7f0a}{7f02}{7f04}{7f2f}「ああ　見える……見えます……{7f02}空のお城の　仲間たちが{7f02}わたしを　迎えにくるぅー。{0000},0x01A6
"",{7f04}{7f2e}「ううっ　冷えるなあー。{7f02}カベも床も氷だもんなあー。{7f02}こんな寒いとこ　もうこーりごりだ！{0000},0x01DF
"",{7f04}{7f20}「戦士たるもの。{7f02}暑かろうと　寒かろうと{7f02}どこでも　全力を出せねば。{7f0a}{7f02}{7f04}{7f20}「し　しかし　この洞くつは{7f02}本当に冷える……。ブルブルッ。{0000},0x0206
"",{7f04}{7f23}「姫さまは　お一人でも{7f02}パデキアを見つけられると{7f02}思っていたようですが　甘いっ！{7f0a}{7f02}{7f04}{7f23}「やはり　この{7f23}のような{7f02}頼れるじいやが　いてこそと{7f02}思い知ったでしょう。ほっほっほ。{0000},0x0243
"",{7f04}{7f22}「このような　寒くて暗くて{7f02}危険な洞くつに　姫さまを{7f02}出向かせてしまっただなんて……。{7f0a}{7f02}{7f04}{7f22}「ああ　自分が情けないっ。{7f02}穴があったら　入りたいくらいです。{0000},0x028C
"",{7f04}{7f21}「前に　この洞くつに来たは{7f02}のびのび探険できて　楽しかったな。{7f02}うるさい　誰かさんは　いないし！{7f0a}{7f02}{7f04}{7f21}「うーん　いつか　一人旅も{7f02}してみたいわねー。{0000},0x02CE
"",{7f04}{7f24}「きらきら輝く　氷の{7f02}凍てつく　不思議な世界。{7f02}氷の洞くつツアー！{7f0a}{7f02}{7f04}{7f24}「……なんてのは　きっと{7f02}ご婦人にウケそうですね。{0000},0x030D
"",{7f04}{7f25}「この　氷を使って{7f02}新しい占いを　考えたんですが{7f02}氷って　溶けるんですよね。{7f0a}{7f02}{7f04}{7f25}「やっぱり　高くつくけど{7f02}水晶のほうが便利だわ。{7f02}いい考えだと　思ったのに。{0000},0x0346
"",{7f04}{7f26}「さ　さ　さむいーっ！{7f02}ちょっとー　もう用はないでしょ？{7f02}早く　外に出ましょうよっ。{0000},0x038A
"",{7f04}{7f23}「お供の顔ぶれが変わっても{7f02}姫さまは　あいかわらずか。{7f02}やれやれ。{0000},0x03AE
"",{7f04}{7f26}「へーっ　あの　お姫さま{7f02}かなり　強いみたいね。{7f02}あれで　男だったらなあ～。{0000},0x03CB
"",{7f04}{7f25}「あの方たちも　もしや{7f02}わたしたちと同じ　導きを受けて？{7f0a}{7f02}{7f04}{7f25}「でも　それにしては{7f02}ずいぶん弱そうだわ。{7f02}やっぱり　気のせいかしら。{0000},0x03EB
"",{7f04}{7f23}「キザったらしいアホ男めっ。{7f02}姫さまに　何かしたら{7f02}ただでは　おかぬからな！{0000},0x0425
"",{7f04}{7f26}「あいにくだけど　地味顔は{7f02}記憶に　残らないのよね　あたし。{7f02}あの人　どこかで会ったっけ？{0000},0x0446
"",{7f04}{7f23}「姫さまが　ご無事なのはよいが{7f02}あの　男どもは　何なのだ！？{7f0a}{7f02}{7f04}{7f23}「こうなれば　いっこくも早く{7f02}パデキアを見つけて　やつらを{7f02}追い払わねば！！{0000},0x046D
"",{7f04}{7f25}「なんていうか……。{7f02}{7f23}さんには　わたしと{7f02}同じ　においを感じます。{7f0a}{7f02}{7f04}{7f25}「お気楽な人間に{7f02}ふりまわされる人生を送ってきた{7f02}そんな　仲間のにおいが。{0000},0x04AA
"",{7f04}{7f25}「あの人　たしか{7f02}扉をけり開けた　お姫さまでは？{7f0a}{7f02}{7f04}{7f25}「……あのくらいじゃ{7f02}足　なんともないんですね。{7f02}す　すごいわ。{0000},0x04EA
"",{7f04}{7f26}「おーし！　挑戦なら{7f02}受けて　たとうじゃないの！{7f02}燃えてきたわよ～っ。{0000},0x051B
"",{7f04}{7f23}「氷を利用した　自然の迷路。{7f02}なかなか　考えましたな。{7f02}これなら……へくしょいっ！{7f0a}{7f02}{7f04}{7f23}「こ　こう冷えこむと{7f02}コシが痛くなってきますな。{7f02}へ　へ　へっくしょいっ！{0000},0x053A
"",{7f04}{7f25}「この　一面の氷の壁。{7f02}水晶玉のかわりに　使えそうね。{0000},0x057F
"",{7f04}{7f26}「地面が　凍ってると{7f02}すべりやすくて　イヤよね。{7f02}そ　それにしても　さっむーい！{0000},0x0599
"",{7f04}{7f26}「やだやだ！　こんな寒いとこ{7f02}冷え性に　なっちゃうわよっ。{7f0a}{7f02}{7f04}{7f26}「早く　宿屋に帰って{7f02}あったかーい　おフロに入りたいっ！{7f02}ううっ　ブルブルブルッ。{0000},0x05BD
