"",ダミー{7f0b}{0000},0x0018
"",{7f04}{7f2f}「さ　さむくて　わたし{7f02}もう　ダメです……。{7f0a}{7f02}{7f04}{7f2f}「ああ　見える……見えます……{7f02}空のお城の　仲間たちが{7f02}わたしを　迎えにくるぅー。{0000},0x001D
"",{7f04}{7f2e}「ううっ　冷えるなあー。{7f02}カベも床も氷だもんなあー。{7f02}こんな寒いとこ　もうこーりごりだ！{0000},0x0054
"",{7f04}{7f20}「戦士たるもの。{7f02}暑かろうと　寒かろうと{7f02}どこでも　全力を出せねば。{7f0a}{7f02}{7f04}{7f20}「し　しかし　この洞くつは{7f02}本当に冷える……。ブルブルッ。{0000},0x0079
"",{7f04}{7f23}「姫さまは　お一人でも{7f02}パデキアを見つけられると{7f02}思っていたようですが　甘いっ！{7f0a}{7f02}{7f04}{7f23}「やはり　この{7f23}のような{7f02}頼れるじいやが　いてこそと{7f02}思い知ったでしょう。ほっほっほ。{0000},0x00B3
"",{7f04}{7f22}「このような　寒くて暗くて{7f02}危険な洞くつに　姫さまを{7f02}出向かせてしまっただなんて……。{7f0a}{7f02}{7f04}{7f22}「ああ　自分が情けないっ。{7f02}穴があったら　入りたいくらいです。{0000},0x00FC
"",{7f04}{7f21}「前に　この洞くつに来た時は{7f02}のびのび探険できて　楽しかったな。{7f02}うるさい　誰かさんは　いないし！{7f0a}{7f02}{7f04}{7f21}「うーん　いつか　一人旅も{7f02}してみたいわねー。{0000},0x013C
"",{7f04}{7f24}「きらきら輝く　氷の{7f02}凍てつく　不思議な世界。{7f02}氷の洞くつツアー！{7f0a}{7f02}{7f04}{7f24}「……なんてのは　きっと{7f02}ご婦人にウケそうですね。{0000},0x017A
"",{7f04}{7f25}「この　氷を使って{7f02}新しい占いを　考えたんですが{7f02}氷って　溶けるんですよね。{7f0a}{7f02}{7f04}{7f25}「やっぱり　高くつくけど{7f02}水晶のほうが便利だわ。{7f02}いい考えだと　思ったのに。{0000},0x01B1
"",{7f04}{7f26}「さ　さ　さむいーっ！{7f02}ちょっとー　もう用はないでしょ？{7f02}早く　外に出ましょうよっ。{0000},0x01F4
"",{7f04}{7f23}「氷を利用した　自然の迷路。{7f02}なかなか　考えましたな。{7f02}これなら……へくしょいっ！{7f0a}{7f02}{7f04}{7f23}「こ　こう冷えこむと{7f02}コシが痛くなってきますな。{7f02}へ　へ　へっくしょいっ！{0000},0x0217
"",{7f04}{7f26}「寒いなら　服を脱いで{7f02}あたためあいましょっ。{7f0a}{7f02}{7f04}{7f26}「……なーんて{7f02}もうちょっと　いい男になら{7f02}言っちゃうんだけどねー。{0000},0x0258
