"",ダミー{7f0b}{0000},0x0018
"",{7f04}{7f25}「ここは　わたしたちに{7f02}ぬれぎぬを着せた　盗賊が{7f02}かくれていた　洞くつでしたね。{7f0a}{7f02}{7f04}{7f25}「こんな所があるから{7f02}悪党の巣になるのです。{7f02}埋めてしまえば　よいのに……。{0000},0x001D
"",{7f04}{7f26}「ここに来ると　ドロボウの{7f02}ぬれぎぬを着せられたのを{7f02}思い出すわ。{7f0a}{7f02}{7f04}{7f26}「ハラが立つだけだから{7f02}さっさと　出ましょ。{0000},0x005F
"",{7f04}{7f24}「なんとも　道がせまくて{7f02}フクザツな洞くつですな。{7f02}目が　回ってきそうですぞ。{0000},0x0094
"",{7f04}{7f22}「相変わらず　この洞くつ{7f02}フクザツな道ですね。{7f0a}{7f02}{7f04}{7f22}「一度入った　洞くつで{7f02}迷ったりするのも　なんですから{7f02}気をつけてください。{0000},0x00B7
"",{7f04}{7f21}「盗賊のかくれ家になる前は{7f02}ここって　何だったのかしら？{7f02}変わった形の　洞くつよね。{0000},0x00EF
"",{7f04}{7f20}「この洞くつへは　以前{7f02}盗賊をつかまえるために{7f02}もぐったのでしたな。{7f0a}{7f02}{7f04}{7f20}「今にして思えば　あれも{7f02}ゆかいな思い出……と言うには{7f02}しんどい事件でしたか。{0000},0x0112
"",{7f04}{7f23}「{7f1f}どのは　いったい{7f02}いかなる目的が　あって{7f02}この洞くつに　入ったのですかな？{0000},0x0153
"",{7f04}{7f25}「それにしても　わたしたちが{7f02}あの盗賊を倒すと同に{7f02}女戦士が　現われるなんて……。{7f0a}{7f02}{7f04}{7f25}「つけられていたとは言え{7f02}タイミングが　良すぎて{7f02}釈然としないものを感じます。{0000},0x0172
"",{7f04}{7f26}「あの盗賊のおかげで{7f02}まったく　いらない苦労を{7f02}させられたわね。{7f0a}{7f02}{7f04}{7f26}「さ～て　用はすんだんだから{7f02}早く　こんなトコ出て{7f02}お城に帰りましょ！{0000},0x01BC
"",{7f04}{7f24}「あの女戦士が{7f02}来てくれたおかげで　犯人を{7f02}つれていく手間が　はぶけましたな。{7f0a}{7f02}{7f04}{7f24}「さあ　これで{7f02}ぬれぎぬも晴れました。{7f02}早いところ　お城に帰りましょう。{0000},0x01F9
"",{7f04}{7f23}「やれやれ。{7f02}何となく　女王の手のひらの上で{7f02}踊らされていた感じですな。{0000},0x023E
"",{7f04}{7f22}「これで　私たちのうたがいも{7f02}晴れたわけですね。{7f02}神のご加護に　感謝を。{0000},0x025E
"",{7f04}{7f21}「あの盗賊　なかなか{7f02}強かったわね。盗賊やらせとくのは{7f02}惜しいくらいだわ。{0000},0x027E
"",{7f04}{7f25}「わたしの占いでは{7f02}十字架を盗んだ　盗賊は{7f02}この洞くつに　かくれています。{7f0a}{7f02}{7f04}{7f25}「確実に　つかまえるためにも{7f02}ここは　慎重に　行きましょう。{0000},0x029D
"",{7f04}{7f26}「洞くつに　かくれたり{7f02}地下牢に　つかまったり　盗賊って{7f02}よっぽど　地下が好きなのね。{7f0a}{7f02}{7f04}{7f26}「理解できない　感性だわ。{7f02}あたしは　カジノ以外の{7f02}地下室なんて　大キライよ。{0000},0x02D8
"",{7f04}{7f23}「気に入りませんな。{7f02}なぜ　われらが　こんな洞くつに{7f02}もぐらねばならんのか？{7f0a}{7f02}{7f04}{7f23}「本来ならば　盗賊を{7f02}とらえるなど　ガーデンブルグ兵の{7f02}仕事でしょうに……。{7f0a}{7f02}{7f04}{7f23}「結局　われわれは{7f02}あの女王に　利用されてるのでは{7f02}ありませんかな？{0000},0x0325
"",{7f04}{7f22}「ふくざつな道ですね。{7f02}迷わないように{7f02}気をつけなくては……。{0000},0x0389
"",{7f04}{7f21}「ここの魔物って{7f02}けっこう　強いみたいね。{7f0a}{7f02}{7f04}{7f21}「こんな所に　かくれてるなら{7f02}あの盗賊　かなり強いのかしら？{7f02}ついつい　期待しちゃうわ。{0000},0x03A5
"",{7f04}{7f20}「たしかに　ここは{7f02}盗賊のかくれ家には{7f02}おあつらえ向きの洞くつですな。{0000},0x03DC
"",{7f04}{7f25}「ここへは　後でまた{7f02}来るべきことになる……。{7f02}そんな予感が　します。{0000},0x03F9
"",{7f04}{7f26}「ああ　もう　何よ！{7f02}また　洞くつなんかに{7f02}もぐんなきゃなんないの？{7f0a}{7f02}{7f04}{7f26}「世界中を旅するのは{7f02}楽しいけど　これだけは{7f02}気がめいるのよね。{0000},0x0418
"",{7f04}{7f24}「なんとも　道がせまくて{7f02}ふくざつな洞くつですな。{7f02}目が　回ってきそうですぞ。{0000},0x0452
"",{7f04}{7f22}「なにやら　秘密めいた{7f02}場所ですね。この洞くつの奥には{7f02}何が　あるのでしょうか？{0000},0x0474
"",{7f04}{7f21}「ここって　何なの？{7f02}上ったり　下りたり……とりあえず{7f02}足腰は　丈夫になりそうね。{0000},0x0497
"",{7f04}{7f23}「{7f1f}どのは　いったい{7f02}いかなる目的が　あって{7f02}この洞くつに　入ったのですかな？{0000},0x04BB
"",{7f04}{7f20}「ここには　強い魔物の気配を{7f02}感じます。{7f02}{7f1f}どの　気をつけなされ！{0000},0x04DA
