"",{7f4c}どの　お見事！{7f0a}{7f02}女王さまの命令で{7f02}あなたたちを　つけてきたのです。{7f0a}{7f02}女王さまは　おっしゃいました。{7f02}もし　困っているようなら{7f02}チカラになってあげなさいと……。{7f0a}{7f02}ともかく！{7f02}この者は　わたしがひと足先に{7f02}お城に連れて帰ります。{7f0a}{7f02}{7f4c}どのも{7f02}早く　お城におもどりください。{7f02}では！{7f0b}{0000},0x0018
"",わー！{7f02}わたしが　悪うございました！{7f02}どうか　お許しください！{7f0b}{0000},0x008E
"",くそーっ！！{7f02}かくなる上は　腕ずくだぁ！{7f0b}{0000},0x00A9
"",わたしを　とらえにきましたか！{7f02}でも　残念ながら{7f02}つかまるわけには　いきませんね！{7f0b}{0000},0x00BD
"",やや！　あなたたちは！{7f0a}{0000},0x00DF
"",よく眠っているようだ。{7f02}胸に　ブロンズの十字架をかけている。{7f0b}{0000},0x00E9
"",「バコタの日記」と　書かれた本がある。{7f02}{7f4b}は　手にとって読んだ。{7f0a}{7f02}竜の月の三日{7f02}いよいよ　ガーデンブルグ城での{7f02}仕事に　とりかかろうと思う。{7f0a}{7f02}ねらいは　もちろん{7f02}あの城に　かくされているという{7f02}伝説の　天空の盾だ。{7f0a}{7f02}この仕事に　成功すれば{7f02}私も　カンダタ　ラゴスといった{7f02}伝説の大盗賊に　肩を並べるだろう。{7f0a}{7f02}竜の月の五日{7f02}ガーデンブルグ城に　潜入したものの{7f02}ついに　天空の盾は　見つからなかった。{7f0a}{7f02}結局　盗めたのは　{7f02}ブロンズでできた十字架だけ。{7f02}まったく　なんてことだ！{7f0a}{7f02}あの鉄格子が　怪しいのだが……。{7f02}ああ　いまいましい！{7f02}今日は　もう　寝ることにする。{7f0b}{0000},0x0106
"",「バコタの日記」と　書かれた本がある。{7f02}{7f4b}は　手にとって読んだ。{7f0a}{7f02}竜の月の三日{7f02}いよいよ　ガーデンブルグ城での{7f02}仕事に　とりかかろうと思う。{7f0a}{7f02}ねらいは　もちろん{7f02}あの城に　かくされているという{7f02}伝説の　天空の盾だ。{7f0a}{7f02}この仕事に　成功すれば{7f02}私も　カンダタ　ラゴスといった{7f02}伝説の大盗賊に　肩を並べるだろう。{7f0b}{0000},0x01F9
"",{7f04}{7f25}「ここは　わたしたちに{7f02}ぬれぎぬを着せた　盗賊が{7f02}かくれていた　洞くつでしたね。{7f0a}{7f02}{7f04}{7f25}「こんな所があるから{7f02}悪党の巣になるのです。{7f02}埋めてしまえば　よいのに……。{0000},0x0280
"",{7f04}{7f26}「ここに来ると　ドロボウの{7f02}ぬれぎぬを着せられたのを{7f02}思い出すわ。{7f0a}{7f02}{7f04}{7f26}「ハラが立つだけだから{7f02}さっさと　出ましょ。{0000},0x02C4
"",{7f04}{7f24}「なんとも　道がせまくて{7f02}フクザツな洞くつですな。{7f02}目が　回ってきそうですぞ。{0000},0x02F9
"",{7f04}{7f22}「相変わらず　この洞くつ{7f02}フクザツな道ですね。{7f0a}{7f02}{7f04}{7f22}「一度入った　洞くつで{7f02}迷ったりするのも　なんですから{7f02}気をつけてください。{0000},0x031D
"",{7f04}{7f21}「盗賊のかくれ家になる前は{7f02}ここって　何だったのかしら？{7f02}変わった形の　洞くつよね。{0000},0x0357
"",{7f04}{7f20}「この洞くつへは　以前{7f02}盗賊をつかまえるために{7f02}もぐったのでしたな。{7f0a}{7f02}{7f04}{7f20}「今にして思えば　あれも{7f02}ゆかいな思い出……と言うには{7f02}しんどい事件でしたか。{0000},0x037B
"",{7f04}{7f23}「{7f1f}どのは　いったい{7f02}いかなる目的が　あって{7f02}この洞くつに　入ったのですかな？{0000},0x03BD
"",{7f04}{7f25}「それにしても　わたしたちが{7f02}あの盗賊を倒すと同時に{7f02}女戦士が　現われるなんて……。{7f0a}{7f02}{7f04}{7f25}「つけられていたとは言え{7f02}タイミングが　良すぎて{7f02}釈然としないものを感じます。{0000},0x03DE
"",{7f04}{7f26}「あの盗賊のおかげで{7f02}まったく　いらない苦労を{7f02}させられたわね。{7f0a}{7f02}{7f04}{7f26}「さ～て　用はすんだんだから{7f02}早く　こんなトコ出て{7f02}お城に帰りましょ！{0000},0x0429
"",{7f04}{7f24}「あの女戦士が{7f02}来てくれたおかげで　犯人を{7f02}つれていく手間が　はぶけましたな。{7f0a}{7f02}{7f04}{7f24}「さあ　これで{7f02}ぬれぎぬも晴れました。{7f02}早いところ　お城に帰りましょう。{0000},0x0466
"",{7f04}{7f23}「やれやれ。{7f02}何となく　女王の手のひらの上で{7f02}踊らされていた感じですな。{0000},0x04AA
"",{7f04}{7f22}「これで　私たちのうたがいも{7f02}晴れたわけですね。{7f02}神のご加護に　感謝を。{0000},0x04CA
"",{7f04}{7f21}「あの盗賊　なかなか{7f02}強かったわね。盗賊やらせとくのは{7f02}惜しいくらいだわ。{0000},0x04EB
"",{7f04}{7f25}「たしかに　こんな風に{7f02}追ってこられたら　誰だって{7f02}逃げ出そうとしますよね。{7f0a}{7f02}{7f04}{7f25}「……それにしても{7f02}困ったことになりました。{0000},0x050B
"",{7f04}{7f26}「もう　何やってんのよ！？{7f02}ここまで来て　逃がしちゃうなんて{7f02}サイテーだわ！{0000},0x0540
"",{7f04}{7f24}「ええと……{7f02}逃げちゃいましたね　あの盗賊。{7f02}とらえるんじゃなかったんですか？{0000},0x0563
"",{7f04}{7f23}「ああ　もう　何を{7f02}やっているんだか……。{7f0a}{7f02}{7f04}{7f23}「せっかく　探し出した{7f02}真犯人を　みすみす逃がすとは{7f02}マヌケにも　程がありますぞ！{0000},0x0585
"",{7f04}{7f21}「いきなり　逃げ出すなんて{7f02}卑怯なヤツね。{7f02}正々堂々と　戦いなさいよ！{0000},0x05BF
"",{7f04}{7f20}「グ～ム。てっきり{7f02}戦いをしかけてくると　思ったのに{7f02}よもや　逃げ出すとは……不覚。{0000},0x05E1
"",{7f04}{7f22}「{7f1f}さん。{7f02}あの盗賊を　逃がしたのは{7f02}何かの作戦……なワケないですね。{0000},0x0606
"",{7f04}{7f25}「何しろ　相手は盗賊ですから{7f02}こっちが　追いつめたと思っても{7f02}逃げ出すかもしれません。{7f0a}{7f02}{7f04}{7f25}「そんなことにならぬよう{7f02}気をつけてくださいね。{0000},0x0626
"",{7f04}{7f26}「ちょっとは　住みやすく{7f02}してるみたいだけど{7f02}しょせん　地面の下よね。{7f0a}{7f02}{7f04}{7f26}「やっぱり　あたしには{7f02}地下に　かくれ住むなんて神経{7f02}理解できないわ。{0000},0x0662
"",{7f04}{7f24}「いよいよですね。{7f02}ぬれぎぬを着せられた　借りは{7f02}しっかり　返さなくては……。{7f0a}{7f02}{7f04}{7f24}「私は　これでも{7f02}貸し借りには　うるさいんですよ。{0000},0x06A4
"",{7f04}{7f23}「やれやれ。{7f02}どうやら　ムダ骨にはならずに{7f02}すんだようですな。{7f0a}{7f02}{7f04}{7f23}「苦労して　洞くつにもぐって{7f02}ここが　ハズレだったら{7f02}目も当てられませんからな。{0000},0x06DD
"",{7f04}{7f22}「洞くつの奥に　こんな{7f02}ちゃんとした部屋があるとは……。{7f02}あの盗賊が　作ったのでしょうか？{0000},0x071D
"",{7f04}{7f21}「真犯人が　抵抗してきたら{7f02}戦いになるわね。{7f02}……抵抗してこないかな。{0000},0x0745
"",{7f04}{7f20}「どうやら　ここが{7f02}この洞くつの一番奥{7f02}盗賊のかくれ家のようですな。{7f0a}{7f02}{7f04}{7f20}「さあ　ここからは{7f02}気をひきしめてかからねば{7f02}なりませんぞ！{0000},0x0765
