"",ダミー{7f0b}{0000},0x0018
"",{7f04}{7f2e}「イカダの乗り心地は　いかだ？{7f02}なんちゃって。{0000},0x001C
"",{7f04}{7f24}「私の重みで　イカダが{7f02}沈んだら　どうしようかと　つい{7f02}いらん心配をしてしまいました。{0000},0x002F
"",{7f04}{7f23}「うえっぷ！{7f02}イカダに乗ってるあいだに{7f02}酔ってしまいましたぞ。{0000},0x0051
"",{7f04}{7f25}「注意してください。{7f02}……魔物の気配がします。{0000},0x0069
"",{7f04}{7f21}「いつ　どこから　魔物が{7f02}あらわれたって　へっちゃらよ！{7f02}たとえ　イカダに乗ってる間でもね。{0000},0x007D
"",{7f04}{7f20}「イカダに乗ってる間に{7f02}おそわれたら　足場が不利なままで{7f02}戦わねばなりませんな。{0000},0x00A1
