"",{7f4b}は　{7f17}を{7f02}水面に　ほうりなげた。{7f0b}{0000},0x0018
"",{7f04}{7f24}「かわきの石を　使わねば{7f02}先へ進めないということは　この先に{7f02}海賊の宝が　かくされてるのでは？{0000},0x0027
"",{7f04}{7f25}「あの階段をくだった先に{7f02}とんでもなく　高価なものが{7f02}かくされてる予感がします。{0000},0x004E
"",{7f04}{7f23}「なんとも　ふしぎな石ですな。{7f02}かわきの石を　沈めたあたりは{7f02}水が　ひいたまんまになってますぞ。{0000},0x006F
"",{7f04}{7f20}「水底に階段があったとは！{7f02}さっそく　おりてみましょう。{0000},0x0096
"",{7f04}{7f22}「魔物が　おそってきたら{7f02}まっさきに　水に飛び込めば{7f02}ねらわれずに　すむだろうか……。{7f0a}{7f02}{7f04}{7f22}「いけない　いけない{7f02}私は神官なんだ。ひきょうな事を{7f02}考えては　いけないんだ。{0000},0x00AF
"",{7f04}{7f21}「洞くつって　めずらしい{7f02}魔物と戦えるから　わたしは好きよ。{0000},0x00F5
"",{7f04}{7f26}「洞くつって　じめじめして{7f02}湿ってるから　イヤなのよね。{7f02}できるなら　馬車で待ってたいわ。{0000},0x010E
"",{7f04}{7f24}「どんな　宝が眠ってるのか…{7f02}それを考えると　洞くつに入るのも{7f02}楽しくなってきます。{0000},0x0132
"",{7f04}{7f20}「ここは　海で　よく見られる{7f02}魔物が　多く出現しそうですな。{0000},0x0155
