"",ダミー{7f0b}{0000},0x0018
"",{7f04}{7f22}「魔物が　おそってきたら{7f02}まっさきに　水に飛びめば{7f02}ねらわれずに　すむだろうか……。{7f0a}{7f02}{7f04}{7f22}「いけない　いけない{7f02}私は神官なんだ。ひきょうな事を{7f02}考えては　いけないんだ。{0000},0x001C
"",{7f04}{7f21}「洞くつって　めずらしい{7f02}魔物と戦えるから　わたしは好きよ。{0000},0x005F
"",{7f04}{7f26}「洞くつって　じめじめして{7f02}湿ってるから　イヤなのよね。{7f02}できるなら　馬車で待ってたいわ。{0000},0x0078
"",{7f04}{7f24}「どんな　宝が眠ってるのか…{7f02}それを考えると　洞くつに入るのも{7f02}楽しくなってきます。{0000},0x009B
"",{7f04}{7f20}「ここは　海で　よく見られる{7f02}魔物が　多く出現しそうですな。{0000},0x00BD
