"",ダミー{7f0b}{0000},0x0018
"",{7f04}{7f2e}「こんな洞くつに{7f02}連れてこられるなんて　私は{7f02}ひと言も聞いてませんよー。{0000},0x001C
"",{7f04}{7f23}「うおっ！　危ない危ない。{7f02}あやうく　転ぶところでしたぞ！{0000},0x003A
"",{7f04}{7f26}「油断していると　とつぜん{7f02}魔物が　水の中から　あらわれそうで{7f02}ちっとも　気が休まらないわ。{0000},0x0052
"",{7f04}{7f22}「これで　魔物さえ出なけりゃ{7f02}きれいで　いい所なのですが。{0000},0x0076
"",{7f04}{7f24}「やれやれ。{7f02}湿気が多いせいか　服が{7f02}しめっぽくなってきましたよ。{0000},0x008E
"",{7f04}{7f20}「この洞くつから　出たあとは{7f02}剣やヨロイの　手入れをしないと{7f02}サビ付きそうで心配ですな。{0000},0x00A9
