"",ダミー{7f0b}{0000},0x0018
"",{7f04}{7f2e}「えっ！？{7f02}あなた　一体　何を考えてるんですか。{0000},0x001C
"",{7f04}{7f2e}「なら　早くスタンシアラに{7f02}向かいましょうよ。{0000},0x0032
"",{7f04}{7f2e}「ねえ　{7f1f}さん。{7f02}私の役目は　スタンシアラ王を{7f02}笑わせることですよね？{0000},0x0046
"",{7f04}{7f23}「上り下りの多いとこは{7f02}年寄りには　少々きついですぞ。{7f0a}{7f02}{7f04}{7f23}「しかし　わしを気づかって{7f02}休みなど入れなくて　けっこう！{7f02}ささ　先を急ぎましょうぞ。{0000},0x0066
"",{7f04}{7f22}「こんな　足場の悪いとこで{7f02}敵におそわれたら　戦いの最中に{7f02}うっかり　転んでしまいそうです。{0000},0x00A2
"",{7f04}{7f26}「流れる滝が　きれいね。{7f02}て　観光にきたわけじゃないか。{0000},0x00C7
"",{7f04}{7f21}「こういう　変わった地形で{7f02}戦うのも　なかなか楽しいわ！{7f0a}{7f02}{7f04}{7f21}「さあ　はやく魔物が{7f02}あらわれてくれないかしら。{0000},0x00E0
