"",ダミー{7f0b}{0000},0x0018
"",慈愛の笑みをうかべた　女神像だ。{7f0b}{0000},0x001C
"",{7f04}{7f2f}「あのぅ……　おばけとか{7f02}出ませんよね？{7f02}{7f2f}　お墓　こわいですぅ。{0000},0x002D
"",{7f04}{7f2e}「王家の墓に　入る準備は{7f02}カンペキかい？{7f0a}{7f02}{7f04}{7f2e}「オウケーイ！{7f02}……ちょっと　すべりましたね。{0000},0x0048
"",{7f04}{7f2d}「洞くつに　塔に{7f02}今度は　墓場ですか？{7f02}みなさん　物好きだなあ……。{0000},0x0072
"",{7f04}{7f23}「あー　この王家の墓は{7f02}本来　王家のゆかりの者しか{7f02}立ち入ることのできぬ場所。{7f0a}{7f02}{7f04}{7f23}「ま　よそものとはいえ{7f02}わが姫の　旅の仲間。{7f02}特別に　許しましょう。フム。{0000},0x0090
"",{7f04}{7f22}「しっ！　静かに！{7f02}死者の　安らかな眠りを{7f02}起こしては　なりません。{0000},0x00D2
"",{7f04}{7f21}「そういえば　小さい頃{7f02}お母さまの　お葬式で{7f02}ここに　来たことがあったわ。{7f0a}{7f02}{7f04}{7f21}「もう！　草むしりくらい{7f02}ちゃんと　しておけばいいのに。{0000},0x00F0
"",{7f04}{7f24}「墓といえば　財宝！{7f02}そして　墓を荒らしたものには{7f02}呪いが……。{7f0a}{7f02}{7f04}{7f24}「まあ　今回は　王家の方の{7f02}お許しがありますから{7f02}だいじょうぶでしょうけどね。{0000},0x0127
"",{7f04}{7f26}「やだやだ！{7f02}この若さで　お墓に入るのは{7f02}早すぎるわよっ！{0000},0x0164
"",{7f04}{7f25}「ずいぶん　荒れはてては{7f02}いますが　もとは　さぞや{7f02}立派な墓だったのでしょうね。{0000},0x017D
