"",ダミー{7f0b}{0000},0x0018
"",{7f04}{7f2f}「ちょっとだけ　{7f2f}{7f02}つかれました……。ふうー。{0000},0x001C
"",{7f04}{7f20}「いつ　敵が襲ってくるか{7f02}わからん。気が抜けません。{0000},0x0031
"",{7f04}{7f23}「フム。さすがは王家の墓。{7f02}やっかいな　つくりに{7f02}なっておりますな。{7f0a}{7f02}{7f04}{7f23}「まあ　ご安心めされ。{7f02}この{7f23}の知恵があれば{7f02}なんてことは　ありません。{0000},0x0047
"",{7f04}{7f21}「たかだか　お墓に{7f02}こんなに広い建物を作るなんて{7f02}土地の　ムダ使いだわ。{7f0a}{7f02}{7f04}{7f21}「トレーニングジムとか{7f02}地下　格闘場とか　もっと使い道が{7f02}あると思うんだけど。{0000},0x0082
"",{7f04}{7f26}「におう！　におうわっ！{7f02}お宝のにおいが　プンプンする。{7f02}さあ　どんどん行きましょ！{0000},0x00C3
"",{7f04}{7f25}「それにしても　ずいぶん{7f02}広いですね。{7f02}道　覚えてるかしら……。{0000},0x00E5
"",{7f04}{7f25}「墓に　そなえてある宝を{7f02}持って行くだなんて{7f02}気が　とがめますね。{7f0a}{7f02}{7f04}{7f25}「バチを　あてるなら{7f02}どうか　姉さんだけに……。{7f02}い　いえ　なんでもないです！{0000},0x0100
