"",ダミー{7f0b}{0000},0x0018
"",{7f04}{7f31}「今のお前たちならば{7f02}この洞くつの　魔物程度は{7f02}すでに　相手ではあるまい。{0000},0x001D
"",{7f04}{7f32}「この先に　{7f31}さまが……。{7f02}さあ　とにかく急ぎましょう。{0000},0x003D
"",{7f04}{7f24}「前に来たときよりは{7f02}精神的には　まだ　ましですが……{7f0a}{7f02}{7f04}{7f24}「とにかく　今度はもう{7f02}道に　迷わないでくださいよ。{7f02}{7f1f}さん。{0000},0x0056
"",{7f04}{7f23}「やれやれ。{7f02}再び　この洞くつに入るとは{7f02}思いもしませんでしたな。{0000},0x0088
"",{7f04}{7f20}「この洞くつを{7f02}最後まで歩けば　それだけで{7f02}修行になりますな。{0000},0x00A3
"",{7f04}{7f26}「一度は　通り抜けた{7f02}洞くつっていっても{7f02}ここの敵は　油断できないわよ。{0000},0x00BE
"",{7f04}{7f24}「前に来たときよりは{7f02}精神的には　まだ　ましですが……{7f0a}{7f02}{7f04}{7f24}「とにかく　今度はもう{7f02}道に　迷わないでくださいよ。{7f02}{7f1f}さん。{0000},0x00DC
"",{7f04}{7f23}「やれやれ。{7f02}再び　この洞くつに入るとは{7f02}思いもしませんでしたな。{0000},0x010E
"",{7f04}{7f22}「決戦のときは{7f02}もう　間近です。この洞くつで{7f02}最後の調整を　しておきましょう。{0000},0x0129
"",{7f04}{7f20}「地下世界から地上まで{7f02}この洞くつを　歩いて戻れば{7f02}それだけで　修行になりますな。{0000},0x014B
"",{7f04}{7f26}「一度は　通り抜けた{7f02}洞くつっていっても{7f02}ここの敵は　油断できないわよ。{0000},0x016F
"",{7f04}{7f21}「もうしばらく{7f02}この洞くつで　きたえるってのも{7f02}悪くないわね！{0000},0x018D
"",{7f04}{7f25}「もしかしたら{7f02}取り忘れた　宝箱が{7f02}あるかもしれません。{7f0a}{7f02}{7f04}{7f25}「この洞くつを{7f02}もう一度　ゆっくりと{7f02}見て回るのもいいですね。{0000},0x01A7
"",{7f04}{7f24}「な…なんかもう{7f02}私としては　地獄に一直線という{7f02}心境ですよ……。{0000},0x01DB
"",{7f04}{7f23}「うーむ……。どうやら{7f02}この洞くつも　ひと筋縄では{7f02}いかないようですな。{0000},0x01F8
"",{7f04}{7f21}「ここまで来たら{7f02}もう　何も迷うことはないわ。{7f0a}{7f02}{7f04}{7f21}「ただ　前に進むだけ。{7f02}だって　それが　わたしたちの{7f02}使命じゃない。{0000},0x0217
"",{7f04}{7f22}「現れる魔物が{7f02}どれも強敵ばかりですね……。{7f0a}{7f02}{7f04}{7f22}「きびしくなったら{7f02}一度　道を戻りましょう。{7f02}なにも　恥じることはありません。{0000},0x0249
"",{7f04}{7f20}「この洞くつは{7f02}きっと　地下深くまで{7f02}続いているのでしょう。{7f0a}{7f02}{7f04}{7f20}「そして　この先に{7f02}何があるのか……。この{7f20}{7f02}久々に　胸が高鳴っていますぞ。{0000},0x0280
"",{7f04}{7f26}「妙に　広いわね。{7f02}地下にいるってこと　なんだか{7f02}忘れちゃいそうだわ。{0000},0x02BB
"",{7f04}{7f25}「わたしたちは　いくつもの{7f02}険しい道を　越えてきたんですから{7f02}これくらい　絶対に大丈夫です。{0000},0x02D9
