"",ダミー{7f0b}{0000},0x0018
"",{7f04}{7f31}「今のお前たちならば{7f02}この洞くつの　魔物程度は{7f02}すでに　相手ではあるまい。{0000},0x001D
"",{7f04}{7f32}「この先に　{7f31}さまが……。{7f02}さあ　とにかく急ぎましょう。{0000},0x003D
"",{7f04}{7f24}「前に来たときよりは{7f02}精神的には　まだ　ましですが……{7f0a}{7f02}{7f04}{7f24}「とにかく　今度はもう{7f02}道に　迷わないでくださいよ。{7f02}{7f1f}さん。{0000},0x0056
"",{7f04}{7f23}「やれやれ。{7f02}再び　この洞くつに入るとは{7f02}思いもしませんでしたな。{0000},0x0088
"",{7f04}{7f20}「この洞くつを{7f02}最後まで歩けば　それだけで{7f02}修行になりますな。{0000},0x00A4
"",{7f04}{7f26}「一度は　通り抜けた{7f02}洞くつっていっても{7f02}ここの敵は　油断できないわよ。{0000},0x00BE
"",{7f04}{7f24}「前に来たときよりは{7f02}精神的には　まだ　ましですが……{7f0a}{7f02}{7f04}{7f24}「とにかく　今度はもう{7f02}道に　迷わないでくださいよ。{7f02}{7f1f}さん。{0000},0x00DC
"",{7f04}{7f23}「やれやれ。{7f02}再び　この洞くつに入るとは{7f02}思いもしませんでしたな。{0000},0x010E
"",{7f04}{7f22}「決戦のときは{7f02}もう　間近です。この洞くつで{7f02}最後の調整を　しておきましょう。{0000},0x012A
"",{7f04}{7f20}「地下世界から地上まで{7f02}この洞くつを　歩いて戻れば{7f02}それだけで　修行になりますな。{0000},0x014C
"",{7f04}{7f26}「一度は　通り抜けた{7f02}洞くつっていっても{7f02}ここの敵は　油断できないわよ。{0000},0x0170
"",{7f04}{7f21}「もうしばらく{7f02}この洞くつで　きたえるってのも{7f02}悪くないわね！{0000},0x018E
"",{7f04}{7f25}「もしかしたら{7f02}取り忘れた　宝箱が{7f02}あるかもしれません。{7f0a}{7f02}{7f04}{7f25}「この洞くつを{7f02}もう一度　ゆっくりと{7f02}見て回るのもいいですね。{0000},0x01A8
"",{7f04}{7f24}「はあ……ネネ。{7f02}私は　ずいぶんと遠くに{7f02}来てしまったよ……。{0000},0x01DC
"",{7f04}{7f23}「グチは言いたくないが{7f02}この洞くつは　年寄りには{7f02}いささか　きついわい。{7f0a}{7f02}{7f04}{7f23}「馬車の中の誰か{7f02}そろそろ　わしと{7f02}変わってくれぬものか……。{0000},0x01F8
"",{7f04}{7f21}「ここまで来たら{7f02}もう　何も迷うことはないわ。{7f0a}{7f02}{7f04}{7f21}「ただ　前に進むだけ。{7f02}だって　それが　わたしたちの{7f02}使命じゃない。{0000},0x0232
"",{7f04}{7f22}「目指す場所は　近いのか……。{7f02}それだけでも　わかれば{7f02}はげみに　なるのですが……{7f0a}{7f02}{7f04}{7f22}「はたして　どこまで行けば{7f02}この洞くつから　出られるのか{7f02}まったく　わかりませんね。{0000},0x0265
"",{7f04}{7f20}「あのエスタークがいた{7f02}神殿でさえ　これほどの{7f02}深さでは　ありませんでしたな。{0000},0x02AA
"",{7f04}{7f26}「ぜえ…はあ……。{7f02}いったい　どこまで続いてんのよ{7f02}この洞くつは～～～っ！{0000},0x02CD
"",{7f04}{7f25}「まだ　道があるなんて……。{7f02}この洞くつは　本当に地の底まで{7f02}続いているのかしら。{0000},0x02EC
