"",返事がない。{7f02}ただの　しかばねのようだ……。{7f0b}{0000},0x0018
"",気をつけな！　ここには{7f02}魔物が　ウジャウジャいるぜ！{7f0b}{0000},0x0029
"",返事がない。{7f02}ただの　しかばねのようだ……。{7f0b}{0000},0x0042
"",{7f04}{7f24}「ここに来ると{7f02}あのときの　怖かった思い出が……{7f02}ああっ！　怖いぃっ！{0000},0x0054
"",{7f04}{7f21}「また　こんな所に{7f02}来るなんて……　わかった！{7f02}これも　修行ってわけね！{0000},0x0071
"",{7f04}{7f25}「もう　この場所には{7f02}用はないはずです。{7f02}別の場所に　行きましょう。{0000},0x008E
"",{7f04}{7f26}「なーに？{7f02}まだ　こんな場所に{7f02}用があるの？{0000},0x00AA
"",{7f04}{7f24}「はあはあ……。{7f02}ネネ。私は　死ななかったよ。{0000},0x00BD
"",{7f04}{7f20}「これで　ひとまずは{7f02}脅威から　解放されますな。{0000},0x00D0
"",{7f04}{7f23}「エスタークめ。{7f02}思いの外　手ごたえが{7f02}なかったですな。{7f0a}{7f02}{7f04}{7f23}「急いで乗りんで{7f02}正解だったのかも{7f02}しれませんな。{0000},0x00E7
"",{7f04}{7f22}「この{7f22}{7f02}今は　たまらない充実感に{7f02}ちちております！{0000},0x0118
"",{7f04}{7f21}「さっきの{7f02}デス{7f31}たちの話が{7f02}すこし　気になるわ。{7f0a}{7f02}{7f04}{7f21}「エルフの{7f32}が{7f02}どうのこうのって{7f02}言ってたみたいだけど。{0000},0x0132
"",{7f04}{7f25}「エスターク……。{7f02}目覚めたばかりでなければ{7f02}勝てなかったかも……。{0000},0x0161
"",{7f04}{7f26}「これで　この場所には{7f02}もう　用はないわね。{7f0a}{7f02}{7f04}{7f26}「さっさと　外に出ましょ。{7f02}太陽が　恋しいわ。{0000},0x017F
"",{7f04}{7f24}「とわあっ！！　急に{7f02}話しかけないでくださいよ！{7f02}びっくりしたなあ……。{0000},0x01A6
"",{7f04}{7f22}「このような場所が{7f02}地下世界につながっているとは{7f02}信じられませんね。{0000},0x01C5
"",{7f04}{7f20}「ここは　言ってみれば{7f02}魔物の宝庫ですな。{7f02}気をひきしめて　行きましょう。{0000},0x01E3
"",{7f04}{7f21}「エスターク！{7f02}どこっ！？　隠れてないで{7f02}出てきなさい！{0000},0x0204
"",{7f04}{7f26}「結局　この鉱山の中に{7f02}また　入らなきゃならない{7f02}運命だったのね……。{7f0a}{7f02}{7f04}{7f26}「神さまが　いるなら{7f02}あたしは　うらむわよ。{0000},0x021D
"",{7f04}{7f25}「この鉱山の中には　前にも{7f02}入ったことがありますが……{7f0a}{7f02}{7f04}{7f25}「エスタークの気配は{7f02}そのときは　感じませんでした。{0000},0x024E
"",{7f04}{7f25}「この鉱山には{7f02}前にも　入ったことがありますが{7f02}何も　なかったはずです。{7f0a}{7f02}{7f04}{7f25}「今は　ここには{7f02}用はありませんね。{0000},0x027E
"",{7f04}{7f26}「はあ……。{7f02}なんで　また　あたしは{7f02}こんな所にいるのかしら……。{0000},0x02AC
"",{7f04}{7f21}「ここは　魔物たちの気配が{7f02}すごいわ。ウデが鳴るわね！{0000},0x02C4
