"",ガスが出ようが　魔物が出ようが{7f02}金が出るまで　がんばるんだ！{7f02}あっ　掘って掘って　掘りぬいて！{7f0b}{0000},0x0018
"",おっかちゃんの　ためなーら{7f02}えーんやこーら　とっ！{7f0b}{0000},0x003F
"",{7f04}{7f24}「ここに来ると{7f02}あのときの　怖かった思い出が……{7f02}ああっ！　怖いぃっ！{0000},0x0054
"",{7f04}{7f21}「また　こんな所に{7f02}来るなんて……　わかった！{7f02}これも　修行ってわけね！{0000},0x0071
"",{7f04}{7f25}「もう　この場所には{7f02}用はないはずです。{7f02}別の場所に　行きましょう。{0000},0x008E
"",{7f04}{7f26}「なーに？{7f02}まだ　こんな場所に{7f02}用があるの？{0000},0x00AB
"",{7f04}{7f24}「はあはあ……。{7f02}ネネ。私は　死ななかったよ。{0000},0x00BD
"",{7f04}{7f20}「これで　ひとまずは{7f02}脅威から　解放されますな。{0000},0x00D1
"",{7f04}{7f23}「エスタークめ。{7f02}思いの外　手ごたえが{7f02}なかったですな。{7f0a}{7f02}{7f04}{7f23}「急いで乗りんで{7f02}正解だったのかも{7f02}しれませんな。{0000},0x00E7
"",{7f04}{7f22}「この{7f22}{7f02}今は　たまらない充実感に{7f02}ちちております！{0000},0x0117
"",{7f04}{7f21}「さっきの{7f02}デス{7f31}たちの話が{7f02}すこし　気になるわ。{7f0a}{7f02}{7f04}{7f21}「エルフの{7f32}が{7f02}どうのこうのって{7f02}言ってたみたいだけど。{0000},0x0130
"",{7f04}{7f25}「エスターク……。{7f02}目覚めたばかりでなければ{7f02}勝てなかったかも……。{0000},0x015F
"",{7f04}{7f26}「これで　この場所には{7f02}もう　用はないわね。{7f0a}{7f02}{7f04}{7f26}「さっさと　外に出ましょ。{7f02}太陽が　恋しいわ。{0000},0x017D
"",{7f04}{7f26}「アタマは悪そうだけど{7f02}ある意味　たのもしいわね。{0000},0x01A4
"",{7f04}{7f25}「この鉱山には{7f02}前にも　入ったことがありますが{7f02}何も　なかったはずです。{7f0a}{7f02}{7f04}{7f25}「今は　ここには{7f02}用はありませんね。{0000},0x01BC
"",{7f04}{7f26}「はあ……。{7f02}なんで　また　あたしは{7f02}こんな所にいるのかしら……。{0000},0x01EA
"",{7f04}{7f21}「ここは　魔物たちの気配が{7f02}すごいわ。ウデが鳴るわね！{0000},0x0203
