"",返事がない。{7f02}ただの　しかばねのようだ……。{7f0b}{0000},0x0018
"",や…やったぞ！　オラは　ついに{7f02}宝の山を　掘り当てたぞっ！{7f02}ぐふっ……。{7f0b}{0000},0x002A
"",{7f04}{7f24}「ここに来ると{7f02}あのときの　怖かった思い出が……{7f02}ああっ！　怖いぃっ！{0000},0x004A
"",{7f04}{7f21}「また　こんな所に{7f02}来るなんて……　わかった！{7f02}これも　修行ってわけね！{0000},0x0067
"",{7f04}{7f25}「もう　この場所には{7f02}用はないはずです。{7f02}別の場所に　行きましょう。{0000},0x0085
"",{7f04}{7f26}「なーに？{7f02}まだ　こんな場所に{7f02}用があるの？{0000},0x00A1
"",{7f04}{7f24}「はあはあ……。{7f02}ネネ。私は　死ななかったよ。{0000},0x00B4
"",{7f04}{7f20}「これで　ひとまずは{7f02}脅威から　解放されますな。{0000},0x00C8
"",{7f04}{7f23}「エスタークめ。{7f02}思いの外　手ごたえが{7f02}なかったですな。{7f0a}{7f02}{7f04}{7f23}「急いで乗り込んで{7f02}正解だったのかも{7f02}しれませんな。{0000},0x00DF
"",{7f04}{7f22}「この{7f22}{7f02}今は　たまらない充実感に{7f02}満ち満ちております！{0000},0x010F
"",{7f04}{7f21}「さっきの{7f02}デス{7f31}たちの話が{7f02}すこし　気になるわ。{7f0a}{7f02}{7f04}{7f21}「エルフの{7f32}が{7f02}どうのこうのって{7f02}言ってたみたいだけど。{0000},0x0129
"",{7f04}{7f25}「エスターク……。{7f02}目覚めたばかりでなければ{7f02}勝てなかったかも……。{0000},0x0159
"",{7f04}{7f26}「これで　この場所には{7f02}もう　用はないわね。{7f0a}{7f02}{7f04}{7f26}「さっさと　外に出ましょ。{7f02}太陽が　恋しいわ。{0000},0x0176
"",{7f04}{7f25}「考えてみれば　このかたも{7f02}気のどくな　かたです。{0000},0x019F
"",{7f04}{7f26}「宝の山ねえ……。{7f0a}{7f02}{7f04}{7f26}「ま　いいけど。{7f02}とにかく　エスタークの居場所は{7f02}この先みたいね。{0000},0x01B4
"",{7f04}{7f23}「この{7f23}の呪文……。{7f02}エスタークにも　通用すれば{7f02}よいのじゃが……。{0000},0x01DA
"",{7f04}{7f24}「げーっほっほ！{7f02}はあ……。ガスで　アタマが{7f02}クラクラしてきましたよー。{0000},0x01F8
"",{7f04}{7f22}「地下帝国とは{7f02}いったい　どんな場所なのか……。{0000},0x0218
"",{7f04}{7f21}「ようやく{7f02}手ごたえのある　魔物が{7f02}出てきたわね！{0000},0x022E
"",{7f04}{7f20}「魔物の気配が{7f02}さらに　強くなりました。{7f02}エスタークは　近いですぞ。{0000},0x0244
"",{7f04}{7f26}「このガスの中{7f02}こんなに掘り続けるなんて{7f02}まったく　あっぱれよね。{7f0a}{7f02}{7f04}{7f26}「欲に目がくらんだ{7f02}人間のパワーには　恐れ入るわよ。{0000},0x0263
"",{7f04}{7f25}「前に来たときは{7f02}こんな場所は　なかったはず……。{7f0a}{7f02}{7f04}{7f25}「あれからも　ずっと{7f02}掘り続けていたという{7f02}ことですね……。{0000},0x0299
"",{7f04}{7f25}「この鉱山には{7f02}前にも　入ったことがありますが{7f02}何も　なかったはずです。{7f0a}{7f02}{7f04}{7f25}「今は　ここには{7f02}用はありませんね。{0000},0x02C6
"",{7f04}{7f26}「はあ……。{7f02}なんで　また　あたしは{7f02}こんな所にいるのかしら……。{0000},0x02F4
"",{7f04}{7f21}「ここは　魔物たちの気配が{7f02}すごいわ。ウデが鳴るわね！{0000},0x030D
