"",ダミー{7f0b}{0000},0x0018
"",{7f04}{7f31}「このような場所に連れてきて{7f02}いったい　このわたしに{7f02}なにをさせようと　いうのだ！？{0000},0x001C
"",{7f04}{7f25}「世の中には　人の知識では{7f02}うかがい知れないことも{7f02}たくさん　あります。{7f0a}{7f02}{7f04}{7f25}「ここも　そのひとつですね。{0000},0x003D
"",{7f04}{7f26}「ふ～～～……。{7f02}とっても　先が長そうね。{7f02}もう　つかれてきちゃった。{0000},0x0068
"",{7f04}{7f24}「ふんふん。お宝のニオイが{7f02}しますよ。きっと奥には……。{0000},0x0085
"",{7f04}{7f23}「なんじゃ　ここは？{7f02}ふしぎなことも　あったもんじゃわい。{0000},0x009D
"",{7f04}{7f22}「むむ！　なにやら邪悪な気配。{7f02}こんな所に　入ってきて{7f02}いいものでしょうか？{0000},0x00B4
"",{7f04}{7f21}「なんだか　わくわくするわね！{7f02}新しい冒険が　はじまりそうな{7f02}そんな予感がするわ。{0000},0x00D3
"",{7f04}{7f20}「まったく！　穴の下が{7f02}このように　なっているとは{7f02}おどろきですな！{0000},0x00F5
