"",ダミー{7f0b}{0000},0x0018
"",{7f04}{7f31}「…………。{7f02}水の洞くつか……。{7f02}どうということも　ないな。{0000},0x001C
"",{7f04}{7f25}「水の上に　浮かんでいると{7f02}気持ちが　とても落ち着きます。{7f0a}{7f02}{7f04}{7f25}「それは　きっと　命が{7f02}水から生まれてきたからでしょう。{0000},0x0032
"",{7f04}{7f24}「はて……。{7f02}以前に　ここと似たような洞くつに{7f02}入ったような……。{0000},0x0063
"",{7f04}{7f23}「イカダに　乗っておると{7f02}歩かなくてすむのが{7f02}なんとも楽ちんじゃわい。{0000},0x007E
"",{7f04}{7f22}「あわわ……　イカダ……。{7f02}あんまり　ゆらさないで{7f02}くださいよ。{0000},0x009A
"",{7f04}{7f21}「へー。イカダっていうのも{7f02}わるくはないわね。{7f02}ちょっと新鮮よね。{0000},0x00B3
"",{7f04}{7f20}「ふむ！　こんな場所で{7f02}イカダに乗るとは　おどろきですな。{0000},0x00CE
