"",ダミー{7f0b}{0000},0x0018
"",{7f04}{7f31}「………………。{7f0a}{7f02}{7f04}{7f31}「………………{7f0a}{7f02}{7f04}{7f31}「ん？　なにか言ったか？{7f02}すまぬ。ちょっと考えごとを{7f02}していたのだ。{0000},0x001C
"",{7f04}{7f25}「ずいぶん長いあいだ{7f02}旅をしてきました。{7f0a}{7f02}{7f04}{7f25}「でも　それも　いつかは{7f02}終わる時が来るはずです。{7f02}さあ　いきましょう。{0000},0x0047
"",{7f04}{7f26}「やっぱり　けっこう先は{7f02}長そうよ。戻るなら　今のうちね。{0000},0x0077
"",{7f04}{7f24}「これは思ったより{7f02}汗をかきますね。暑い暑い。{0000},0x0091
"",{7f04}{7f23}「ふー　つかれたわい。{7f02}もっと　ゆっくり歩いて{7f02}くださらんか。ぶつぶつ。{0000},0x00A4
"",{7f04}{7f22}「ふーむ。いったい　どっちに{7f02}進めばいいのか……。{0000},0x00C1
"",{7f04}{7f21}「へー。奥にいくほど{7f02}広くなってるってわけね。{7f02}さあ　ドンドンいきましょ！{0000},0x00D6
"",{7f04}{7f20}「ここは意外と広いですな。{7f02}迷わないよう気をつけねば！{0000},0x00F4
