"",ダミー{7f0b}{0000},0x0018
"",{7f04}{7f31}「お前たちは　幸運だったな！{7f02}もし{7f32}が生き返らなければ{7f02}今頃　人間どもを……。{0000},0x001C
"",{7f04}{7f25}「少し　休みませんか？{7f02}皆さん　お疲れのようですし。{7f0a}{7f02}{7f04}{7f25}「でも　このあたりには{7f02}休むような場所もありませんね。{0000},0x003E
"",{7f04}{7f26}「まったく！　けっこう長く{7f02}歩かせてくれるじゃない？{7f02}いいかげん疲れたわ！{0000},0x006C
"",{7f04}{7f24}「ふむ。このあたりには{7f02}お宝のニオイがしませんよ。{7f02}先をいそぎましょう。{0000},0x008B
"",{7f04}{7f23}「痛たた……。{7f02}なんじゃ？　持病の神経痛が{7f02}出てきたぞ。{0000},0x00A9
"",{7f04}{7f21}「ずいぶん　来たわね。{7f02}この先には　何があるのかしら？{0000},0x00C1
"",{7f04}{7f20}「ここは　いったい{7f02}どこまで続くのだ？{0000},0x00D8
