"",先は長いし　ここらにいる魔物も{7f02}はんぱな強さじゃないぞ。{7f0a}{7f02}あまり　いそがず　じっくりと{7f02}進んでゆくことじゃな。{7f0b}{0000},0x0018
"",ほっほっほっ！{7f02}こんな所まで来る者が　まだ{7f02}おったとはな……。{7f0a}{7f02}わしからの心づけじゃ。{7f02}そこの木の根っこを調べなされ。{7f0a}{7f02}ほう！　もう　とっていなさったか？{7f02}やはり　ここまで来る者はちがうのう。{7f02}先は長い。気をつけていきなされよ。{7f0b}{0000},0x0045
"",ほっほっほっ！{7f02}こんな所まで来る者が　まだ{7f02}おったとはな……。{7f0a}{7f02}わしからの心づけじゃ。{7f02}そこの木の根っこを調べなされ。{7f0b}{0000},0x009E
"",{7f04}{7f31}「ん？　わたしに何か用か？{7f02}悪いが　ことあるごとに{7f02}話しかけるのはやめてくれないか。{7f0a}{7f02}{7f04}{7f31}「いったい　わたしの{7f02}どんな言葉を期待しているのだ？{0000},0x00CD
"",{7f04}{7f25}「人には　それぞれ{7f02}事情というものがあります。{7f0a}{7f02}{7f04}{7f25}「あれこれ詮索するのは{7f02}慎むことにしましょう。{0000},0x0107
"",{7f04}{7f26}「わかった！{7f02}そこの　おじいさん　きっと{7f0a}{7f02}{7f04}{7f26}「あたしたちを{7f02}おどろかせるために{7f02}待っていたんじゃない？{7f0a}{7f02}{7f04}{7f26}「でも　そのわりには{7f02}しょぼいわねえ。{0000},0x0131
"",{7f04}{7f24}「も　もしや　その老人は！{7f0a}{7f02}{7f04}{7f24}「いえ　なんでもありません。{7f02}ちょっと知り合いのトムじいさんに{7f02}似てる気がしたもんですから。{0000},0x016D
"",{7f04}{7f23}「ん？　なにか言うたか？{7f02}どうせ年寄りどうし　話があう{7f02}とでも言いたいんじゃろ。{0000},0x01A1
"",{7f04}{7f22}「そこにいるご老人……{7f02}気のせいかも知れませんが{7f02}生きてる気配がないような……。{0000},0x01C2
"",{7f04}{7f21}「びっくり！　こんな所に{7f02}住んでる人がいるなんて。{7f02}世の中　ひろいわね！{0000},0x01E4
"",{7f04}{7f20}「この老人は何者だろう……。{0000},0x0203
