"",ダミー{7f0b}{0000},0x0018
"",{7f04}{7f31}「ん？　わたしに何か用か？{7f02}悪いが　ことあるごとに{7f02}話しかけるのはやめてくれないか。{7f0a}{7f02}{7f04}{7f31}「いったい　わたしの{7f02}どんな言葉を期待しているのだ？{0000},0x001D
"",{7f04}{7f25}「気をつけてください。{7f02}きれいなバラにはトゲがあるように{7f02}ここにも邪悪な魔物たちが……。{0000},0x0055
"",{7f04}{7f26}「いいわね　ここ。{7f02}あたしの美しさが　ますます{7f02}映えるわ。{0000},0x007B
"",{7f04}{7f24}「ヒクヒク。{7f02}知ってますか？{7f02}こういう場所には宝が……{7f0a}{7f02}{7f04}{7f24}「もちろん　まだ{7f02}取っていなければの話ですが。{0000},0x0092
"",{7f04}{7f23}「おお！　おお！{7f02}ここは　美しいのう！{7f02}まるで海の底じゃな。{0000},0x00BE
"",{7f04}{7f22}「ずっと　この風景を{7f02}見ていたい気もしますが{7f02}ここも魔物のすみか……。{7f0a}{7f02}{7f04}{7f22}「よそ見をせず　しっかり{7f02}前を見て　進みましょう。{0000},0x00D8
"",{7f04}{7f21}「わ～！　ずいぶん{7f02}きれいな所ね。{0000},0x010B
"",{7f04}{7f20}「これは　まるで{7f02}海の中にいるようですな。{0000},0x011A
