"",はいやー！　あんたたち{7f02}どこから来たあるよ？{7f02}おったまげたなーや！{7f0a}{7f02}まあ　せっかく来たからには{7f02}そこの教会で　おいのりするっぺ。{7f0a}{7f02}したら　いつでも　ここまで{7f02}もどって来られるだーよ。{7f0b}{0000},0x0018
"",{7f04}{7f31}「………………。{0000},0x005E
"",{7f04}{7f25}「ここが終点？{7f02}いえ　わたしの占いでは　まだ{7f02}先があるようです。{0000},0x0066
"",{7f04}{7f24}「やれやれ{7f02}ひと休みできるかな？{0000},0x007F
"",{7f04}{7f23}「わしには　わかる！{7f02}きつねじゃ！　わしらは皆{7f02}化かされておるのじゃ！{0000},0x008E
"",{7f04}{7f22}「教会があるようですが{7f02}本当の教会でしょうか？{7f02}ふしぎですね。{0000},0x00AB
"",{7f04}{7f21}「う～～ん。{7f02}空気が　とっても　おいしいわ！{0000},0x00C5
"",{7f04}{7f20}「これは面妖な！{7f02}ここは　どう見ても　山の上。{7f0a}{7f02}{7f04}{7f20}「わけが　わからないぞ。{0000},0x00D8
