"",ぴぴぴ～～！{7f02}ボクは　神父さんじゃないよ。{7f0a}{7f02}神父さんなら　この奥にいるよ。{7f0b}{0000},0x0018
"",{7f04}{7f31}「用は済んだのか？{7f02}であれば　早く出よう。{7f0a}{7f02}{7f04}{7f31}「わたしは　どうも{7f02}こういう場所は苦手なのだ。{0000},0x0036
"",{7f04}{7f25}「どうやら　ここは{7f02}神聖な場所のようです。{0000},0x005D
"",{7f04}{7f26}「もう　いったい{7f02}どうなってるっていうのよ！{7f02}知らないからね！{0000},0x006E
"",{7f04}{7f23}「やはり　きつねじゃ！{7f02}わしらは皆　化かされておる！{7f02}ぶつぶつ……。{0000},0x0086
"",{7f04}{7f22}「ここまで来たのですから{7f02}ぜひ　お祈りしていきましょう。{7f02}おお神よ！　我らを守り給え！{0000},0x00A3
"",{7f04}{7f21}「あれれ？{7f02}ここだけど　どこかで見なかった？{7f02}気のせいかしら？{0000},0x00C6
"",{7f04}{7f20}「これは　おどろいた。{7f02}中は　かなりの広さですな。{0000},0x00DF
