"",ダミー{7f0b}{0000},0x0018
"",{7f04}{7f26}「いやーねえ。{7f02}着てるものが　汗で身体に{7f02}まとわりつて気持ちわるいわ。{7f0a}{7f02}{7f04}{7f26}「裸になっちゃおうかしら？{7f02}って　そんなわけないじゃん。{0000},0x001C
"",{7f04}{7f24}「ふ～　汗が止まりませんな。{7f02}もう　全身　汗でビショビショ！{0000},0x0050
"",{7f04}{7f21}「なんだか　とっても{7f02}暑い場所ね。息苦しいわ。{0000},0x0069
"",{7f04}{7f20}「下は溶岩のようですな。{7f02}足を踏み外すと　ひとたまりも{7f02}ありますまい。{0000},0x007C
