"",地上にある　世界樹は　千年に一度{7f02}その花を咲かせると　言われています。{7f0a}{7f02}しかし　時を待たずして{7f02}花が咲いたようですね。{7f0b}{0000},0x0018
"",地上にある　世界樹は　千年に一度{7f02}その花を咲かせると　言われています。{7f0a}{7f02}世界樹の花は　いのちの源。{7f02}墓標に　その花を供えれば{7f02}きっと　奇跡がおきましょう。{7f0b}{0000},0x004B
"",あ？　デスピサロさま！{7f02}ロザリーさまは？{7f0a}{7f02}………………。{7f02}そうだったんですか。{7f02}でも　よかった！　無事で……。{7f0a}{7f02}ボクたち　スライムは　どんな時でも{7f02}ロザリーさまの味方ですよ！{7f0b}{0000},0x008F
"",え？　ロザリーさま！{7f02}よかった！　無事で……。{7f0a}{7f02}ボクたち　スライムは　どんな時でも{7f02}ロザリーさまの味方ですよ！{7f0b}{0000},0x00D5
"",あ！{7f02}今のは　言っちゃいけなかったんだ！{7f02}聞かなかったことにしておいてね。{7f0b}{0000},0x0103
"",ロザリーさま　大丈夫かなあ……。{7f0a}{7f02}エビルプリーストの命令で{7f02}ロザリーさまの居場所を人間たちに{7f02}教えちゃったみたいなのね。{7f0b}{0000},0x0122
"",うち　お料理　好きだぽんよ。{7f0a}{7f02}そやけど　だれも　うちの料理{7f02}食べないのねん。{7f02}かなしいのねんねん。{7f0b}{0000},0x0157
"",どうやら　ねむっているようだ。{7f0b}{0000},0x0180
"",ぐががが～～！{7f02}すぴーすぴー……。{7f02}うごごごごごおおお。{7f0a}{0000},0x018E
"",{7f04}{7f31}「………………。{0000},0x01A6
"",{7f04}{7f26}「な～に？{7f02}まだ終点じゃないの？{0000},0x01AE
"",{7f04}{7f24}「なにやら山賊でも{7f02}住んでいそうな場所ですな。{0000},0x01BE
"",{7f04}{7f23}「ぶつぶつ……。{7f02}こういう湿った住みかでは{7f02}持病の神経痛が出そうじゃわい。{0000},0x01D3
"",{7f04}{7f22}「まったく　ふざけてる！{7f02}住まいとは　日のあたる場所に{7f02}作るべきものです。{7f0a}{7f02}{7f04}{7f22}「ここの住人たちは{7f02}いったい　なにを考えているのだ！{0000},0x01F6
"",{7f04}{7f21}「へ～。こういう所に{7f02}お家を作ると楽しそうね。{7f02}お城でもいいけどね。{0000},0x022E
"",{7f04}{7f20}「ここはアジトのようですな。{7f02}しかも住んでいるのは　どうやら{7f02}人ではないようですぞ。{0000},0x024D
