"",ダミー{7f0b}{0000},0x0018
"",{7f04}{7f24}「これだけ歩くと{7f02}少しは　やせたかな？{0000},0x001C
"",{7f04}{7f23}「ふー　つかれたわい。{7f02}もっと　ゆっくり歩いて{7f02}くださらんか。ぶつぶつ{0000},0x002C
"",{7f04}{7f22}「人間　しんぼうが大切。{7f02}その点　この{7f22}は{7f02}しんぼうの　かたまりですから{7f0a}{7f02}{7f04}{7f22}「へこたれませんよ！{0000},0x0048
"",{7f04}{7f21}「さすがに　ちょっと{7f02}疲れてきちゃった。{7f02}そろそろ着かないかな？{0000},0x006E
"",{7f04}{7f20}「なんと！　ここは{7f02}ふつうの洞くつのようだ。{7f0a}{7f02}{7f04}{7f20}「いったい　どこまで{7f02}続くというのだ！{0000},0x0089
