"",ダミー{7f0b}{0000},0x0018
"",{7f04}{7f31}「なにやら　声が聞こえるぞ。{7f0a}{7f02}{7f04}{7f31}「ふたりの男が　さわがしく{7f02}言い争っているようだ。{7f0a}{7f02}{7f04}{7f31}「もちろん　お前たち{7f02}人間の耳には{7f02}聞こえないだろうがな。{0000},0x001C
"",{7f04}{7f25}「わたしには　わかります。{7f02}そろそろ終わりが近いようです。{0000},0x0057
"",{7f04}{7f26}「あたし　もう降参！{7f02}好きにしてって感じぃ。{7f02}ふう……。{0000},0x006E
"",{7f04}{7f24}「ヒクヒク。{7f02}知ってますか？{7f02}こういう場所には宝が……{7f0a}{7f02}{7f04}{7f24}「もちろん　まだ{7f02}取っていなければの話ですが。{0000},0x0086
"",{7f04}{7f21}「ここって　すごく広いわね。{7f02}どこかに　さらに上にいく階段が{7f02}あるのかしら？{0000},0x00B1
