"",ダミー{7f0b}{0000},0x0018
"",{7f04}{7f31}「いよいよ　わたしの助けの{7f02}必要な時が　迫ってきたようだな。{7f0a}{7f02}{7f04}{7f31}「よかろう。{7f02}どんな相手かは知らぬが{7f0a}{7f02}{7f04}{7f31}「わたしのチカラを{7f02}ぞんぶんに　みせてやろう。{0000},0x001C
"",{7f04}{7f25}「気配を感じます。{7f0a}{7f02}{7f04}{7f25}「この先にいるのは{7f02}善でも悪でも　ない存在。{7f02}さあ　いきましょう。{0000},0x005B
"",{7f04}{7f26}「やっぱねえ。{7f02}そろそろ終点って{7f02}思っていたのよね。{7f0a}{7f02}{7f04}{7f26}「あたしのカンが{7f02}当たったってわけね。{0000},0x0081
"",{7f04}{7f24}「ふう………………。{0000},0x00A8
"",{7f04}{7f23}「なんじゃ？{7f02}ここまで来たんじゃから{7f02}飛び込むしかないわい。{0000},0x00B2
"",{7f04}{7f22}「しんぼうの　かたまりの{7f02}私でも　もはや限界です。{7f0a}{7f02}{7f04}{7f22}「もし！　もし　ここを出て{7f02}そこが　また洞くつだったら{7f02}帰らせてもらいます。{0000},0x00CC
"",{7f04}{7f21}「いよいよって感じね。{0000},0x0101
"",{7f04}{7f20}「これは旅の扉！{7f02}まだ先があるのか！？{0000},0x010B
