"",{7f04}{7f29}「わたしは　{7f29}。{7f0a}{7f02}{7f04}{7f29}「かつて　記憶を失ったことも{7f02}ありましたが　今は　妻とふたり{7f02}幸せに暮らしています。{7f0b}{0000},0x0018
"",{7f04}{7f29}「やや　戦士どの！{7f02}わたしです　アレクスです！{7f0a}{7f02}{7f04}{7f29}「あのは　どうも{7f02}ありがとうございました！{7f0b}{0000},0x0045
"",{7f04}{7f2a}「あら？{7f02}アレクスじゃなかったの？{7f02}いやだ　恥ずかしいわ……。{7f0b}{0000},0x006E
"",{7f04}{7f2a}「ほら　星があんなに光って……。{7f02}見て　あなた！{7f02}あれが　わたしたちの星よ！{7f0b}{0000},0x008A
"",{7f04}{7f2a}「ああ　{7f20}さま！{7f02}そのせつは　ありがとうございました！{7f0a}{7f02}{7f04}{7f2a}「今は　夫のアレクスと　ふたり{7f02}幸せに暮らしております。{7f0b}{0000},0x00AA
"",{7f04}{7f2a}「わたしが　こうして{7f02}幸せでいられるのは{7f02}{7f20}さまの　おかげです。{7f0a}{7f02}{7f04}{7f2a}「今ごろ　{7f20}さまは{7f02}どうなさっているかしら……。{7f0b}{0000},0x00DC
"",{7f04}{7f25}「なんとなく　あの人{7f02}たよりない感じがするのは{7f02}気のせいでしょうか？{0000},0x010C
"",{7f04}{7f26}「記憶を失うって{7f02}どんな感じなのかしら？{7f02}う～ん　興味あるわ。{0000},0x0127
"",{7f04}{7f24}「お幸せそうで　うらやましい。{7f02}私も　たまには　エンドールの自宅に{7f02}帰りましょうかな。{0000},0x0142
"",{7f04}{7f25}「なんとなく　あの人{7f02}たよりない感じがするのは{7f02}気のせいでしょうか？{0000},0x0168
"",{7f04}{7f23}「あれが　恐怖のあまり{7f02}子どもに　もどっていたという{7f02}情けない男ですか。{7f0a}{7f02}{7f04}{7f23}「まったく　人間の心というのは{7f02}不思議なものですな。{7f02}そのようなことが　起こるとは。{0000},0x0184
"",{7f04}{7f20}「イムルの村で　会ったは{7f02}まるっきり　子どもでしたが{7f02}意外に　しっかりした人物でしたな。{7f0a}{7f02}{7f04}{7f20}「彼ならば{7f02}きっと　{7f2a}どのを{7f02}幸せにしてくれるでしょう。{0000},0x01C7
"",{7f04}{7f25}「人は　誰しも　自分の星を{7f02}背負って　生まれてくるのです。{7f0a}{7f02}{7f04}{7f25}「……って　そういう意味じゃ{7f02}ありませんよね。それくらい{7f02}わたしだって　わかってます。{0000},0x0206
"",{7f04}{7f26}「わたしたちの星ですって！{7f02}はずかしい～。{7f02}ああ　やってらんないわ！{0000},0x0245
"",{7f04}{7f22}「どうも　おジャマのようです。{7f02}早く　ここから{7f02}立ち去るとしましょう。{0000},0x0260
"",{7f04}{7f20}「う～む。{7f02}こっちまで　赤面してしまいますな。{0000},0x0280
"",{7f04}{7f25}「{7f20}さんと　あの女性の間に{7f02}何が　あったのか……。{7f02}深くは　追求しませんわ。{0000},0x0294
"",{7f04}{7f26}「{7f20}も　なかなか{7f02}やるわね。あの奥さん　ちょっと{7f02}目が　うるんでなかった？{0000},0x02B3
"",{7f04}{7f24}「ふ～む。{7f02}{7f20}さんも　なかなか{7f02}スミに置けませんな。{0000},0x02D1
"",{7f04}{7f21}「会いたがってるんだから{7f02}{7f20}を　連れてきてあげたら{7f02}いいんじゃないかしら？{0000},0x02E9
"",{7f04}{7f25}「{7f20}さんと　あの女性の間に{7f02}何が　あったのか……。{7f02}深くは　追求しませんわ。{0000},0x0309
"",{7f04}{7f26}「{7f20}も　なかなか{7f02}やるわね。あの奥さん　ちょっと{7f02}目が　うるんでなかった？{0000},0x0328
"",{7f04}{7f23}「……と言うわりには{7f02}その　夫のアレクスとやらは{7f02}どこにいるのでしょうな？{0000},0x0346
"",{7f04}{7f20}「美しい　ご婦人に{7f02}感謝されるのは　いいものです。{7f0a}{7f02}{7f04}{7f20}「まあ　独身のご婦人だったら{7f02}なお　よかったのですがな。{0000},0x0366
