"",近ごろ　魔物どもが{7f02}チカラをつけてきたような{7f02}気がするのだ。{7f0b}{0000},0x0018
"",いよいよ　地獄の帝王とやらが{7f02}よみがえったのかも知れんぞ！{7f0b}{0000},0x0032
"",知っておるか？{7f02}牢屋の　鉄格子さえも開く{7f02}カギのことを！？{7f0a}{7f02}うわさでは　そのカギは{7f02}どこかのお城の　女王さまが{7f02}持っているらしいぞ。{7f0b}{0000},0x004B
"",{7f04}{7f26}「鉄格子を　開けちゃうなんて{7f02}ナイスなカギね！{7f0a}{7f02}{7f04}{7f26}「まったく　今まで{7f02}あの扉のおかげで　どれだけ{7f02}くやしい思いをしたことか！{0000},0x0080
"",{7f04}{7f24}「そんな　すごいカギが{7f02}悪人の手に　わたったら{7f02}どえらいことですな。{7f0a}{7f02}{7f04}{7f24}「まったく　世の中は{7f02}用心ならないものです。{0000},0x00B5
"",{7f04}{7f23}「はて　女王さまとは？{7f02}どこかに　女の王さまを{7f02}いただく国が　ありましたかな？{0000},0x00E5
"",{7f04}{7f22}「女王さまですか……。{7f02}姫さまも　いずれは{7f02}女王さまに　なられるのでしょうか？{7f0a}{7f02}{7f04}{7f22}「それとも　ご結婚なさって{7f02}その相手が　新しい王さまに……{7f02}ああ　考えたくもない！{0000},0x0104
"",{7f04}{7f21}「ふ～ん。あの鉄格子の扉を{7f02}パカパカ　開けられるなんて{7f02}きっと　気持ちいいでしょうね。{0000},0x0146
