"",キシャー！{7f0b}{0000},0x0018
"",……ううっ。{7f02}はやく　雨つゆをしのげる家で{7f02}寝られるようになりたいです。{7f0b}{0000},0x0020
"",イムルの村でしたら　お城の{7f02}西にある　洞くつを抜けて{7f02}北東に歩くと　たどりつけますわ。{7f0b}{0000},0x003F
"",ここは　バトランドの城下町です。{7f0b}{0000},0x0066
"",やっぱりのう。{7f02}いや　ムリをいって{7f02}すまんかったわい。{7f0b}{0000},0x0076
"",はあはあ……息が切れる……。{7f02}やっぱり　年寄りには　つらいのう。{7f02}気にせず　行ってくだされ。{7f0b}{0000},0x008C
"",おお　まことか！？{7f02}では　ついてゆくとしよう！{7f0a}{7f02}ちなみに　わしは戦闘は苦手じゃ。{7f02}まったく　戦力にならんから{7f02}そのつもりでな。{7f0b}{0000},0x00B4
"",わしも　若かったころは{7f02}王宮の戦士に　あこがれたものじゃ。{7f0a}{7f02}この　じいも　バトランドを守る{7f02}戦士さまの　手伝いがしたいんじゃ。{7f02}どうじゃろう？　つれてってはくれぬか？{0000},0x00EA
"",以前　子供が消えていたのは{7f02}伝説の勇者を　見つけだそうと{7f02}魔物が　さらっていたんだってよ。{7f0a}{7f02}でも　そんな方法で{7f02}勇者を　探そうとするなんて{7f02}魔物も　けっこう　マヌケだよな。{7f0b}{0000},0x0130
"",アレクスのやつが　帰ってきて{7f02}本当に　よかったよ。{7f0a}{7f02}夫の帰りを　待ちつづける{7f02}{7f2a}の様子は{7f02}見てられなかったからねえ。{7f0b}{0000},0x017B
"",最近　イムルの村では{7f02}おかしな夢が　見られるそうだ。{7f0a}{7f02}まあ　夢なんて　たいがい{7f02}おかしなもんだと　思うんだけどな。{7f0b}{0000},0x01AF
"",{7f04}{7f26}「ホント　マヌケな話ね。{7f02}勇者が見つかるまで　子どもを{7f02}さらうつもりだったのかしら？{0000},0x01DE
"",{7f04}{7f24}「魔物が　そんなことを……。{7f02}私も　息子をさらわれたらと{7f02}思うと　気が気ではありません。{0000},0x0204
"",{7f04}{7f22}「いかなる理由があろうとも{7f02}か弱き子どもを　さらうなど{7f02}許せることではありませんね。{0000},0x022A
"",{7f04}{7f20}「思えば　その企みを知って{7f02}私は　勇者どのを探す旅に{7f02}出発したのでしたな。{0000},0x024F
"",{7f04}{7f26}「行方不明の　夫の帰りを{7f02}待ちつづけるなんて{7f02}ガマン強い人ね～。{7f0a}{7f02}{7f04}{7f26}「もし　あたしだったら{7f02}３日で　ダンナの顔なんか{7f02}忘れちゃうわよ　きっと。{0000},0x0272
"",{7f04}{7f24}「まったく　他人事では{7f02}ありませんな。{7f0a}{7f02}{7f04}{7f24}「私も　妻には{7f02}いらぬ心配ばかり{7f02}かけさせてしまっています。{0000},0x02B4
"",{7f04}{7f20}「じつは　そのアレクスどのは{7f02}旅先で　記憶を失って{7f02}帰ってこられなかったのです。{7f0a}{7f02}{7f04}{7f20}「で　アレクスどのの記憶を{7f02}取りもどすために　{7f2a}どのが{7f02}とった手段……あれは　すごかった。{0000},0x02E3
"",{7f04}{7f25}「夢というのは　人の思いが{7f02}眠っている人の意識に{7f02}入りこんでくるものだと言います。{7f0a}{7f02}{7f04}{7f25}「そのおかしな夢というのも{7f02}もしかして　だれかの強い思いが{7f02}影響してるのかもしれませんね。{0000},0x0330
"",{7f04}{7f26}「あたしは　よく{7f02}カジノで　すっからかんになる{7f02}夢を見るわよ。{7f0a}{7f02}{7f04}{7f26}「あれは　こわい夢だわ。{7f02}思い出しても　ゾッとするもの。{0000},0x037B
"",{7f04}{7f24}「私　夢って{7f02}あんまり　見ないんですよ。{7f02}眠りが　深いのでしょうかな？{0000},0x03AF
"",{7f04}{7f23}「どうして　イムルでのみ{7f02}その　おかしな夢とやらが{7f02}見られるのでしょうな？{7f0a}{7f02}{7f04}{7f23}「夢の内容よりも{7f02}そのことが　不思議ですぞ。{0000},0x03CD
"",{7f04}{7f20}「子どもが消える事件の次は{7f02}おかしな夢か……あの村も{7f02}落ち着かぬ所ですな。{0000},0x0402
"",{7f04}{7f25}「あのおじいさんは{7f02}どうやら　導かれし者では{7f02}なかったみたいですね。{0000},0x0426
"",{7f04}{7f23}「フフン。{7f02}あれくらいで　息切れするようでは{7f02}話になりませんな。{0000},0x0443
"",{7f04}{7f22}「あのご老人　ずいぶん{7f02}息切れしていたようですが{7f02}大丈夫でしょうか？{0000},0x045F
"",{7f04}{7f20}「やはり　ご老人を{7f02}旅の仲間に向かえるのは{7f02}ちょっと　ムリでしたな。{0000},0x047F
"",{7f04}{7f26}「ちょっと　本気なの！？{7f02}あんなじいさん　連れてくなんて？{0000},0x049E
"",{7f04}{7f24}「私も　戦いは　苦手ですが{7f02}とはいえ　あの老人を{7f02}仲間にするのは　きびしいですよ。{0000},0x04B8
"",{7f04}{7f21}「戦うのが　苦手なんじゃ{7f02}わたしたちと　旅するのは{7f02}つらいんじゃないの？{7f0a}{7f02}{7f04}{7f21}「時には　冷たくするのも{7f02}優しさだと思うわよ。{0000},0x04DB
"",{7f04}{7f20}「あのご老人も{7f02}相変わらずですな。また{7f02}息を切らさねば　よいのですが……。{0000},0x0510
"",{7f04}{7f23}「あんな老人を　仲間にして{7f02}本当に　大丈夫ですかな？{7f0a}{7f02}{7f04}{7f23}「むっ！　何ですか　その目は？{7f02}わしも　同じようなものだとでも{7f02}言うつもりですか！？{0000},0x0531
"",{7f04}{7f2e}「バトランドの王さまは{7f02}いばっとらんど！{7f02}……フフフ　うまくできましたよ。{0000},0x056F
"",{7f04}{7f25}「バトランドの城下町は{7f02}平和そうですね。{7f0a}{7f02}{7f04}{7f25}「さすがに　魔物も{7f02}このような強い国には{7f02}手が　出せないのでしょう。{0000},0x0591
"",{7f04}{7f26}「大きな国だけど{7f02}エンドールなんかと　比べると{7f02}いなかっぽい感じよね。{0000},0x05C3
"",{7f04}{7f24}「なんでも　この国には{7f02}あまり　強い武器が{7f02}売ってないそうですな。{7f0a}{7f02}{7f04}{7f24}「ふ～む。{7f02}バトランドに　店を出せば{7f02}いい商売になりそうです。{0000},0x05E5
"",{7f04}{7f23}「バトランドの城下町は{7f02}なかなか　立派なものですな。{7f0a}{7f02}{7f04}{7f23}「……むむむっ。{7f02}なんの　わがサントハイムとて{7f02}サランという城下町が　ありますぞ。{0000},0x0620
"",{7f04}{7f22}「城下町が　このように{7f02}にぎわっているのは　国が{7f02}よく治まっている　あかしですね。{0000},0x065D
"",{7f04}{7f21}「バトランドは　戦士の国って{7f02}言われるくらいだから　きっと{7f02}王宮の戦士は　強いんでしょうね。{7f0a}{7f02}{7f04}{7f21}「いいな～。{7f02}サントハイムの兵士じゃ{7f02}練習相手に　なんないのよね。{0000},0x0680
"",{7f04}{7f20}「どうですかな　勇者どの。{7f02}わがバトランドは？{7f02}なかなか　よい国でしょう？{0000},0x06C9
