"",ぐうぐう……。{7f0b}{0000},0x0018
"",いや～　びっくりしました。{7f0a}{7f02}天空の　武器　防具を集めて{7f02}天空にのぼろうと{7f02}している人たちがいるとか。{7f0a}{7f02}しかし　天空の城など{7f02}ほんとに　あるのでしょうか……。{7f0b}{0000},0x001E
"",{7f04}{7f25}「わたしたちのことが{7f02}そのような　ウワサに{7f02}なっているなんて……。{7f0a}{7f02}{7f04}{7f25}「このことが　魔物にも{7f02}伝わっているとしたら{7f02}気をつけねばなりませんね。{0000},0x005B
"",{7f04}{7f26}「なんだか　ひょっとして{7f02}あたしたちって　とんでもない{7f02}おバカだと　思われてるのかしら？{0000},0x0094
"",{7f04}{7f22}「天空の城が　あるのは{7f02}まぎれもない事実です。{7f0a}{7f02}{7f04}{7f22}「とはいえ　やはり{7f02}自分の目で　見ないことには{7f02}信じられないのでしょうね。{0000},0x00B7
"",{7f04}{7f20}「それが　われらだと知れば{7f02}二度びっくりでしょうな。{0000},0x00E9
