"",すやすや……。{7f0b}{0000},0x0018
"",あなた　知ってましたか？{7f02}この前　武術大会に出ていた{7f02}デスピサロは人間でなかったとか。{7f0a}{7f02}ただの　うわさ話ですが{7f02}たしかに　普通の人間にしては{7f02}強すぎると思いましたよ。{7f0b}{0000},0x001E
"",むずかしそうな本の間に　一冊だけ{7f02}「めざせモテモテ男！　初級編」と{7f02}書かれた本がある……。{7f0b}{0000},0x005E
"",{7f04}{7f31}「わたしが　武術大会に出たのは{7f02}勇者である{7f1f}を{7f02}探す目的があったのだ。{0000},0x0084
"",{7f04}{7f21}「人間でなくたって{7f02}かまわないから　あたしは決勝で{7f02}デス{7f31}と　戦いたかったわ！{0000},0x00A1
"",{7f04}{7f26}「デス{7f31}が　武術大会に{7f02}出ていたなんて　知らなかったわ。{0000},0x00BF
