"",{7f04}ネネ「あなた！　あなたなのね！{7f02}お帰りなさい！{7f0a}{7f02}{7f04}ネネ「ううん　わたしは大丈夫よ。{7f02}あなたが　早く夢をかなえて{7f02}帰ってくる日を　待っているわ。{7f0b}{0000},0x0018
"",{7f04}ネネ「わたしの夫　{7f24}は{7f02}伝説の剣を探して　旅に出ています。{7f0a}{7f02}{7f04}ネネ「でも　うわさでは魔物たちに{7f02}ねらわれているらしくて……。{7f0a}{7f02}{7f04}ネネ「だれか　強い人と一緒に{7f02}旅をしていればいいのですが……。{7f0b}{0000},0x0051
"",{7f04}{7f24}「ネネの銀行も　順調みたいで{7f02}一安心しました。{7f0a}{7f02}{7f04}{7f24}「私が　るすの間に{7f02}つぶれていたりしたら{7f02}シャレになりませんからね。{0000},0x009D
"",{7f04}{7f23}「ええい　{7f24}のやつめ！{7f02}家に帰れば　奥さんと子どもが{7f02}むかえてもらえるじゃと！{7f0a}{7f02}{7f04}{7f23}「わしなんか　わしなんかっ。{0000},0x00D0
"",{7f04}{7f25}「{7f24}さんは　いったい{7f02}どんな　はなれ技を使って　ネネさんと{7f02}結婚まで　持ちこんだのでしょう？{0000},0x00FF
"",{7f04}{7f21}「わたしたちと　一緒にいれば{7f02}{7f24}は安全よ。奥さんが{7f02}悲しむようなことは　起きないわ。{0000},0x0125
"",{7f04}{7f20}「これはこれは……{7f02}{7f24}どのには　もったいない{7f02}とても美しい奥方ですな。{7f0a}{7f02}{7f04}{7f20}「おっと　今のは　いささか{7f02}{7f24}どのに　失礼でしたかな。{0000},0x0148
"",{7f04}{7f2d}「奥さんが　これだけ{7f02}美人なんですから　{7f24}さんも{7f02}さぞや　ハンサムなんでしょうね。{0000},0x017B
"",{7f04}{7f25}「もし　{7f24}さんを仲間に{7f02}くわえるつもりなら　急いだ方が{7f02}いいですわね。{0000},0x019E
"",{7f04}{7f26}「{7f24}を仲間にすると{7f02}魔物に　ねらわれるという{7f02}ありがたくない　オマケ付きか……。{7f0a}{7f02}{7f04}{7f26}「仲間にするかどうか　迷うわね。{0000},0x01BB
