"",{7f04}ポポロ「あっ　パパ！　おかえりなさーい！{7f02}うん。ボク　いい子にしてたよ。{7f0a}{7f02}{7f04}ポポロ「ボク　大きくなったら{7f02}パパみたいになって　お金をもうけて{7f02}パパやママに　楽させてあげるからね！{7f0b}{0000},0x0018
"",{7f04}ポポロ「パパが　旅に出ちゃって{7f02}売り物を仕入れられないから{7f02}ママは　銀行を始めたんだよ。{7f0b}{0000},0x0064
"",{7f04}ネネ「あなた！　あなたなのね！{7f02}お帰りなさい！{7f0a}{7f02}{7f04}ネネ「ううん　わたしは大丈夫よ。{7f02}あなたが　早く夢をかなえて{7f02}帰ってくる日を　待っているわ。{7f0b}{0000},0x008C
"",{7f04}ネネ「わたしの夫　{7f24}は{7f02}伝説の剣を探して　旅に出ています。{7f0a}{7f02}{7f04}ネネ「でも　うわさでは魔物たちに{7f02}ねらわれているらしくて……。{7f0a}{7f02}{7f04}ネネ「だれか　強い人と一緒に{7f02}旅をしていればいいのですが……。{7f0b}{0000},0x00C7
"",「だじゃれで　ハッピーライフ」と{7f02}書かれた本がある。{7f02}{7f4b}は　手にとって読んだ。{7f0a}{7f02}健康のひけつ　幸福のひけつ{7f02}夫婦円満　商売はんじょう{7f02}すべての源は　だじゃれにあり。{7f0a}{7f02}おはようのかわりに{7f02}おやすみのかわりに{7f02}ナイスなだじゃれで　明るい笑いを。{7f0a}{7f02}めざせ　町の人気者！{7f02}笑う角には　福きたる。{7f0b}{0000},0x0117
"",なんと　本の間に手紙がはさまっていた。{7f02}{7f4b}は　手紙を読んだ。{7f0a}{7f02}お父さん　お元気ですか？{7f02}そろそろ店をたたんで　私たちと{7f02}いっしょに　暮らしましょうよ。{7f0a}{7f02}もう　年なんだし{7f02}お父さんひとりでは　心配だわ。{7f02}　　　　　　　　あなたの愛する娘より{7f0b}{0000},0x0199
"",{7f04}{7f26}「親のために　お金を{7f02}かせぐと言ってくれる　子供かあ。{7f02}うらやましいなあ。{7f0a}{7f02}{7f04}{7f26}「あたしも　子どもが{7f02}欲しくなってきたわ。{0000},0x01FA
"",{7f04}{7f24}「旅に出ている間は{7f02}家族のことが　心配でしてね。{7f0a}{7f02}{7f04}{7f24}「ですから　家に帰ってきて{7f02}妻と息子の　顔を見ると{7f02}心底　ほっとするんですよ。{0000},0x022F
"",{7f04}{7f23}「こんな大きな　子供がいるとは{7f02}{7f24}も　いい年のようじゃな。{0000},0x0268
"",{7f04}{7f22}「かんたんに　銀行を始めるとは{7f02}{7f24}さんの奥さんも　かなりの{7f02}商才の持ち主ですね。{0000},0x0281
"",{7f04}{7f25}「将来　体型が{7f24}さんに{7f02}似てくるか　奥さんに似てくるかが{7f02}あの子の人生の　分かれ目ですね。{0000},0x02A4
"",{7f04}{7f24}「ネネの銀行も　順調みたいで{7f02}一安心しました。{7f0a}{7f02}{7f04}{7f24}「私が　るすの間に{7f02}つぶれていたりしたら{7f02}シャレになりませんからね。{0000},0x02CC
"",{7f04}{7f23}「ええい　{7f24}のやつめ！{7f02}家に帰れば　奥さんと子どもが{7f02}むかえてもらえるじゃと！{7f0a}{7f02}{7f04}{7f23}「わしなんか　わしなんかっ。{0000},0x0301
"",{7f04}{7f25}「{7f24}さんは　いったい{7f02}どんな　はなれ技を使って　ネネさんと{7f02}結婚まで　持ちこんだのでしょう？{0000},0x0332
"",{7f04}{7f21}「わたしたちと　一緒にいれば{7f02}{7f24}は安全よ。奥さんが{7f02}悲しむようなことは　起きないわ。{0000},0x0359
"",{7f04}{7f20}「これはこれは……{7f02}{7f24}どのには　もったいない{7f02}とても美しい奥方ですな。{7f0a}{7f02}{7f04}{7f20}「おっと　今のは　いささか{7f02}{7f24}どのに　失礼でしたかな。{0000},0x037E
"",{7f04}{7f2d}「奥さんが　これだけ{7f02}美人なんですから　{7f24}さんも{7f02}さぞや　ハンサムなんでしょうね。{0000},0x03B3
"",{7f04}{7f25}「もし　{7f24}さんを仲間に{7f02}くわえるつもりなら　急いだ方が{7f02}いいですわね。{0000},0x03D7
"",{7f04}{7f26}「{7f24}を仲間にすると{7f02}魔物に　ねらわれるという{7f02}ありがたくない　オマケ付きか……。{7f0a}{7f02}{7f04}{7f26}「仲間にするかどうか　迷うわね。{0000},0x03F5
