"",売りに出されていた{7f02}黄金の腕輪というのが{7f02}魔物たちに　うばわれたとか……。{7f0a}{7f02}でも　あんなものを盗んで{7f02}どうするんでしょうねえ……。{7f0b}{0000},0x0018
"",ここは　色々めずらしい物を{7f02}売っていると聞いたのだが……。{7f0b}{0000},0x004B
"",ちょっとちょっと。{7f02}中に入ってこられちゃ　迷惑だよ。{7f02}とっとと　出ていってくれ！{7f0b}{0000},0x0062
"",「お金をためる１００のコツ」と{7f02}書かれた本がある。{7f02}{7f4b}は　手にとって読んだ。{7f0a}{7f02}道を歩くときは　うつむいて歩け。{7f02}お金が落ちていたら　ポケットへ。{7f02}落とし物は　お店に売ろう。{7f0a}{7f02}絶対に　人にお金を貸すな。{7f02}貸した金は　まず返ってこない。{7f02}それくらいなら　逆に借りよう。{7f0a}{7f02}買い物は　なるべく　ねぎろう。{7f02}店主が泣いても　怒っても{7f02}値段の半額まで　あきらめるな。{7f0b}{0000},0x0082
"",{7f04}{7f21}「黄金の腕輪と　ひきかえに{7f02}助けてあげた　わたしのニセ者は{7f02}今　どこで　どうしてるかしら？{0000},0x0114
"",{7f04}{7f22}「聞きましたか！？{7f02}あの黄金の腕輪が　流れ流れて{7f02}こんな店に　売りに出されていたとは！{0000},0x013A
