"",武術大会の後　しばらくは{7f02}怪物も　出なかったのに{7f02}また　出るようになったのよ。{7f0a}{7f02}なにが　どうなってんだか……。{7f02}ぶっそうな世の中だねえ。{7f0b}{0000},0x0018
"",だいじょうぶ。{7f02}まだ　酔っちゃいねえよ。{7f02}うい～。{7f0b}{0000},0x0052
"",かあ～　見回りも　楽じゃねえぜ。{7f02}早く　酒場にでもいって{7f02}いっぱい　やりたいなあ。{7f0b}{0000},0x0068
"",エンドールの城下町に　ようこそ。{7f0b}{0000},0x008E
"",{7f04}{7f25}「さあ　まいりましょう。{7f02}姉の{7f26}は　今日もこりずに{7f02}カジノで　スッてるはずです。{7f0b}{0000},0x009F
"",{7f04}{7f25}「では　占ってさしあげましょう。{7f0a}{7f02}{7f04}{7f25}「あなたのまわりには{7f02}７つの光が見えます。{7f0a}{7f02}{7f04}{7f25}「まだ　小さな光ですが{7f02}やがて導かれ　大きな光となり……。{7f02}えっ！？{7f0a}{7f02}{7f04}{7f25}「も　もしや{7f02}あなたは　勇者さま！{7f0a}{7f02}{7f04}{7f25}「あなたを探していました。{7f02}邪悪なる者を　倒せるチカラを{7f02}秘めたあなたを。{7f0a}{7f02}{7f04}{7f25}「私と　姉の{7f26}は{7f02}あなたとともに　暗黒のチカラに{7f02}対抗すべく　運命付けられた者。{7f0a}{7f02}{7f04}{7f25}「この世界には　私たち姉妹と{7f02}同じ運命を背負った者がいます。{7f0a}{7f02}{7f04}{7f25}「まだ見ぬ彼らと　チカラを合わせ{7f02}地獄の帝王の復活を　阻止するのです。{7f02}勇者さま　私たちを導いてください。{7f0a}{0000},0x00C3
"",{7f04}{7f25}「占いは　闇夜を照らす{7f02}月の明かり……。気が変わったら{7f02}また　来てくださいね。{7f0b}{0000},0x01B3
"",{7f04}{7f25}「占いは　いかがですか？{7f02}{7f15}ゴールドで　あなたの未来を{7f02}見てさしあげましょう。{0000},0x01D9
"",{7f25}さんの　占いのおかげで{7f02}どう生きればいいのか　わかったよ。{7f0a}{7f02}人は　それぞれ　いろんな{7f02}使命を持って　この世に{7f02}生まれてくるんだなあ。{7f0b}{0000},0x01FC
"",いや～　まったく！{7f02}この人の占いは　よく当たる。{7f0a}{7f02}あなたも　占ってもらうといい。{7f0b}{0000},0x0235
"",ずいぶん前　黒い雲が　東の空に{7f02}すごい速さで　流れていったんです。{7f0a}{7f02}そして　しばらくして{7f02}世界を救うはずの勇者さまが{7f02}死んだという　うわさを聞きました。{7f0b}{0000},0x0256
"",この門を　くぐった先に{7f02}エンドールのお城がある。{7f0a}{7f02}姫さまの結婚式を見たいなら{7f02}コロシアムへ　行くがいい。{7f0b}{0000},0x0299
"",お城では今　リック王子とモニカ姫の{7f02}結婚式をやってるのよ。{7f0b}{0000},0x02CA
"",ご成婚　おめでとう！{7f02}リック王子　モニカ姫{7f0b}{0000},0x02E6
"",武術大会　終わる！{7f02}優勝者　{7f21}姫！{7f0b}{0000},0x02FC
"",武術大会　終了！{7f02}優勝は　{7f21}姫{7f02}おめでとう！！{7f0b}{0000},0x030E
"",武術大会　開催中！{7f0b}{0000},0x0324
"",{7f04}{7f2e}「エンドールで　武器を買う{7f02}エンド　売る！{7f0a}{7f02}{7f04}{7f2e}「エンド売る　エンドール……{7f02}どうです？　この分かりやすさ。{7f02}これが　私の人気の秘密です！{0000},0x0330
"",{7f04}{7f23}「べろべろに酔いおって！{7f02}じつに　けしからん。最近の若いもんは{7f02}酒の飲み方も　わからんのかっ。{0000},0x0371
"",{7f04}{7f20}「あれだけ　酔っぱらうと{7f02}次の日が　たいへんそうですな。{0000},0x039D
"",{7f04}{7f25}「いつ　吐き出すか{7f02}わかりませんから　酔っぱらいには{7f02}近づかない方が　いいですよ。{0000},0x03B7
"",{7f04}{7f26}「よし　相手は酔ってる。{7f02}サイフを盗むなら　今よ！{7f0a}{7f02}{7f04}{7f26}「イヤだなあ　冗談だってば。{7f02}そんな目で　見つめないでよ。{0000},0x03DB
"",{7f04}{7f21}「夜は寝るまえに　腕立てと{7f02}腹筋をするのが　わたしの日課なの。{7f0a}{7f02}{7f04}{7f21}「旅に出てからだって　なるべく{7f02}欠かさないようにしてるのよ！{0000},0x0411
"",{7f04}{7f23}「そろそろ　眠くなってきました。{7f02}今夜の宿を　決めましょうぞ。{0000},0x0449
"",{7f04}{7f22}「エンドールほどの　都会でも{7f02}さすがに　夜は静かですね。{0000},0x0467
"",{7f04}{7f25}「エンドールには　あまり{7f02}いい思い出がないんです。{7f0a}{7f02}{7f04}{7f25}「わたしが　占いでかせいだ{7f02}お金も　姉さんがカジノで{7f02}一夜のうちに　スッてしまうんです。{0000},0x0482
"",{7f04}{7f24}「どうでしょう？{7f02}もう夜も　おそいですし　私の家に{7f02}よっていきませんか？{0000},0x04BF
"",{7f04}{7f25}「姉は　カジノへ行けば{7f02}すぐに見つかると思いますよ。{0000},0x04DF
"",{7f04}{7f25}「そうですか　勇者さまは{7f02}わたしに会う前に　いち度{7f02}カジノへ行ったんですね。{0000},0x04F8
"",{7f04}{7f25}「勇者さま　ひょっとして{7f02}わたしの姉に　もう会いましたか？{0000},0x051A
"",{7f04}{7f20}「以前　私が　この立て札を{7f02}読んだとき　{7f21}姫が武術大会で{7f02}優勝したと　書かれてましたぞ。{0000},0x0533
"",{7f04}{7f24}「私が旅立ったのは{7f02}結婚式が始まる　直前でしたからね。{7f02}ぜひ　初日に見たかったものです。{0000},0x055C
"",{7f04}{7f26}「立て札に　書かれている内容も{7f02}もう長いこと　変わってないわね。{7f0a}{7f02}{7f04}{7f26}「結婚式が　続いてるんだから{7f02}当たり前なんだけどさ。{0000},0x0585
"",{7f04}{7f25}「こんなに早く　勇者さまに{7f02}出会えるとは　思いませんでした。{7f0a}{7f02}{7f04}{7f25}「認めたくありませんが{7f02}カジノのある町から　はなれたがらない{7f02}姉のおかげかも　しれません。{0000},0x05BC
"",{7f04}{7f25}「姉さんなら　きっと　まだ{7f02}カジノで遊んでるんじゃないかしら。{0000},0x05FE
"",{7f04}{7f22}「{7f25}さんの占いって{7f02}よく当たるんですね。私も　ある高貴な{7f02}女性との相性を　占ってもらおうかな。{0000},0x0619
"",{7f04}{7f25}「姉さん！　人聞きの悪いこと{7f02}言わないでちょうだい！{0000},0x0643
"",{7f04}{7f26}「あの兵士　{7f25}の占いの{7f02}カモにされていた　人じゃないの。{7f02}おかげで　がっぽり　もうかったよね。{0000},0x065B
"",{7f04}{7f25}「占いというのは　相手が{7f02}言ってほしい事を　言ってあげる{7f02}人生相談みたいな面も　あるんですよ。{7f0a}{7f02}{7f04}{7f25}「多少　事実と　ちがっていても{7f02}お客さんが　前向きになるなら{7f02}ウソも方便というわけです。{0000},0x0684
"",{7f04}{7f24}「勇者という存在を{7f02}知っていても　{7f1f}さんが{7f02}勇者だとは　誰も知らないようですな。{0000},0x06D8
"",{7f04}{7f25}「お気の毒ですわ。{7f02}ここでも　{7f1f}さんは{7f02}死んだことに　されてるのですね。{0000},0x06FC
"",{7f04}{7f20}「勇者どのが　死んだという{7f02}うわさが広まれば　魔物どもは{7f02}油断するかもしれませんな。{0000},0x071B
"",{7f04}{7f21}「コロシアムが　結婚式場に！{7f02}ああ　なんか複雑な気分だわ。{0000},0x0742
"",{7f04}{7f25}「ここの結婚式は　以前{7f02}姉さんと　ふたりで見にいきました。{0000},0x0760
"",{7f04}{7f23}「{7f21}姫の結婚式の{7f02}参考になるかもしれん。{7f02}ささ　結婚式を見にいきましょう。{0000},0x077A
"",{7f04}{7f20}「武術大会は見逃したから{7f02}結婚式だけは　なんとしても{7f02}この目で　見ておきたいです。{0000},0x079A
"",{7f04}{7f22}「王子は姫と　姫は王子としか{7f02}結婚できないのでしょうか。{7f0a}{7f02}{7f04}{7f22}「しょせん　私のような{7f02}身分の低いものに　王族との結婚は{7f02}かなわぬのでしょうか……。{0000},0x07BF
"",{7f04}{7f23}「{7f21}姫の結婚式の{7f02}参考になるかもしれんのう……。{7f02}ささ　結婚式を見にいきましょう。{0000},0x07FE
"",{7f04}{7f26}「ここの結婚式って{7f02}あたしが　{7f1f}と会う前から{7f02}ずっと　やってるよね。{7f0a}{7f02}{7f04}{7f26}「いつ終わるのかしら？{0000},0x0821
"",{7f04}{7f2d}「さすがは　エンドール！{7f02}ブランカとちがって　都会ですね。{7f02}なんか　心がウキウキしてきます。{0000},0x084B
"",{7f04}{7f23}「ボンモールの王子と{7f02}エンドールの姫が　結婚とな！{7f0a}{7f02}{7f04}{7f23}「{7f21}姫の相手を{7f02}はやく決めんと　年ごろの王子が{7f02}いなくなってしまいますな。{0000},0x0876
"",{7f04}{7f20}「私が　この国に来たときは{7f02}武術大会は終わっていて　カジノも{7f02}休みで　少々　たいくつでした。{0000},0x08B1
"",{7f04}{7f21}「結婚式なんか　さっさと{7f02}終わらせて　毎日　武術大会を{7f02}ひらけばいいのよ。{0000},0x08DB
"",{7f04}{7f24}「リック王子とモニカ姫の{7f02}仲をとりもったのは{7f02}じつは　この私なんですよ。{0000},0x08FC
"",{7f04}{7f25}「エンドールには　あまり{7f02}いい思い出がないんです。{7f0a}{7f02}{7f04}{7f25}「わたしが　占いでかせいだ{7f02}お金も　姉さんがカジノで{7f02}一夜のうちに　スッてしまうんです。{0000},0x091D
"",{7f04}{7f26}「そういえば　お城で{7f02}毎日　結婚式を見せるようになって{7f02}だいぶたつわね。{7f0a}{7f02}{7f04}{7f26}「一体　いつ終わるのかしら？{0000},0x095A
"",{7f04}{7f25}「行き先は　勇者さまが{7f02}決めてください。わたしたち姉妹は{7f02}どこまでも　ついていきますわ。{0000},0x098A
"",{7f04}{7f25}「姉さん！{7f02}つまらないことで　旅の行き先を{7f02}決めないでちょうだい！{0000},0x09B0
"",{7f04}{7f26}「それじゃ　出発しましょうか。{7f02}まずは　東の方に行ってみるのは{7f02}どうかしら？{7f0a}{7f02}{7f04}{7f26}「なんでも　東のトンネルを{7f02}通過すると　プレゼントを{7f02}もらえることが　あるとか……。{0000},0x09CE
