"",スロットマシーンがあります。{7f02}やってみますか？{0000},0x0018
"",なーに　ツキはそのうち{7f02}やって来るさ。{7f02}ここは耐えて　がんばれよ！{7f0b}{0000},0x002C
"",よーし　それなら強気でいくんだ。{7f02}勝ってるは　強気だぜ！{7f0b}{0000},0x0048
"",どうだ？　もうかってるか？{0000},0x0062
"",おお！　今日の稼ぎが{7f02}ぜんぶパーです。とほほ……。{7f0b}{0000},0x006D
"",いくら　勝ったところで{7f02}コインは　お金には戻らない。{7f0a}{7f02}ムリをせず{7f02}余ったお金で　楽しむのが{7f02}利口な　やり方だろう。{7f0b}{0000},0x0084
"",コインが　たまったら{7f02}右の交換所で{7f02}品物に　替えることができます。{7f0b}{0000},0x00B7
"",今日は　どうも　ついてないわねえ。{7f0b}{0000},0x00D4
"",やったー！{7f02}ダブルアップで　８枚が１６枚！{7f02}もう　やみつきだぜ！{7f0b}{0000},0x00E3
"",ようこそ　カジノへ。{7f0a}{7f02}ここでは　コインしか使えません。{7f02}そちらの　キャッシャーで{7f02}コインを　買ってくださいね。{7f0b}{0000},0x0102
"",{7f04}{7f26}「さあ　行きましょう！{7f0b}{0000},0x0132
"",{7f04}{7f26}「わお！　ちょうどいいじゃん。{7f02}よーし　これから先は勇者さまに{7f02}養ってもらうことにしましょ。{7f0a}{0000},0x013E
"",{7f04}{7f25}「私たちが探していた　勇者さまよ。{7f0a}{0000},0x0166
"",{7f04}{7f26}「ん？{7f02}この　ひつぎに入っているお方は？{7f0a}{0000},0x0177
"",{7f04}{7f26}「ん？　こちらの方は？{7f0a}{0000},0x018A
"",{7f04}{7f26}「えーん　ごめんなさい。{7f0a}{0000},0x0196
"",{7f04}{7f25}「んもう！　私が占いで{7f02}かせいでも　全部カジノにつぎこんで。{7f02}私たち　もう一文無しよ。{7f0a}{0000},0x01A3
"",{7f04}{7f26}「ギク……。{7f0a}{0000},0x01C9
"",{7f04}{7f25}「……姉さん{7f02}やっぱり　ここだったのね。{7f0a}{0000},0x01D1
"",{7f04}{7f26}「なに？　じゃましないでよ！{7f0a}{0000},0x01E4
"",{7f04}{7f26}「話しかけないで！{7f02}気が散るでしょ！{7f0a}{7f02}{7f04}{7f26}「ここで負けた分を{7f02}取り戻して　妹の{7f25}を{7f02}びっくりさせてやるんだから！{7f0b}{0000},0x01F2
"",{7f04}{7f24}「カジノで　もうけても{7f02}コインが増えるだけです。{7f02}私に言わせれば　金のムダ使いですよ。{0000},0x0225
"",{7f04}{7f23}「今すぐ　引き返しますぞ！{7f02}姫さまを　このような場所に{7f02}お連れしてはなりません！{0000},0x024B
"",{7f04}{7f26}「聞き捨てならないわね。{7f02}誰が中毒ですって　誰が！{0000},0x0270
"",{7f04}{7f20}「{7f26}どののように{7f02}中毒にならなければ　カジノで{7f02}楽しむのも　悪くあるまい。{0000},0x0287
"",{7f04}{7f26}「やっぱ　カジノはいいわ。{7f02}将来　住むとしたら　断然{7f02}カジノのある町ね。{0000},0x02A8
"",{7f04}{7f25}「姉が好きなのは　スロットです。{7f02}ですから　スロット台の近くを探せば{7f02}すぐに見つかるでしょう。{0000},0x02C8
"",{7f04}{7f25}「まったく　姉さんったら！{7f02}勇者さまとの　初顔合わせなのに{7f02}カジノで遊んでるなんて！{0000},0x02F3
"",{7f04}{7f26}「よろしくね　勇者さま。{7f02}あたしのことは　{7f26}って{7f02}呼び捨てにしてくれて　いいわよ。{7f0a}{7f02}{7f04}{7f26}「そのかわり　あたしも{7f02}あなたのこと　{7f1f}って{7f02}呼ばせてもらうからね。{0000},0x0317
