"",たとえ　世界が滅びようとも{7f02}ふたりの愛を　いつまでもか……。{7f02}泣かせるよなあ。{7f0b}{0000},0x0018
"",さすが　お姫さまと王子さまの{7f02}結婚式は　豪華だったねえ。{7f0a}{7f02}あたしも　あんな結婚式を{7f02}あげたかったよ。{7f0b}{0000},0x0039
"",地下にある　カジノには{7f02}行きましたか？{7f0a}{7f02}いや～　今日は{7f02}もうけちゃいましたよ。{7f02}わっはっはっ。{7f0b}{0000},0x0063
"",エンドールの姫と{7f02}ボンモールの王子が結婚したことは{7f02}とても　いいことです。{7f0a}{7f02}こんな代ですから{7f02}せめて　人同士の争いは{7f02}さけなければ……。{7f0b}{0000},0x008A
"",{7f04}{7f22}「次に生まれ変わるときは{7f02}王子さまに　生まれ変わりたい。{7f0a}{7f02}{7f04}{7f22}「できるなら　今すぐにでも{7f02}王子さまになりたいです。{7f02}そうすれば……はぁーっ。{0000},0x00C6
"",{7f04}{7f21}「盛大な結婚式よりも　わたし{7f02}盛大な武術大会を　開いてほしいわ！{0000},0x00FF
"",{7f04}{7f26}「結婚式をあげたいけど{7f02}その前に　相手を探さなきゃね。{7f02}誰か　金持ちそうなのは　いないかな？{0000},0x011C
"",{7f04}{7f23}「{7f21}姫が　結婚するときは{7f02}エンドールのそれに　負けないくらい{7f02}盛大な式にしますぞ。{0000},0x0144
"",{7f04}{7f25}「ダメよ！　姉さんに{7f02}カジノの話なんか　聞かせないで。{7f02}また　文無しになってしまうわ。{0000},0x0167
"",{7f04}{7f23}「姫さまを　連れたまま{7f02}カジノに入るわけには　いきませんぞ。{7f02}カジノは　不良化の第一歩ですからな。{0000},0x018C
"",{7f04}{7f26}「さあ　カジノに行くわよ！{7f02}今日なら　前回　負けたぶんを{7f02}取り戻せそうな気がするわ。{0000},0x01B5
"",{7f04}{7f20}「以前ひとりで　この国に{7f02}来たときは　カジノが休みだったから{7f02}少し　遊んでみたいですな。{0000},0x01DB
