"",{7f04}ベホマン「ベホマ～ン　ベホマ～ン。{7f0b}{0000},0x0018
"",ありがたや　ありがたや。{7f02}魔物にやられて　大ケガしたんですが{7f02}この方の術で　救われたんです！{7f0b}{0000},0x0028
"",少々　奇怪な格好をしておるが{7f02}金を取らずに　人の命を救うとは{7f02}見上げたおかたじゃて。{7f0a}{7f02}いずれ　大物になるじゃろう！{7f0b}{0000},0x004E
"",神父さまったら　こんな夜更けに{7f02}どこに行ったのかしら……。{7f0a}{7f02}神父さまが　いないもんだから{7f02}わけのわからない方が　教会に{7f02}居座ってるし……困ったわ。{7f0b}{0000},0x007F
"",神さまは　天空の城に住んでいて{7f02}きっと　いつも　わたくしたちを{7f02}見守っているのですわ。{7f0b}{0000},0x00BC
"",慈愛の笑みをうかべた　女神像だ。{7f0b}{0000},0x00DF
"",{7f04}{7f2f}「かわいいですねー。{7f02}世の中には　いい魔物さんも{7f02}いるんですねえ。{0000},0x00EF
"",{7f04}{7f26}「話しかけてはダメよ！{7f02}へたに　かまうと　ベホマン教に{7f02}入信させられるわよ！{0000},0x010B
"",{7f04}{7f23}「あやしいヤツじゃのう。{7f02}外見は　まるで魔物のようですな。{7f02}というか　魔物そのものですぞ！{0000},0x012C
"",{7f04}{7f20}「悪さをしているわけでは{7f02}ないようだし　今すぐ　あの魔物を{7f02}退治しなくとも　よいでしょう。{0000},0x0152
"",{7f04}{7f25}「あの人のケガが　治るところを{7f02}じかに見たわけじゃないから{7f02}ホントかどうか　信用できませんね。{0000},0x0177
"",{7f04}{7f26}「この人は　絶対さくらよ！{7f02}奇跡をみせて　ベホマン教の信者を{7f02}集めようとしているんだわ。{0000},0x019F
"",{7f04}{7f22}「お金を取らないで{7f02}ケガを　治してあげるなんて{7f02}やさしい人なんですね。{7f0a}{7f02}{7f04}{7f22}「いや　人というには　少々{7f02}おかしな格好をしていますが……。{0000},0x01C6
