"",うわーん　やっぱり滅んじゃうんだ！{7f02}うっうっ。ひっく……。{7f0b}{0000},0x0018
"",あんた　いい人だなあ。{7f02}うっうっ。ひっく……。{7f0b}{0000},0x002F
"",ねえ　教えてください！{7f02}世界は滅んだりしませんよね！？{7f0a}{7f02}ウソでもいいから{7f02}はいって　言ってくださいよ！{0000},0x0042
"",いくら　神に祈ったところで{7f02}地獄の帝王とやらが{7f02}世界を滅ぼしてしまうのだ……。{7f0a}{7f02}これが　飲まずにいられるか！{7f02}ひっく……。{7f0b}{0000},0x006B
"",どうも　最近のお客さんは{7f02}陰気なのよねえ。{7f0b}{0000},0x009D
"",いらっしゃい！{7f02}でも　酒場は夜からなの。{7f02}ごめんね。{7f0b}{0000},0x00B1
"",{7f04}{7f23}「はよう　泣きやまんか！{7f02}ええ若いもんが　人前で{7f02}ぴーぴー　泣きおってからに。{0000},0x00C6
"",{7f04}{7f26}「だいのおとなが　うわーん{7f02}とか言って　泣いてんじゃないわよ。{7f02}ホント　みっともないわねえ。{0000},0x00E8
"",{7f04}{7f24}「まじめに答えたわけでは{7f02}ないのに　ここまで大泣きされるとは{7f02}正直いって　まいりましたなぁ。{0000},0x010D
"",{7f04}{7f20}「どんなことがあっても{7f02}われわれが　世界の平和を{7f02}守ってみせましょうぞ！{0000},0x0134
"",{7f04}{7f26}「こんな　気休めの言葉で{7f02}涙を流されてもねえ　こまっちゃうわ。{0000},0x0154
"",{7f04}{7f21}「わたしたちが　いるかぎり{7f02}世界は　滅んだりしないわ！{0000},0x0170
"",{7f04}{7f24}「はやく地獄の帝王を{7f02}何とかせねば　世界中で酔っぱらいが{7f02}増えるかもしれませんな。{0000},0x0187
"",{7f04}{7f25}「お酒に逃げたって{7f02}地獄の帝王は　消えはしないのに{7f02}ムダだと思わないのでしょうか？{0000},0x01AB
"",{7f04}{7f23}「地獄の帝王の恐怖を{7f02}忘れるために　酒におぼれるとは{7f02}じつに　なげかわしい！{0000},0x01CE
"",{7f04}{7f20}「この調子では　地獄の帝王の{7f02}うわさが　世界中に広がるのも{7f02}時間の問題ですな。{0000},0x01F0
"",{7f04}{7f20}「今いても　時間のムダです。{7f02}夜になったら　また来ましょう。{0000},0x0212
"",{7f04}{7f25}「ああ　よかった　よかった。{7f0a}{7f02}{7f04}{7f25}「昼間から　酒場があいてたら{7f02}姉さんは　ここから{7f02}動こうとしなかっただろうから。{0000},0x022D
"",{7f04}{7f26}「もうっ！　ついてないわね。{7f02}せっかく　来てやったってのに{7f02}夜からだなんて　そんなのあり？{0000},0x025B
