"",天空の城っていうぐらいだから{7f02}雲の上に　お城があるんでしょ？{7f02}そんなこと　ありえるのかしら……。{7f0b}{0000},0x0018
"",ぐごー　ぐごー。{7f0b}{0000},0x003F
"",王さまの　おふれのせいで{7f02}モンバーバラなみに　お笑い芸人が{7f02}集まってくる街になりそうですな。{7f0b}{0000},0x0048
"",たいくつだわ。{7f02}歌ばっか　歌ってんだもん。{7f0b}{0000},0x006F
"",ちょっと　ちょっと{7f02}人のデートのじゃまを{7f02}しないでくださいよ。{7f0b}{0000},0x0081
"",ラララ{7f02}水面に映る　キミの顔ー！{7f0a}{0000},0x009B
"",ここ　スタンシアラには古くから{7f02}天空の城にまつわる{7f02}言い伝えがあってな……。{7f0a}{7f02}くわしい内容は　お城の学者にでも{7f02}聞いてくれ。わしゃ　言い伝えなぞ{7f02}とっくの昔に　忘れてしもうたわい。{7f0b}{0000},0x00AC
"",話しかけないでくれ。{7f02}オレっちは夜型なんでい。{7f0b}{0000},0x00FA
"",余を心より　笑わせたる者には{7f02}最高のほうびをとらせる！{7f02}って　これが王さまの　おふれだけど。{7f0a}{7f02}あんたらに　王さまを{7f02}笑わせることができるかな。{7f0b}{0000},0x010E
"",あんたら　王さまのおふれに{7f02}挑戦するつもりで{7f02}やってきたんだろ！？{7f0a}{7f02}イカダがないと　ここのお城には{7f02}入れねえぜ。がんばってこいよ！{7f0b}{0000},0x014B
"",ようこそ{7f02}水の都　スタンシアラに。{7f0b}{0000},0x0183
"",武器屋でい！{7f02}日が沈んでから営業開始。{7f02}年中無休でがんばるぜ。{7f0b}{0000},0x0193
"",{7f04}{7f24}「雲の上に　城があるってことは{7f02}雲の上で　生活している人が{7f02}いるってことですかねえ。{0000},0x01B4
"",{7f04}{7f23}「雲の上に　城をたてる！？{7f02}そんな芸当ができる者は{7f02}神さま以外におりませんぞ。{0000},0x01D7
"",{7f04}{7f22}「雲の上に　家をたてたり{7f02}立って歩いたりなんて{7f02}できっこないですよ！{0000},0x01FB
"",{7f04}{7f26}「雲の上に　お城があるなんて{7f02}あたしは信じられないな。{7f02}絶対　迷信に決まってるわ。{0000},0x0219
"",{7f04}{7f20}「昔　バトランド王から{7f02}天空の城にまつわる話を　聞いたが{7f02}すっかり　忘れてしまったよ。{7f0a}{7f02}{7f04}{7f20}「あのときは　自分には一生{7f02}縁のない話だと　まじめに{7f02}聞いていなかったのだ。{0000},0x023D
"",{7f04}{7f23}「人間　年をとると{7f02}忘れっぽくなるというが{7f02}その点　わしは大丈夫ですぞ。{7f0a}{7f02}{7f04}{7f23}「朝飯に　何を食べたか{7f02}ちゃんと　おぼえております。{0000},0x0285
"",{7f04}{7f22}「歌と踊りは　モンバーバラ。{7f02}お笑いは　スタンシアラ　というように{7f02}住みわけると　いいかもしれませんね。{0000},0x02C1
"",{7f04}{7f24}「このまま　芸人が増えれば{7f02}スタンシアラにも　劇場が{7f02}建ったりするんでしょうかねえ。{0000},0x02EE
"",{7f04}{7f26}「あの人は　まちがってるわ！{7f02}モンバーバラは　芸人の町でなく{7f02}歌と踊りの町なんだから！{0000},0x0315
"",{7f04}{7f22}「ふむふむ　デートのときは{7f02}女の人に　歌をうたってあげると{7f02}よろこばれるのか。{0000},0x033A
"",{7f04}{7f23}「わしの若かりしころ{7f02}おなごと会うときは　かならず{7f02}人目をしのんだものですぞ。{7f0a}{7f02}{7f04}{7f23}「それなのに　今の若いもんは{7f02}昼間っから　いちゃいちゃしおって！{7f02}じつに　けしからんわい。{0000},0x035D
"",{7f04}{7f26}「デートの最中に　いきなり{7f02}歌いだすような人は　ちょっと{7f02}えんりょしたいわね。{0000},0x03A6
"",{7f04}{7f21}「デートのときって{7f02}歌をうたうものなの？{7f02}わたし　聞いたことないわ。{0000},0x03C7
"",{7f04}{7f23}「いい若いもんが　昼間っから{7f02}働きもせず　ねっころがってるとは{7f02}まったく　世も末ですな！{0000},0x03E4
"",{7f04}{7f26}「昼に店を　開けばいいのに{7f02}なんで　わざわざ夜に開店なの？{0000},0x040A
"",{7f04}{7f24}「昼は店を閉じて　夜から{7f02}店を開くか……新しい商売の{7f02}しかたですなあ。{0000},0x0425
"",{7f04}{7f24}「ひとつ分かったのは{7f02}私たちが　いくら　がんばっても{7f02}王さまは笑わないってことです。{0000},0x0446
"",{7f04}{7f22}「人を笑わせるのって{7f02}意外と　むずかしいですね。{7f02}さて　これから　どうしたものか……。{0000},0x0469
"",{7f04}{7f20}「くやしいが　われわれでは{7f02}王さまを　笑わせられません。{7f0a}{7f02}{7f04}{7f20}「かくなる上は　お笑いの達人の{7f02}手でも　かりるしかありませんな。{7f02}そのような者が　いればの話ですが。{0000},0x048E
"",{7f04}{7f2e}「みんな　イカダに乗ってますね。{7f02}イカダの乗り心地は　いかだ？{7f0a}{7f02}{7f04}{7f2e}「これなら　ここの王さまも{7f02}大笑いすること　まちがいなしです。{0000},0x04D0
"",{7f04}{7f26}「みんな　器用だよね。{7f02}でも　たまには　イカダから水の中に{7f02}落ちる人だっているかもね。{0000},0x0507
"",{7f04}{7f25}「なんか　めんどうそうですね。{7f02}いちいち　イカダに乗らなきゃ{7f02}移動できないなんて……。{0000},0x052C
"",{7f04}{7f24}「めずらしいですね。{7f02}ここの人は　イカダに乗って{7f02}移動してますよ。{0000},0x0551
"",{7f04}{7f23}「イカダには　できれば{7f02}乗りたくありませんな。{7f0a}{7f02}{7f04}{7f23}「もし　イカダから落ちたら{7f02}わしは　およげないから{7f02}おぼれてしまうかもしれんのです。{0000},0x056E
"",{7f04}{7f21}「イカダに　乗るくらいなら{7f02}およいで移動した方が　はやいわ。{7f02}わたしなら　絶対そうするけどな。{0000},0x05A7
"",{7f04}{7f20}「ここが　水の都と名高い{7f02}スタンシアラの城下町か。{0000},0x05D0
