"",うーん。{7f02}いいネタはないものか……。{7f0a}{7f02}まったく　こんなご世なのに{7f02}心の底から　大笑いしたいなどと{7f02}わけがわからぬ　王さまだわい。{7f0b}{0000},0x0018
"",ぐうぐう……。{7f0b}{0000},0x004A
"",わたしは　天空のかぶとを探して{7f02}ここまで来たのだ。{7f0a}{7f02}うわさでは　ここの王さまが{7f02}持っているらしいのだが……。{7f0b}{0000},0x0050
"",{7f04}{7f22}「天空のかぶとは　選ばれた{7f02}者にしか　装備できない……{7f02}そんな感じがしますね。{0000},0x0079
"",{7f04}{7f24}「聞きましたか　{7f1f}さん。{7f02}天空のかぶとは　私が探している{7f02}天空の剣と　同じ種類のものですよ。{7f0a}{7f02}{7f04}{7f24}「こりゃ　なにがなんでも{7f02}手に入れておきたいですな。{0000},0x0098
"",{7f04}{7f26}「天空のかぶと　かぁ。{7f02}立派そうな名前じゃないの。{0000},0x00D4
