"",ウチのお兄ちゃん　前に{7f02}ひどい目にあったのに{7f02}ちっとも　こりてないみたいなの。{7f0a}{7f02}きっと　また　ププルと{7f02}外に　遊びに行く気なんだわ。{7f0a}{7f02}……たまには　あたしとも{7f02}遊んでくれないかな。{7f0b}{0000},0x0018
"",{7f04}{7f22}「…そ　そういう意味でしたか。{0000},0x005D
"",{7f04}{7f21}「……そうすれば　王位なんて{7f02}あたしが　継がなくてもすんで{7f02}もっと　気楽なのに。{0000},0x006A
"",{7f04}{7f22}「姫さま。さびしいは{7f02}およばずながら　この{7f22}を{7f02}兄と思ってくだされば……。{0000},0x008A
"",{7f04}{7f21}「兄妹って　いいわね。{7f02}わたし　ひとりっ子だから{7f02}お兄ちゃんが　ほしかったな。{0000},0x00AA
"",{7f04}{7f20}「男の子は　ちょっと{7f02}元気すぎるくらいで{7f02}ちょうどいいと思いますぞ。{7f0a}{7f02}{7f04}{7f20}「私も　子供のころは{7f02}相当な悪ガキでしたが　今は{7f02}この通り　立派な戦士ですからな。{0000},0x00CA
