"",今度は　どこの洞くつを{7f02}探検しようかなあ……。{7f0a}{7f02}ププルと　相談しなくちゃ！{7f0b}{0000},0x0018
"",ぐうぐう……。{7f0b}{0000},0x0036
"",この家の　家計簿がある。{7f02}中を見ると　まずしい暮らしぶりが{7f02}伝わってくるようだ。{7f0b}{0000},0x003D
"",{7f04}{7f24}「うちの息子も{7f02}ああいう　危険な遊びを{7f02}してるんでしょうか？{7f0a}{7f02}{7f04}{7f24}「ちょっと　心配です。{0000},0x005E
"",{7f04}{7f22}「いくら　男の子といっても{7f02}今　町の外は{7f02}魔物であふれる　危険な世界。{7f0a}{7f02}{7f04}{7f22}「子どもだけで{7f02}外へ　出たりしないように{7f02}注意するべきではないでしょうか？{0000},0x0082
"",{7f04}{7f20}「私も　子供のころは{7f02}洞くつなどで　探検ゴッコをして{7f02}遊んだものですよ。{0000},0x00BE
"",{0000},0x00DD
"",{0000},0x00DD
"",{0000},0x00DE
"",{0000},0x00DE
