"",奇妙な夢の話が　終わったら{7f02}今度は　地獄の帝王が{7f02}復活するというウワサが……。{7f0a}{7f02}いつになったら　安心して{7f02}暮らせるのだろうか……。{7f0b}{0000},0x0018
"",{7f04}ププル「ぼく　ププル。{7f0a}{7f02}{7f04}ププル「ぼくんちの宿屋に泊まると{7f02}おかしな夢が　見られたんだけど{7f02}今はもう　見れないんだ。{7f0a}{7f02}{7f04}ププル「もし　あの夢を{7f02}見るために　来たんだったら{7f02}残念だったね。{7f0b}{0000},0x0053
"",まあまあ　校長先生。{7f0a}{7f02}いつの時代でも{7f02}心配ごとは　つきぬものですわ。{7f02}ねえ　旅の人。{7f0b}{0000},0x00A4
"",子どもさらいの事件が{7f02}終わったと思えば{7f02}今度は変な　夢の話……。{7f0a}{7f02}いつになったら　安心して{7f02}暮らせるのだろうか……。{7f0b}{0000},0x00C8
"",どうして　ププルばかりに{7f02}面白いことが起きるんだろ？{7f02}いいなあ……。{7f0b}{0000},0x00FB
"",{7f04}ププル「ぼく　ププル。{7f0a}{7f02}ププル「今　ぼくんちの宿屋に泊まると{7f02}へんな夢を　見られるよ！{7f02}すごいでしょ！{7f0b}{0000},0x0119
"",ねえ　魔物たちを退治してるの？{7f02}かっこいいなあ！{7f0a}{7f02}ぼくも大きくなったら　魔物に……{7f02}じゃなかった！{7f02}お城の戦士に　なるんだ！{7f0b}{0000},0x0146
"",前の子が　すぐに　ふり向くから{7f02}ぜんぜん　勉強できないや！{7f0b}{0000},0x017C
"",知ってる？　宿屋のププルは{7f02}空を飛んだこと　あるんだよ！{7f02}ぼくも　飛びたかったなあ。{7f0b}{0000},0x0198
"",授業のジャマを　せぬように！{7f02}子どもたちが{7f02}よろこんでしまうではありませんか。{7f0b}{0000},0x01BD
"",やだよ～だ！{7f02}絶対　つかまんないからね！{7f0b}{0000},0x01E0
"",お待ちなさい　待ちなさいったら！{7f02}ああ　もうっ！　誰か{7f02}その子を　つかまえてくださいな。{7f0b}{0000},0x01F3
"",本の間に　校長の日記がはさまっている。{7f02}{7f4b}は　校長の日記を読んだ。{7f0a}{7f02}子供たちは　言うことを聞こうとしない。{7f02}学校や親の目を盗んで　村の外へ出て{7f02}遊びまわってるようだ。{7f0b}{0000},0x0217
"",{7f04}カベには子供たちの絵が{7f02}かけられている。{7f0b}{0000},0x0263
"",{7f04}{7f25}「本当に　世の中に{7f02}心配ごとは　つきないものです。{7f0a}{7f02}{7f04}{7f25}「わたしなんか　姉さんのおかげで{7f02}普通の人の１０倍は{7f02}心配ごとを　かかえているもの。{0000},0x0277
"",{7f04}{7f23}「まこと　人の世に{7f02}心配ごとは　つきぬもの。{7f0a}{7f02}{7f04}{7f23}「わしなど　姫さまのおかげで{7f02}常人の５倍は　心配ごとを{7f02}背負っていますわい。{0000},0x02B2
"",{7f04}{7f20}「結局　どんな時代でも{7f02}その者の心の持ちよう次第{7f02}ということですな。{7f0a}{7f02}{7f04}{7f20}「私のように　何ごとにも{7f02}おびえぬ　平常心を持てば{7f02}心配ごとなど　何もありませぬぞ。{0000},0x02E8
"",{7f04}{7f26}「心配ごとなんて{7f02}踊って　忘れちゃえばいいのよ。{7f0a}{7f02}{7f04}{7f26}「さあ　{7f1f}も{7f02}深刻そうなカオしてないで{7f02}踊りましょうよ！{0000},0x032E
"",{7f04}{7f26}「ナマイキなガキね。{7f02}余計なお世話ってモンだわ。{0000},0x035E
"",{7f04}{7f24}「…………。{7f0a}{7f02}{7f04}{7f24}「……ああ　すいません。{7f02}ちょっと　息子のことを{7f02}思い出してしまって。{7f0a}{7f02}{7f04}{7f24}「ポポロのやつ{7f02}元気にしてるかなあ……。{0000},0x0379
"",{7f04}{7f20}「あの子は　以前の事件で{7f02}魔物にさらわれた子どもなんです。{7f0a}{7f02}{7f04}{7f20}「相変わらず{7f02}元気そうで　何よりですな。{7f02}子どもは　元気が一番ですよ。{0000},0x03B1
"",{7f04}{7f25}「本当に　世の中に{7f02}心配ごとは　つきないものです。{7f0a}{7f02}{7f04}{7f25}「わたしなんか　姉さんのおかげで{7f02}普通の人の１０倍は{7f02}心配ごとを　かかえているもの。{0000},0x03ED
"",{7f04}{7f23}「まこと　人の世に{7f02}心配ごとは　つきぬもの。{7f0a}{7f02}{7f04}{7f23}「わしなど　姫さまのおかげで{7f02}常人の５倍は　心配ごとを{7f02}背負っていますわい。{0000},0x0428
"",{7f04}{7f22}「とはいえ　今の世の中が{7f02}確実に　悪い方向へ{7f02}向かっているのも　事実です。{7f0a}{7f02}{7f04}{7f22}「われわれの手で{7f02}乱れの原因……地獄の帝王を{7f02}なんとかしなくては……。{0000},0x045E
"",{7f04}{7f20}「結局　どんな時代でも{7f02}その者の心の持ちよう次第{7f02}ということですな。{7f0a}{7f02}{7f04}{7f20}「私のように　何ごとにも{7f02}おびえぬ　平常心を持てば{7f02}心配ごとなど　何もありませぬぞ。{0000},0x04A1
"",{7f04}{7f26}「心配ごとなんて{7f02}踊って　忘れちゃえばいいのよ。{7f0a}{7f02}{7f04}{7f26}「さあ　{7f1f}も{7f02}深刻そうなカオしてないで{7f02}踊りましょうよ！{0000},0x04E6
"",{7f04}{7f24}「…………。{7f0a}{7f02}{7f04}{7f24}「……ああ　すいません。{7f02}ちょっと　息子のことを{7f02}思い出してしまって。{7f0a}{7f02}{7f04}{7f24}「ポポロのやつ{7f02}元気にしてるかなあ……。{0000},0x0517
"",{7f04}{7f22}「子どもは　無邪気ですね。{7f02}あの明るさに{7f02}親も　救われるのでしょう。{0000},0x054F
"",{7f04}{7f20}「あの子は　以前の事件で{7f02}魔物にさらわれた子どもなんです。{7f0a}{7f02}{7f04}{7f20}「相変わらず{7f02}元気そうで　何よりですな。{7f02}子どもは　元気が一番ですよ。{0000},0x056E
"",{7f04}{7f26}「あの子が　成長して{7f02}まちがって　本当に魔物になったら{7f02}親も　泣くでしょうね。{0000},0x05A9
"",{7f04}{7f24}「私　かっこいいなんて{7f02}言われたの　初めてです。{7f02}ちょっと　感動しちゃいましたよ。{0000},0x05CC
"",{7f04}{7f21}「魔物退治だったら{7f02}堅苦しい　お城の戦士なんかに{7f02}ならなくても　できるのに。{7f0a}{7f02}{7f04}{7f21}「武闘家になって{7f02}素手で　魔物と戦う方が{7f02}かっこいいと　思うんだけどな。{0000},0x05EF
"",{7f04}{7f20}「素直な　よい子だな。{7f02}きっと　将来は　立派な{7f02}王宮の戦士になってくれるだろう。{0000},0x0634
