"",ふーむ……。誰ひとり{7f02}夢の内容を　思い出せないとは{7f02}奇妙なこともあるものだな。{7f0b}{0000},0x0018
"",宿屋に泊まると　見られた{7f02}べっぴんさんの夢が{7f02}見られなくなったそうじゃな。{7f0a}{7f02}こんなことなら　一度泊まって{7f02}見ておくんじゃった……。{7f0a}{7f02}はぁ～あ。わしの人生{7f02}いつも　やらなかったことを{7f02}後で　後悔するばっかりじゃ。{7f0a}{7f02}わしのバカ　バカ　バカ……。{7f0b}{0000},0x003B
"",向かいの宿屋も　災難だよな。{7f02}まったく　世の中には{7f02}物好きな客が　いるもんだぜ。{7f0b}{0000},0x00A0
"",イムルの村に　ようこそ！{7f0a}{7f02}少し前まで　この村では{7f02}おかしな夢が　見られたのですが{7f02}それも　過去の話。{7f0a}{7f02}今となっては{7f02}あれは　なんだったのかと{7f02}首を　かしげるばかりです。{7f0b}{0000},0x00C3
"",ぐびぐび　ぷはー。{7f02}星を見ながら　飲む酒は{7f02}最高ですな。{7f0b}{0000},0x0109
"",なんでも　バトランド王家には{7f02}すごく高価な盾が{7f02}伝わっているそうだぜ。{7f0a}{7f02}今でも　あるのかどうかは{7f02}知らないけどな。{7f0b}{0000},0x0126
"",ふーむ……。誰が泊まっても{7f02}同じ夢を見るとは……。{7f02}不思議なこともあるものだな。{7f0b}{0000},0x0157
"",地下の牢屋にいた　おじちゃん{7f02}今ごろ　どうしてるかなあ……。{7f0b}{0000},0x017B
"",宿屋に泊まると　見る夢には{7f02}えらい　べっぴんさんが{7f02}出てくるそうじゃな。{7f0a}{7f02}……ワシも　一度くらい{7f02}泊まってみようかのう。{7f0b}{0000},0x0196
"",なんと　そなたたちは{7f02}{7f20}のお仲間でござるか！？{7f0a}{7f02}では　{7f20}に伝えてくだされ。{7f02}たまには　お城にもどるようにと。{7f0b}{0000},0x01CA
"",やや　{7f20}では　ないか！{7f02}元気そうで　なにより！{7f0a}{7f02}しばらく　おとさたがないので{7f02}王さまも心配しておられたぞ。{7f0b}{0000},0x01F9
"",向かいの宿屋も　災難だよな。{7f02}おはらいでも　頼んだほうが{7f02}いいんじゃないか？{7f0b}{0000},0x0226
"",ここは　学校です。{7f02}今は　まだ　授業中ですよ。{7f0b}{0000},0x0247
"",子どもを　むかえに来たんです。{7f02}もうそろそろ　終わりかしら……。{7f0b}{0000},0x025C
"",イムルの村に　ようこそ！{7f0a}{7f02}今　この村は{7f02}おかしな夢の話で{7f02}持ちきりなんです。{7f0a}{7f02}宿屋に泊まる前に{7f02}いろんな人に{7f02}話を聞いたほうがいいですよ。{7f0b}{0000},0x0278
"",{7f04}{7f25}「あの夢って　たしかに{7f02}{7f32}さんは　出てくるけど{7f02}けっこう　怖い夢ですよね。{7f0a}{7f02}{7f04}{7f25}「あのおじいさん{7f02}それを　わかってるのかしら？{0000},0x02B3
"",{7f04}{7f22}「やらなかったことを{7f02}後で　後悔するばかり……か。{7f0a}{7f02}{7f04}{7f22}「私も　もし　あの日{7f02}姫さまに　ついて来なければ{7f02}きっと　後悔してたでしょうね。{0000},0x02E8
"",{7f04}{7f21}「やらなかったことを{7f02}後になって　後悔する人生なんて{7f02}わたしは　ごめんだわ。{7f0a}{7f02}{7f04}{7f21}「だから　わたしは{7f02}修行の旅にだって　出たし{7f02}武術大会にも　出場したのよ。{0000},0x0322
"",{7f04}{7f20}「あそこまで悔やまれると{7f02}あの老人を　{7f32}どのに{7f02}会わせてやりたい気もしますな。{0000},0x0365
"",{7f04}{7f25}「あの夢は　{7f32}さんの{7f02}{7f31}を　救いたいという思いが{7f02}夢として　現われていたのですね。{7f0a}{7f02}{7f04}{7f25}「そして　今は　その夢も{7f02}役目を終えたというわけですか。{0000},0x0388
"",{7f04}{7f26}「あら。見られなくなるなら{7f02}もう一度くらい{7f02}見ておくんだったわ。{0000},0x03C4
"",{7f04}{7f21}「そっか。{7f02}{7f32}が生き返ったから{7f02}悪夢は　終わったのね。{0000},0x03E0
"",{7f04}{7f20}「これで　この村にも{7f02}ようやく　平和が訪れたわけか。{7f02}いや　よかった　よかった。{0000},0x03F8
"",{7f04}{7f25}「バトランドに伝わる{7f02}秘宝の盾と言うからには{7f02}ただの盾では　ないのでしょうね。{7f0a}{7f02}{7f04}{7f25}「もしかしたら　わたしたちの{7f02}探し求めるモノかもしれません。{0000},0x0419
"",{7f04}{7f23}「なにを　わがサントハイムとて{7f02}秘宝の　ひとつや　ふたつくらい{7f02}ありますぞ。{7f0a}{7f02}{7f04}{7f23}「ええと……た　たしか{7f02}何代か前の王さまは　魔法の杖を{7f02}たくさん　集めていたはず……。{0000},0x0458
"",{7f04}{7f22}「バトランドは　戦士の王国。{7f02}王家の宝に　盾が伝わっていても{7f02}不思議はありませんね。{0000},0x04A3
"",{7f04}{7f20}「その話は　初耳ですが{7f02}さすが　わがバトランド。{7f02}伝統と格式のある王国ですな。{0000},0x04CB
"",{7f04}{7f25}「男の人って　みんな{7f02}ああなのかしら……。{7f02}なんだか　イヤです。{0000},0x04F0
"",{7f04}{7f26}「こんな美人が　目の前に{7f02}いるのに　なに　夢の中の女の{7f02}話なんか　してるのかしら！{7f0a}{7f02}{7f04}{7f26}「失礼しちゃう。{7f02}だいたい　夢の中の相手じゃ{7f02}さわることもできないのよ！{7f0a}{7f02}{7f04}{7f26}「……だからって{7f02}あたしに　さわってきたら{7f02}タダじゃおかないけどね。{0000},0x050B
"",{7f04}{7f22}「見知らぬ美人が{7f02}出てくる夢より　私だったら{7f02}姫さまの夢を　見たいです。{7f0a}{7f02}{7f04}{7f22}「もちろん　夢の中では{7f02}私と姫さまは……。{7f0a}{7f02}{7f04}{7f22}「……あわわ。い　今のは{7f02}聞かなかったことにしてください！{0000},0x056C
"",{7f04}{7f20}「ううむ。{7f02}そういうことなら　私も　宿屋に{7f02}泊まってみねばなりませんな。{7f0a}{7f02}{7f04}{7f20}「あ　いや。別に美女の夢を{7f02}見たいからでなく　皆をまどわす{7f02}夢の正体を　つきとめるためですぞ。{0000},0x05BA
"",{7f04}{7f20}「彼は　私と同じ{7f02}バトランドに仕える戦士なんです。{7f0a}{7f02}{7f04}{7f20}「どうやら　今は{7f02}この村を　魔物から守る役目に{7f02}ついているようですな。{0000},0x0604
"",{7f04}{7f25}「夢というのは　人の思いが{7f02}眠っている人の意識に{7f02}入りこんでくるものだと言います。{7f0a}{7f02}{7f04}{7f25}「そのおかしな夢というのも{7f02}もしかして　だれかの強い思いが{7f02}影響してるのかもしれませんね。{0000},0x063D
"",{7f04}{7f24}「私　夢って{7f02}あんまり　見ないんですよ。{7f02}眠りが　深いのでしょうかな？{0000},0x0687
"",{7f04}{7f23}「まったく　夢ごときで{7f02}大さわぎになるとは{7f02}平和な村ですな。{0000},0x06A5
"",{7f04}{7f20}「おかしな夢？{7f02}かつて　ここに来たには{7f02}そんな話は　聞きませんでしたぞ。{0000},0x06C0
"",{7f04}{7f2e}「イムルって　いい村ですね。{7f02}こんな所で　暮らせたら{7f02}バラいむる人生が　おくれそうです。{7f0a}{7f02}{7f04}{7f2e}「……す　すいません！{7f02}ああ　言うんじゃなかった！{0000},0x06E1
"",{7f04}{7f25}「この村には　なぜか{7f02}不思議なチカラを感じます。{7f02}特に　あの宿屋の辺りに……。{0000},0x071F
"",{7f04}{7f26}「なんだか　パッとしない村ね。{7f02}あたし　こういう地味なとこって{7f02}シュミじゃないな。{0000},0x0742
"",{7f04}{7f24}「この辺りまで　来ると{7f02}ずいぶん　遠い所まで{7f02}旅してきたように思えますね。{7f0a}{7f02}{7f04}{7f24}「でも　地図で見ると{7f02}ここって　意外と　レイクナバから{7f02}近いんですよ。奇妙な感じです。{0000},0x0767
"",{7f04}{7f23}「この村では　以前{7f02}子どもが消える事件が　あったと{7f02}聞いております。{7f0a}{7f02}{7f04}{7f23}「その事件の犯人は{7f02}魔物だったとか……。{7f0a}{7f02}{7f04}{7f23}「やはり　わがサントハイムも{7f02}魔物によって　人が{7f02}消されたのでしょうかな？{0000},0x07B1
"",{7f04}{7f22}「見るからに{7f02}平和そうな　よい村ですね。{7f0a}{7f02}{7f04}{7f22}「きっと　近くにある{7f02}バトランドの戦士たちが{7f02}この村を　守ってるからでしょう。{0000},0x0807
"",{7f04}{7f21}「この村では　前に{7f02}子どもさらいの事件が{7f02}あったんですってね。{7f0a}{7f02}{7f04}{7f21}「子どもをさらうなんて{7f02}許せない！　わたしなら　犯人を{7f02}コテンパンにしてやるわ。{0000},0x083D
"",{7f04}{7f20}「この村では　以前{7f02}子どもが消える事件が{7f02}起こっていました。{7f0a}{7f02}{7f04}{7f20}「事件は　解決しましたが{7f02}今思えば　私が　旅に出たのは{7f02}あの事件が　きっかけでしたな。{0000},0x087D
