"",ベホイミンの脱獄に　手をかした{7f02}キミたちを　責めはしないよ。{7f02}いや　脱獄でなく移民か。{7f0a}{7f02}まあ　どっちにしろ　ヤツも{7f02}だいぶ反省してたようだし　そろそろ{7f02}出してやろうって　思ってたからな。{7f0b}{0000},0x0018
"",牢に入ってるヤツかい？{7f02}食い逃げで　とっつかまったのさ。{7f02}まったく　ずうずうしいヤツだよ。{7f0a}{7f02}いくら　かわいそうだからって{7f02}牢のトビラを　あけてやろうなんて{7f02}思うんじゃないぞ。{7f0b}{0000},0x0065
"",移民にかこつけて　脱獄とは{7f02}しょうもねえ野郎だな。{7f0a}{7f02}ん？　待てよ！？{7f02}ベホイミンが　移民……おおっ！{7f0a}{7f02}これぞ　まさに　ベホ移民！{7f0b}{0000},0x00AD
"",{7f04}ベホイミン「うぃ～　ひっく。{7f0a}{7f02}{7f04}ベホイミン「出来心だったんです。{7f02}もう　食い逃げなんてしませんから{7f02}出して下さいよう　えぐえぐ。{7f0b}{0000},0x00E5
"",{7f04}ベホイミン「うぃ～　ひっく。{7f0a}{7f02}{7f04}ベホイミン「オレは　ベホイミン！{7f02}{7f2b}を探して　旅をしている。{7f0b}{0000},0x011D
"",牢番は　立ったまま　器用に寝ている。{7f0b}{0000},0x0146
"",こっくり　こっくり……。{7f0a}{0000},0x0157
"",だいぶ前に　アレクスとかいうヤツが{7f02}ぶち込まれたのを最後に　ここの牢屋は{7f02}しばらく　使われていないんだ。{7f0a}{7f02}平和で　なによりだが　最近{7f02}足のたくさんある　妙なバケモノが{7f02}盗み食いをするって　通報があってな。{7f0a}{7f02}とっつかまえてやろうとしたが{7f02}なかなか　逃げ足の速いヤツでよ。{7f02}いつもギリギリで　逃げられるんだ。{7f0b}{0000},0x0162
"",{7f04}{7f2e}「オゥ　シット！{7f02}あまりの　すばらしいギャグに{7f02}シットしてしまいました。{0000},0x01E5
"",{7f04}{7f25}「べホ移民……プッ！！{7f02}な　なんでもありません。{7f02}気にしないでくだ……ププッ！{0000},0x0205
"",{7f04}{7f23}「……なんだったのでしょうな{7f02}あれは？　あまりのことに{7f02}思考停止してしまいましたぞ。{0000},0x0227
"",{7f04}{7f20}「……開いたクチが{7f02}ふさがらないとは{7f02}このことなのでしょうな。{0000},0x024A
"",{7f04}{7f26}「なんなのよ　あれは！？{7f02}食い逃げする魔物なんて{7f02}あたし　初めて　見たわ。{0000},0x0266
"",{7f04}{7f24}「う～ん。{7f02}あれだけ変な魔物なら{7f02}見世物にして　金がとれませんかね？{7f0a}{7f02}{7f04}{7f24}「いや　すいません。{7f02}何でも　商売にしようとするのは{7f02}悪いクセですな。{0000},0x0285
"",{7f04}{7f23}「わしも　長いこと{7f02}生きてきましたが　こんな{7f02}人間臭い魔物は　初めて見ますな。{7f0a}{7f02}{7f04}{7f23}「フム。ちょっと{7f02}研究してみたい気がします。{0000},0x02C3
"",{7f04}{7f20}「食い逃げで　つかまるとは{7f02}なんと　情けない魔物だ。{7f0a}{7f02}{7f04}{7f20}「本当に　あの{7f2b}の{7f02}知り合いなのか？　あいつは{7f02}マジメな　ホイミスライムだったぞ。{0000},0x02FC
"",{7f04}{7f25}「べ{7f2b}……変な名前。{0000},0x0338
"",{7f04}{7f26}「なんなのよ　あれは！？{7f02}よっぱらいの魔物なんて{7f02}あたし　初めて　見たわ。{0000},0x0344
"",{7f04}{7f22}「おとなしそうに見えますが{7f02}きっと　凶暴な魔物なのでしょう。{7f0a}{7f02}{7f04}{7f22}「牢に　入れられているのが{7f02}その証拠です。見た目に{7f02}だまされてはいけませんよ。{0000},0x0363
"",{7f04}{7f20}「あやつ　{7f2b}を{7f02}知っておるのか？{7f02}しかし　なぜ牢獄に……？{0000},0x03A1
