"",こん間まで　この宿屋に{7f02}泊まった客は　み～んな{7f02}同じ夢を　見とったとよ。{7f0a}{7f02}それが　いつの間にか{7f02}夢を見なくなって……。{7f0a}{7f02}気がついたら　だ～れも{7f02}夢の内容を　はっきりと{7f02}思い出せなくなったんばい。{7f0b}{0000},0x0018
"",この宿屋で　不思議な夢が{7f02}見られると聞いて{7f02}わざわざ　やって来たのに……！{7f0a}{7f02}わしが　泊まってみたら{7f02}もう　その夢が　見られないとは{7f02}なにごとじゃっ！　プンプン！{7f0b}{0000},0x0067
"",ようやく　あの奇妙な夢を{7f02}見ないようになって{7f02}本当に　安心していたんです。{7f0a}{7f02}そしたら　今度は{7f02}その夢を見にきたっていう{7f02}お客さんに　なじられて……。{7f0a}{7f02}ああ　もう{7f02}あの夢のおかげで　さんざんです！{7f0b}{0000},0x00AB
"",{7f4c}は　深い眠りについた……。{7f02}どうやら　夢を見始めたようだ……。{7f0b}{0000},0x00FB
"",せっかく　おいが{7f02}毎日そうじしても{7f02}だれも　フロに入ってくれんとよ。{7f0a}{7f02}ああ　夢に出てくる　おなごが{7f02}にくらしいばい！{7f0b}{0000},0x0118
"",ここに泊まっていると{7f02}同じ夢ばかり　見るんです。{7f02}ああ　気味が悪い！{7f0b}{0000},0x0149
"",じつは　うちの宿に泊まると{7f02}不思議な夢を見るそうなんです。{7f0a}{7f02}おかげで　お客さんは{7f02}さっぱりで……。とほほ。{7f0b}{0000},0x0167
"",カベには　使い古されたタオルが{7f02}かかっている。手で　ふれてみると{7f02}ちょっと　しめっていた……。{7f0b}{0000},0x0195
"",カベには　かわいた　真新しいタオルが{7f02}かかっている。{7f0b}{0000},0x01BE
"",{7f34}は　バスタブの中に手を入れた。{7f0a}{7f02}なんと　バスタブに張られているのは{7f02}お湯ではなく　水だった！{7f0a}{7f02}フロにつかって　ほてった身体を{7f02}さますためのものだろうか？{7f0b}{0000},0x01D6
"",{7f04}{7f26}「変わった　しゃべり方ね。{7f02}どこの言葉なのかしら？{0000},0x021C
"",{7f04}{7f23}「皆が　夢の内容を{7f02}忘れてしまうとは　不思議ですな。{7f0a}{7f02}{7f04}{7f23}「まあ　あのような夢{7f02}覚えていない方が{7f02}幸せかもしれませんがな。{0000},0x0234
"",{7f04}{7f20}「まあ　夢というものは{7f02}もともと　すぐに{7f02}忘れてしまうものですからな。{7f0a}{7f02}{7f04}{7f20}「私も　よく{7f02}夢の内容が　思い出せずに{7f02}もどかしい思いをします。{0000},0x0268
"",{7f04}{7f25}「あの人　あの夢を見て{7f02}どうしようと言うんでしょうか？{7f0a}{7f02}{7f04}{7f25}「わたしは　{7f32}さんの{7f02}必死のメッセージに　好奇心だけで{7f02}ふれてほしくないと思います。{0000},0x02A1
"",{7f04}{7f24}「やれやれ。{7f02}世の中　ままならぬものですな。{0000},0x02E1
"",{7f04}{7f21}「わざわざ　あの夢を{7f02}見るために　やってくるなんて{7f02}ヒマな人がいるのね。{0000},0x02F5
"",{7f04}{7f26}「ついてない人って{7f02}いるものね。なんだか　近づくと{7f02}不幸が　うつりそうな気がするわ。{0000},0x0313
"",{7f04}{7f24}「やれやれ。{7f02}世の中　ままならぬものですな。{0000},0x0337
"",{7f04}{7f23}「{7f32}どのも　自分の夢が{7f02}宿屋の主人を　不幸にしてるとは{7f02}思いもよらんでしょうな。{7f0a}{7f02}{7f04}{7f23}「このことは　われらの胸に{7f02}しまっておきましょうぞ。{0000},0x034B
"",{7f04}{7f21}「わざわざ　あの夢を{7f02}見るために　やってくるなんて{7f02}ヒマな人がいるのね。{0000},0x0386
"",{7f04}{7f20}「う～む。{7f02}つくづく　ついてない御仁ですな。{7f02}少々　同情しますぞ。{0000},0x03A5
"",{7f04}{7f25}「人の犯した罪が{7f02}魔族の若者を　人を滅ぼす{7f02}悪鬼へと　変えたのですね。{7f0a}{7f02}{7f04}{7f25}「なんて　悲しい話でしょう。{7f02}われわれが戦う相手は{7f02}人の罪　そのものなのですね。{0000},0x03C3
"",{7f04}{7f26}「ちょっと　今朝の夢は{7f02}ハードな内容だったわね。{7f0a}{7f02}{7f04}{7f26}「でも　あたしは{7f32}を{7f02}いじめてないし　他の多くの{7f02}人間だって　同じだわ。{7f0a}{7f02}{7f04}{7f26}「だから　そんな理由で{7f02}滅ぼされるなんて　納得できない。{7f02}あたしは　断固　戦うわよ！{0000},0x0408
"",{7f04}{7f24}「{7f31}が　{7f32}のために{7f02}戦ったように　私は　私の家族を{7f02}守るために　戦うだけです。{7f0a}{7f02}{7f04}{7f24}「ええ　それだけですとも……。{0000},0x0466
"",{7f04}{7f22}「欲に走った人間と{7f02}愛のために　わが身を滅ぼしても{7f02}復讐をちかう魔族。{7f0a}{7f02}{7f04}{7f22}「私には　もう{7f02}どちらが　正しいのか{7f02}わからなくなりました……。{0000},0x0498
"",{7f04}{7f21}「なんてこと……。{7f02}人間は　自分の手で{7f02}滅びの運命を　選んだの？{7f0a}{7f02}{7f04}{7f21}「……いいえ。{7f02}わたしが　そんなことさせない！{7f02}必ず　{7f31}を止めてみせるわ！{0000},0x04D6
"",{7f04}{7f20}「あの者に　同情はしますが{7f02}われら人間も　おとなしく{7f02}滅ぼされるわけにはいかんのです。{7f0a}{7f02}{7f04}{7f20}「デス{7f31}が　人を{7f02}滅ぼそうとする限り　こちらも{7f02}命をかけて　戦わねばなりませんぞ。{0000},0x0515
"",{7f04}{7f23}「悲しいことじゃが{7f02}人は　あやまちを犯すもの。{7f0a}{7f02}{7f04}{7f23}「そして　そのあやまちを{7f02}正すことができるのも　やはり{7f02}人間だけなのでしょうな。{7f0a}{7f02}{7f04}{7f23}「{7f1f}どの。{7f02}われらは　何としても{7f02}デス{7f31}を　止めねばなりまぬ。{0000},0x0560
"",{7f04}{7f25}「あの夢からは{7f02}エルフの少女の　強い思いを{7f02}感じました。{7f0a}{7f02}{7f04}{7f25}「われわれの旅の目的とも{7f02}関係ありそうですし{7f02}できれば　会ってみたいですね。{0000},0x05B5
"",{7f04}{7f26}「夢の中に出てきた{7f02}男の人　なかなか{7f02}カッコ良かったわね。{7f0a}{7f02}{7f04}{7f26}「でも　あの様子じゃ{7f02}ふたりは　デキてるみたいだし……。{7f0a}{7f02}{7f04}{7f26}「あ～あ。いい男って{7f02}たいがい　売約済みなのよね。{0000},0x05F3
"",{7f04}{7f24}「夢の中で　男が{7f02}吹いていた笛の音……{7f02}妙に　耳にのこっています。{7f0a}{7f02}{7f04}{7f24}「どうも　やはり{7f02}ただの夢では　ないようですな。{0000},0x063F
"",{7f04}{7f22}「今朝のあの夢は{7f02}なんだったのでしょうか？{7f0a}{7f02}{7f04}{7f22}「深い悲しみと　強い祈りを{7f02}感じさせるような……とても{7f02}ただの夢とは　思えません。{0000},0x0671
"",{7f04}{7f21}「あの夢の中に{7f02}出てきた　男の人{7f02}デス{7f31}と言っていたわ！{7f0a}{7f02}{7f04}{7f21}「デス{7f31}……{7f02}忘れられない名前よ。{7f02}やっぱり　ただの夢じゃないわね。{0000},0x06A9
"",{7f04}{7f20}「あの{7f31}とかいう者{7f02}人間を　滅ぼすなどと{7f02}言っておりましたな。{7f0a}{7f02}{7f04}{7f20}「おのれ！{7f02}この{7f20}が　必ずや{7f02}邪悪な魔族を　倒してくれるぞ！{0000},0x06E2
"",{7f04}{7f23}「もしや　{7f1f}どのも{7f02}あの夢を　見たのですかな？{7f0a}{7f02}{7f04}{7f23}「ううむ。全員が同じ夢を{7f02}見るとは　なんと面妖な！{0000},0x071B
"",{7f04}{7f2e}「なるほど　確かに{7f02}きれいに　そうじされてますね。{7f0a}{7f02}{7f04}{7f2e}「あの男　ひょっとして{7f02}フロそうじのプロですね！？{0000},0x0748
"",{7f04}{7f26}「変わった　しゃべり方ね。{7f02}どこの言葉なのかしら？{0000},0x0777
"",{7f04}{7f26}「そんなこと{7f02}旅人である　あたしたちにまで{7f02}告白することないのに……。{7f0a}{7f02}{7f04}{7f26}「正直者は　商売がヘタね。{7f02}……ん？　てことは　成功してる{7f02}{7f24}って　ひょっとして……？{0000},0x078F
"",{7f04}{7f24}「いっそのこと{7f02}不思議な夢が　見られることを{7f02}ウリにしてみれば　よいのでは？{7f0a}{7f02}{7f04}{7f24}「商売というのは{7f02}発想の転換が　大切なんですよ。{0000},0x07D5
"",{7f04}{7f23}「ふふん。泣き言を。{7f02}この宿屋自体に　魅力がないから{7f02}客がいなくなるのじゃよ。{0000},0x0810
"",{7f04}{7f21}「なんだか　かわいそうね。{7f02}仕方ないから　わたしたちだけでも{7f02}ここに　泊まってあげましょうよ。{0000},0x0834
"",{7f04}{7f20}「う～む。{7f02}つくづく　ついてない御仁ですな。{7f02}少々　同情しますぞ。{0000},0x085B
