"",わたしは{7f02}ブランカの国よりまいった{7f02}旅の尼でございます。{7f0a}{7f02}かの地　ブランカでは{7f02}木こりの若者に恋をした{7f02}天女が　いたとか。{7f0a}{7f02}天女とは{7f02}天空を　住みかとする女。{7f0a}{7f02}裏庭の立て札に書いてある話と{7f02}なにか　関係が{7f02}あるのでしょうか……。{7f0b}{0000},0x0018
"",慈愛の笑みをうかべた　女神像だ。{7f0b}{0000},0x0072
"",{7f04}{7f23}「あの立て札は　いつのまにか{7f02}このサランに　あったのです。{7f02}じいも　くわしいことは知りません。{0000},0x0081
"",{7f04}{7f21}「前から　ずっと{7f02}気になってたのよ。{7f02}町の　裏庭の　立て札。{7f0a}{7f02}{7f04}{7f21}「でも　どこを通れば{7f02}立て札のある場所まで{7f02}行けるのかしら？{0000},0x00A6
"",{7f04}{7f26}「そういえば　どこかで{7f02}そんな話を　聞いたような{7f02}聞かなかったような？{7f0a}{7f02}{7f04}{7f26}「まっ　どっちでもいいわ。{7f02}とにかく　裏庭の立て札を{7f02}見に行ってみましょっ！{0000},0x00D8
