"",すやすや……。{7f0b}{0000},0x0018
"",しくしく……。あの　やさしい{7f02}王さまも　サントハイムの人たちも{7f02}今は　もう　いないのですね……。{7f0b}{0000},0x001E
"",なんとか　このシスターを{7f02}なぐさめて　やりたいけどよお……。{7f0a}{7f02}オレは　口べただし{7f02}マローニみたいに　歌もうまくねえ。{7f02}やるせねえぜ……。{7f0b}{0000},0x0044
"",{7f04}{7f23}「若い娘の　寝顔というのは{7f02}いいものですな。ほっほっほ。{0000},0x007C
"",{7f04}{7f24}「しーっ！　しずかに！{7f02}シスターさんが　寝てますよー。{0000},0x0093
"",{7f04}{7f23}「むむ……このように民草を{7f02}なげかせてしまうとは{7f02}王家に仕える者として　失格。{7f0a}{7f02}{7f04}{7f23}「なんとも　口惜しい……。{0000},0x00AA
"",{7f04}{7f21}「悲しいのは　わかるけど{7f02}みんなが　死んだみたいに{7f02}言ってほしくないわ。{7f0a}{7f02}{7f04}{7f21}「だって　きっと……{7f02}そうよ　ぜったい　お父さまたちは{7f02}生きてるはずなんだもの。{0000},0x00D9
"",{7f04}{7f25}「かわいそうに。{7f02}泣きすぎて　目もとが{7f02}はれてしまっていますわ。{0000},0x0117
"",{7f04}{7f22}「落ち込んでいるときは{7f02}ただ　そばにいてくれるだけで{7f02}なぐさめられる　ものです。{7f0a}{7f02}{7f04}{7f22}「あの方のやさしい心は{7f02}きっと　シスターにも{7f02}伝わっていますよ。{0000},0x0132
"",{7f04}{7f26}「顔は　ブサイクだけど{7f02}けっこう　泣かせるじゃん。{7f02}やっぱ男は　ハートよね！{0000},0x016F
